# Blender 4.4.0
# www.blender.org
mtllib Balista_Tartak_Kamieniolom.mtl
o Cylinder.034
v -0.441864 1.314114 0.845614
v -0.441146 1.315672 0.843815
v -0.439500 1.315107 0.845614
v -0.423746 1.348912 0.845614
v -0.425399 1.349463 0.843815
v -0.424667 1.351015 0.845614
v -0.652418 1.385318 0.845614
v -0.651686 1.386871 0.843815
v -0.635221 1.422219 0.845614
v -0.635938 1.420661 0.843815
v -0.441864 1.314114 1.154386
v -0.439500 1.315107 1.154386
v -0.441146 1.315672 1.156185
v -0.424667 1.351015 1.154386
v -0.425399 1.349463 1.156185
v -0.423746 1.348912 1.154386
v -0.652418 1.385318 1.154386
v -0.651686 1.386871 1.156185
v -0.635938 1.420661 1.156185
v -0.635221 1.422219 1.154386
v -0.648029 1.383661 1.050268
v -0.651018 1.384819 1.047819
v -0.648029 1.383661 1.053855
v -0.652418 1.385318 1.057443
v -0.649411 1.384213 1.054991
v -0.648009 1.383714 1.051414
v -0.648009 1.383714 1.052709
v -0.648029 1.383661 0.946145
v -0.651018 1.384819 0.943696
v -0.648029 1.383661 0.949732
v -0.652418 1.385318 0.953320
v -0.649411 1.384213 0.950867
v -0.648009 1.383714 0.947291
v -0.648009 1.383714 0.948586
v -0.635221 1.422219 0.953320
v -0.633200 1.419996 0.950588
v -0.633759 1.420937 0.951307
v -0.633200 1.419996 0.945289
v -0.634497 1.421748 0.943572
v -0.630877 1.416393 0.948864
v -0.631040 1.415916 0.947614
v -0.635221 1.422219 1.057443
v -0.633200 1.419996 1.054711
v -0.633759 1.420937 1.055431
v -0.633200 1.419996 1.049412
v -0.634497 1.421748 1.047695
v -0.630877 1.416393 1.052987
v -0.631040 1.415916 1.051737
v -0.441864 1.314114 0.953320
v -0.439500 1.315107 0.953320
v -0.442867 1.315322 0.951479
v -0.439668 1.316719 0.951473
v -0.440118 1.317636 0.944966
v -0.443201 1.316264 0.944955
v -0.442380 1.314538 0.943524
v -0.439443 1.315797 0.943526
v -0.446521 1.324090 0.948517
v -0.443783 1.325574 0.947771
v -0.441864 1.314114 1.057443
v -0.439500 1.315107 1.057443
v -0.442867 1.315322 1.055602
v -0.439668 1.316719 1.055596
v -0.440118 1.317636 1.049090
v -0.443201 1.316264 1.049078
v -0.442380 1.314538 1.047647
v -0.439443 1.315797 1.047649
v -0.446521 1.324090 1.052640
v -0.443783 1.325574 1.051894
v -0.427021 1.350487 1.049697
v -0.425705 1.347812 1.049653
v -0.425343 1.351050 1.047737
v -0.424164 1.348471 1.047730
v -0.424667 1.351015 1.057443
v -0.423746 1.348912 1.057443
v -0.424879 1.348070 1.055307
v -0.426203 1.350857 1.055284
v -0.428750 1.349812 1.053287
v -0.427865 1.347162 1.053394
v -0.428189 1.347390 1.051579
v -0.428889 1.349408 1.051620
v -0.427021 1.350487 0.945574
v -0.425705 1.347812 0.945530
v -0.425343 1.351050 0.943613
v -0.424164 1.348471 0.943607
v -0.424667 1.351015 0.953320
v -0.423746 1.348912 0.953320
v -0.424879 1.348070 0.951184
v -0.426203 1.350857 0.951161
v -0.428750 1.349812 0.949164
v -0.427865 1.347162 0.949271
v -0.428189 1.347390 0.947456
v -0.428889 1.349408 0.947497
v -1.149140 1.314114 0.422230
v -1.150877 1.315672 0.421488
v -1.149140 1.315107 0.419784
v -1.149140 1.348912 0.403476
v -1.150877 1.349463 0.405187
v -1.149140 1.351015 0.404429
v -1.149140 1.385318 0.640191
v -1.150877 1.386871 0.639433
v -1.149140 1.422219 0.622389
v -1.150877 1.420661 0.623132
v -0.850860 1.314114 0.422230
v -0.850860 1.315107 0.419784
v -0.849123 1.315672 0.421488
v -0.850860 1.351015 0.404429
v -0.849123 1.349463 0.405187
v -0.850860 1.348912 0.403476
v -0.850860 1.385318 0.640191
v -0.849123 1.386871 0.639433
v -0.849123 1.420661 0.623132
v -0.850860 1.422219 0.622389
v -0.951440 1.383661 0.635648
v -0.953806 1.384819 0.638741
v -0.947975 1.383661 0.635648
v -0.944509 1.385318 0.640191
v -0.946878 1.384213 0.637078
v -0.950333 1.383714 0.635627
v -0.949082 1.383714 0.635627
v -1.052024 1.383661 0.635648
v -1.054391 1.384819 0.638741
v -1.048560 1.383661 0.635648
v -1.045094 1.385318 0.640191
v -1.047463 1.384213 0.637079
v -1.050918 1.383714 0.635627
v -1.049667 1.383714 0.635627
v -1.045094 1.422219 0.622389
v -1.047733 1.419996 0.620297
v -1.047038 1.420937 0.620876
v -1.052852 1.419996 0.620297
v -1.054510 1.421748 0.621640
v -1.049398 1.416393 0.617893
v -1.050606 1.415916 0.618061
v -0.944509 1.422219 0.622389
v -0.947148 1.419996 0.620297
v -0.946453 1.420937 0.620876
v -0.952267 1.419996 0.620297
v -0.953926 1.421748 0.621640
v -0.948813 1.416393 0.617893
v -0.950021 1.415916 0.618061
v -1.045094 1.314114 0.422230
v -1.045094 1.315107 0.419784
v -1.046872 1.315322 0.423269
v -1.046878 1.316719 0.419957
v -1.053163 1.317636 0.420423
v -1.053175 1.316264 0.423614
v -1.054557 1.314538 0.422765
v -1.054555 1.315797 0.419724
v -1.050471 1.324632 0.426884
v -1.050454 1.325574 0.424217
v -0.944509 1.314114 0.422230
v -0.944509 1.315107 0.419784
v -0.946287 1.315322 0.423269
v -0.946293 1.316719 0.419957
v -0.952578 1.317636 0.420423
v -0.952590 1.316264 0.423614
v -0.953972 1.314538 0.422765
v -0.953970 1.315797 0.419724
v -0.949529 1.324632 0.426884
v -0.949869 1.325574 0.424217
v -0.951992 1.350487 0.406865
v -0.952035 1.347812 0.405503
v -0.953886 1.351050 0.405128
v -0.953892 1.348471 0.403908
v -0.944509 1.351015 0.404429
v -0.944509 1.348912 0.403476
v -0.946572 1.348070 0.404648
v -0.946594 1.350857 0.406018
v -0.948524 1.349812 0.408655
v -0.948420 1.347162 0.407739
v -0.950173 1.347390 0.408075
v -0.950134 1.349408 0.408799
v -1.052577 1.350487 0.406865
v -1.052619 1.347812 0.405503
v -1.054471 1.351050 0.405128
v -1.054476 1.348471 0.403908
v -1.045094 1.351015 0.404429
v -1.045094 1.348912 0.403476
v -1.047157 1.348070 0.404648
v -1.047179 1.350857 0.406018
v -1.049109 1.349812 0.408655
v -1.049005 1.347162 0.407739
v -1.050758 1.347390 0.408075
v -1.050718 1.349408 0.408799
v -1.149140 1.314114 1.577770
v -1.149140 1.315107 1.580216
v -1.150877 1.315672 1.578512
v -1.149140 1.348912 1.596524
v -1.149140 1.351015 1.595572
v -1.150877 1.349462 1.594813
v -1.149140 1.385318 1.359809
v -1.150877 1.386871 1.360567
v -1.149140 1.422219 1.377611
v -1.150877 1.420661 1.376868
v -0.850860 1.314114 1.577770
v -0.849123 1.315672 1.578512
v -0.850860 1.315107 1.580216
v -0.850860 1.351015 1.595572
v -0.850860 1.348912 1.596524
v -0.849123 1.349462 1.594813
v -0.849123 1.386871 1.360567
v -0.850860 1.385318 1.359809
v -0.850860 1.422219 1.377611
v -0.849123 1.420661 1.376868
v -0.951440 1.383661 1.364352
v -0.954906 1.385318 1.359809
v -0.952537 1.384213 1.362922
v -0.944509 1.385318 1.359809
v -0.947975 1.383661 1.364352
v -0.949082 1.383714 1.364373
v -0.950333 1.383714 1.364373
v -1.052024 1.383661 1.364352
v -1.055491 1.385318 1.359809
v -1.053122 1.384213 1.362922
v -1.045094 1.385318 1.359809
v -1.048560 1.383661 1.364352
v -1.049667 1.383714 1.364373
v -1.050918 1.383714 1.364373
v -1.047733 1.419996 1.379703
v -1.045094 1.422219 1.377611
v -1.055491 1.422219 1.377611
v -1.053547 1.420937 1.379125
v -1.051187 1.416392 1.382108
v -1.049979 1.415916 1.381939
v -0.947148 1.419996 1.379703
v -0.944509 1.422219 1.377611
v -0.954906 1.422219 1.377611
v -0.952962 1.420937 1.379125
v -0.950602 1.416392 1.382108
v -0.949394 1.415916 1.381939
v -1.045094 1.314114 1.577770
v -1.045094 1.315107 1.580216
v -1.047421 1.317636 1.579577
v -1.047410 1.316264 1.576386
v -1.055491 1.315107 1.580216
v -1.055491 1.314114 1.577770
v -1.053707 1.316719 1.580043
v -1.053713 1.315322 1.576731
v -1.050809 1.325241 1.576274
v -1.050471 1.324632 1.573116
v -0.944509 1.314114 1.577770
v -0.944509 1.315107 1.580216
v -0.946837 1.317636 1.579577
v -0.946825 1.316264 1.576386
v -0.954906 1.315107 1.580216
v -0.954906 1.314114 1.577770
v -0.953122 1.316719 1.580043
v -0.953128 1.315322 1.576731
v -0.950224 1.325241 1.576274
v -0.950266 1.324090 1.572949
v -0.954906 1.351015 1.595572
v -0.954906 1.348912 1.596524
v -0.952843 1.348069 1.595352
v -0.952821 1.350857 1.593982
v -0.947381 1.347812 1.594497
v -0.944509 1.348912 1.596524
v -0.944509 1.351015 1.595572
v -0.947423 1.350487 1.593135
v -0.950995 1.347162 1.592261
v -0.950891 1.349812 1.591344
v -0.949242 1.347390 1.591925
v -0.949281 1.349408 1.591201
v -1.055491 1.351015 1.595572
v -1.055491 1.348912 1.596524
v -1.053428 1.348069 1.595352
v -1.053406 1.350857 1.593982
v -1.047965 1.347812 1.594497
v -1.045094 1.348912 1.596524
v -1.045094 1.351015 1.595572
v -1.048008 1.350487 1.593135
v -1.051579 1.347162 1.592261
v -1.051476 1.349812 1.591344
v -1.049827 1.347390 1.591925
v -1.049866 1.349408 1.591201
v -1.558136 1.314114 1.154387
v -1.558854 1.315672 1.156185
v -1.560500 1.315107 1.154387
v -1.576254 1.348912 1.154387
v -1.574601 1.349462 1.156185
v -1.575333 1.351015 1.154387
v -1.347582 1.385318 1.154387
v -1.348314 1.386871 1.156185
v -1.364779 1.422219 1.154387
v -1.364061 1.420661 1.156185
v -1.558136 1.314114 0.845614
v -1.560500 1.315107 0.845614
v -1.558854 1.315672 0.843815
v -1.575333 1.351015 0.845614
v -1.574601 1.349462 0.843815
v -1.576254 1.348912 0.845614
v -1.347582 1.385318 0.845614
v -1.348314 1.386871 0.843815
v -1.364061 1.420661 0.843815
v -1.364779 1.422219 0.845614
v -1.351971 1.383661 0.949732
v -1.348983 1.384819 0.952181
v -1.351971 1.383661 0.946145
v -1.347582 1.385318 0.942557
v -1.350589 1.384213 0.945009
v -1.351991 1.383714 0.948586
v -1.351991 1.383714 0.947291
v -1.347582 1.385318 1.057443
v -1.351971 1.383661 1.053855
v -1.350589 1.384213 1.054991
v -1.351971 1.383661 1.050269
v -1.348982 1.384819 1.047819
v -1.351991 1.383714 1.052709
v -1.351991 1.383714 1.051414
v -1.366800 1.419996 1.049412
v -1.365503 1.421748 1.047695
v -1.366800 1.419996 1.054711
v -1.364779 1.422219 1.057443
v -1.366241 1.420937 1.055431
v -1.369123 1.416392 1.052987
v -1.368960 1.415916 1.051737
v -1.364779 1.422219 0.942557
v -1.366800 1.419996 0.945289
v -1.366241 1.420937 0.944570
v -1.366800 1.419996 0.950588
v -1.365503 1.421748 0.952305
v -1.369123 1.416392 0.947013
v -1.368960 1.415916 0.948263
v -1.556799 1.316264 1.049078
v -1.559882 1.317636 1.049090
v -1.557620 1.314538 1.047647
v -1.560557 1.315797 1.047649
v -1.558136 1.314114 1.057443
v -1.560500 1.315107 1.057443
v -1.560332 1.316719 1.055596
v -1.557133 1.315322 1.055602
v -1.556691 1.325241 1.052596
v -1.553641 1.324632 1.052247
v -1.558136 1.314114 0.942557
v -1.560500 1.315107 0.942557
v -1.557133 1.315322 0.944398
v -1.560332 1.316719 0.944404
v -1.559882 1.317636 0.950911
v -1.556799 1.316264 0.950922
v -1.557620 1.314538 0.952353
v -1.560557 1.315797 0.952351
v -1.553641 1.324632 0.948124
v -1.556217 1.325574 0.948106
v -1.572980 1.350487 0.950303
v -1.574295 1.347812 0.950347
v -1.574658 1.351050 0.952264
v -1.575836 1.348471 0.952270
v -1.575333 1.351015 0.942557
v -1.576254 1.348912 0.942557
v -1.575121 1.348069 0.944693
v -1.573798 1.350857 0.944716
v -1.571250 1.349812 0.946713
v -1.572135 1.347162 0.946606
v -1.571811 1.347390 0.948421
v -1.571111 1.349408 0.948380
v -1.575333 1.351015 1.057443
v -1.576254 1.348912 1.057443
v -1.573798 1.350857 1.055284
v -1.575121 1.348069 1.055307
v -1.574295 1.347812 1.049653
v -1.572980 1.350487 1.049697
v -1.574658 1.351050 1.047737
v -1.575836 1.348471 1.047730
v -1.572135 1.347162 1.053394
v -1.571250 1.349812 1.053287
v -1.571111 1.349408 1.051620
v -1.571810 1.347390 1.051580
v -0.441864 1.574637 0.845614
v -0.441146 1.576195 0.843815
v -0.439500 1.575630 0.845614
v -0.423746 1.609435 0.845614
v -0.425399 1.609985 0.843815
v -0.424667 1.611538 0.845614
v -0.652418 1.645841 0.845614
v -0.651686 1.647394 0.843815
v -0.635221 1.682742 0.845614
v -0.635938 1.681184 0.843815
v -0.441864 1.574637 1.154386
v -0.439500 1.575630 1.154386
v -0.441146 1.576195 1.156185
v -0.424667 1.611538 1.154386
v -0.425399 1.609985 1.156185
v -0.423746 1.609435 1.154386
v -0.652418 1.645841 1.154386
v -0.651686 1.647394 1.156185
v -0.635938 1.681184 1.156185
v -0.635221 1.682742 1.154386
v -0.648029 1.644184 1.050268
v -0.651018 1.645342 1.047819
v -0.648029 1.644184 1.053855
v -0.652418 1.645841 1.057443
v -0.649411 1.644736 1.054991
v -0.648009 1.644237 1.051414
v -0.648009 1.644237 1.052709
v -0.648029 1.644184 0.946145
v -0.651018 1.645342 0.943696
v -0.648029 1.644184 0.949732
v -0.652418 1.645841 0.953320
v -0.649411 1.644736 0.950867
v -0.648009 1.644237 0.947291
v -0.648009 1.644237 0.948586
v -0.635221 1.682742 0.953320
v -0.633200 1.680519 0.950588
v -0.633759 1.681460 0.951307
v -0.633200 1.680519 0.945289
v -0.634497 1.682271 0.943572
v -0.630877 1.676915 0.948864
v -0.631040 1.676439 0.947614
v -0.635221 1.682742 1.057443
v -0.633200 1.680519 1.054711
v -0.633759 1.681460 1.055431
v -0.633200 1.680519 1.049412
v -0.634497 1.682271 1.047695
v -0.630877 1.676915 1.052987
v -0.631040 1.676439 1.051737
v -0.441864 1.574637 0.953320
v -0.439500 1.575630 0.953320
v -0.442867 1.575845 0.951479
v -0.439668 1.577242 0.951473
v -0.440118 1.578159 0.944966
v -0.443201 1.576787 0.944955
v -0.442380 1.575061 0.943524
v -0.439443 1.576320 0.943526
v -0.446521 1.584613 0.948517
v -0.443783 1.586097 0.947771
v -0.441864 1.574637 1.057443
v -0.439500 1.575630 1.057443
v -0.442867 1.575845 1.055602
v -0.439668 1.577242 1.055596
v -0.440118 1.578159 1.049090
v -0.443201 1.576787 1.049078
v -0.442380 1.575061 1.047647
v -0.439443 1.576320 1.047649
v -0.446521 1.584613 1.052640
v -0.443783 1.586097 1.051894
v -0.427021 1.611010 1.049697
v -0.425705 1.608335 1.049653
v -0.425343 1.611573 1.047737
v -0.424164 1.608994 1.047730
v -0.424667 1.611538 1.057443
v -0.423746 1.609435 1.057443
v -0.424879 1.608592 1.055307
v -0.426203 1.611379 1.055284
v -0.428750 1.610335 1.053287
v -0.427865 1.607685 1.053394
v -0.428189 1.607913 1.051579
v -0.428889 1.609931 1.051620
v -0.427021 1.611010 0.945574
v -0.425705 1.608335 0.945530
v -0.425343 1.611572 0.943613
v -0.424164 1.608994 0.943607
v -0.424667 1.611538 0.953320
v -0.423746 1.609435 0.953320
v -0.424879 1.608592 0.951184
v -0.426203 1.611379 0.951161
v -0.428750 1.610335 0.949164
v -0.427865 1.607685 0.949271
v -0.428189 1.607913 0.947456
v -0.428889 1.609931 0.947497
v -1.149140 1.574637 0.422230
v -1.150877 1.576195 0.421488
v -1.149140 1.575630 0.419784
v -1.149140 1.609435 0.403476
v -1.150877 1.609985 0.405187
v -1.149140 1.611538 0.404429
v -1.149140 1.645841 0.640191
v -1.150877 1.647394 0.639433
v -1.149140 1.682742 0.622389
v -1.150877 1.681184 0.623132
v -0.850860 1.574637 0.422230
v -0.850860 1.575630 0.419784
v -0.849123 1.576195 0.421488
v -0.850860 1.611538 0.404429
v -0.849123 1.609985 0.405187
v -0.850860 1.609435 0.403476
v -0.850860 1.645841 0.640191
v -0.849123 1.647394 0.639433
v -0.849123 1.681184 0.623132
v -0.850860 1.682742 0.622389
v -0.951440 1.644184 0.635648
v -0.953806 1.645342 0.638741
v -0.947975 1.644184 0.635648
v -0.944509 1.645841 0.640191
v -0.946878 1.644736 0.637078
v -0.950333 1.644237 0.635627
v -0.949082 1.644237 0.635627
v -1.052024 1.644184 0.635648
v -1.054391 1.645342 0.638741
v -1.048560 1.644184 0.635648
v -1.045094 1.645841 0.640191
v -1.047463 1.644736 0.637079
v -1.050918 1.644237 0.635627
v -1.049667 1.644237 0.635627
v -1.045094 1.682742 0.622389
v -1.047733 1.680519 0.620297
v -1.047038 1.681460 0.620876
v -1.052852 1.680519 0.620297
v -1.054510 1.682271 0.621640
v -1.049398 1.676915 0.617893
v -1.050606 1.676439 0.618061
v -0.944509 1.682742 0.622389
v -0.947148 1.680519 0.620297
v -0.946453 1.681460 0.620876
v -0.952267 1.680519 0.620297
v -0.953926 1.682271 0.621640
v -0.948813 1.676915 0.617893
v -0.950021 1.676439 0.618061
v -1.045094 1.574637 0.422230
v -1.045094 1.575630 0.419784
v -1.046872 1.575845 0.423269
v -1.046878 1.577242 0.419957
v -1.053163 1.578159 0.420423
v -1.053175 1.576787 0.423614
v -1.054557 1.575061 0.422765
v -1.054555 1.576320 0.419724
v -1.049734 1.584613 0.427051
v -1.050454 1.586097 0.424217
v -0.944509 1.574637 0.422230
v -0.944509 1.575630 0.419784
v -0.946287 1.575845 0.423269
v -0.946293 1.577242 0.419957
v -0.952578 1.578159 0.420423
v -0.952590 1.576787 0.423614
v -0.953972 1.575061 0.422765
v -0.953970 1.576320 0.419724
v -0.949529 1.585155 0.426884
v -0.949869 1.586097 0.424217
v -0.951992 1.611010 0.406865
v -0.952035 1.608335 0.405503
v -0.953886 1.611573 0.405128
v -0.953892 1.608994 0.403908
v -0.944509 1.611538 0.404429
v -0.944509 1.609435 0.403476
v -0.946572 1.608592 0.404648
v -0.946594 1.611379 0.406018
v -0.948524 1.610335 0.408655
v -0.948420 1.607685 0.407739
v -0.950173 1.607913 0.408075
v -0.950134 1.609931 0.408799
v -1.052577 1.611010 0.406865
v -1.052619 1.608335 0.405503
v -1.054471 1.611572 0.405128
v -1.054476 1.608994 0.403908
v -1.045094 1.611538 0.404429
v -1.045094 1.609435 0.403476
v -1.047157 1.608592 0.404648
v -1.047179 1.611379 0.406018
v -1.049109 1.610335 0.408655
v -1.049005 1.607685 0.407739
v -1.050758 1.607913 0.408075
v -1.050718 1.609931 0.408799
v -1.149140 1.574637 1.577770
v -1.149140 1.575630 1.580216
v -1.150877 1.576195 1.578512
v -1.149140 1.609434 1.596524
v -1.149140 1.611538 1.595572
v -1.150877 1.609985 1.594813
v -1.149140 1.645841 1.359809
v -1.150877 1.647393 1.360567
v -1.149140 1.682742 1.377611
v -1.150877 1.681184 1.376868
v -0.850860 1.574637 1.577770
v -0.849123 1.576195 1.578512
v -0.850860 1.575630 1.580216
v -0.850860 1.611538 1.595572
v -0.850860 1.609434 1.596524
v -0.849123 1.609985 1.594813
v -0.849123 1.647393 1.360567
v -0.850860 1.645841 1.359809
v -0.850860 1.682742 1.377611
v -0.849123 1.681184 1.376868
v -0.951440 1.644184 1.364352
v -0.954906 1.645841 1.359809
v -0.952537 1.644736 1.362922
v -0.944509 1.645841 1.359809
v -0.947975 1.644184 1.364352
v -0.949082 1.644237 1.364373
v -0.950333 1.644237 1.364373
v -1.052024 1.644184 1.364352
v -1.055491 1.645841 1.359809
v -1.053122 1.644736 1.362922
v -1.045094 1.645841 1.359809
v -1.048560 1.644184 1.364352
v -1.049667 1.644237 1.364373
v -1.050918 1.644237 1.364373
v -1.047733 1.680519 1.379703
v -1.045094 1.682742 1.377611
v -1.055491 1.682742 1.377611
v -1.053547 1.681459 1.379125
v -1.051187 1.676915 1.382108
v -1.049979 1.676439 1.381939
v -0.947148 1.680519 1.379703
v -0.944509 1.682742 1.377611
v -0.954906 1.682742 1.377611
v -0.952962 1.681459 1.379125
v -0.950602 1.676915 1.382108
v -0.949394 1.676439 1.381939
v -1.045094 1.574637 1.577770
v -1.045094 1.575630 1.580216
v -1.047421 1.578159 1.579577
v -1.047410 1.576787 1.576386
v -1.055491 1.575630 1.580216
v -1.055491 1.574637 1.577770
v -1.053707 1.577242 1.580043
v -1.053713 1.575844 1.576731
v -1.050809 1.585764 1.576274
v -1.050851 1.584613 1.572949
v -0.944509 1.574637 1.577770
v -0.944509 1.575630 1.580216
v -0.946837 1.578159 1.579577
v -0.946825 1.576787 1.576386
v -0.954906 1.575630 1.580216
v -0.954906 1.574637 1.577770
v -0.953122 1.577241 1.580043
v -0.953128 1.575844 1.576731
v -0.950224 1.585764 1.576274
v -0.950266 1.584613 1.572949
v -0.954906 1.611538 1.595572
v -0.954906 1.609434 1.596524
v -0.952843 1.608592 1.595352
v -0.952821 1.611380 1.593982
v -0.947381 1.608335 1.594497
v -0.944509 1.609434 1.596524
v -0.944509 1.611538 1.595572
v -0.947423 1.611010 1.593135
v -0.950995 1.607684 1.592261
v -0.950891 1.610335 1.591344
v -0.949242 1.607913 1.591925
v -0.949281 1.609930 1.591201
v -1.055491 1.611538 1.595572
v -1.055491 1.609434 1.596524
v -1.053428 1.608592 1.595352
v -1.053406 1.611380 1.593982
v -1.047965 1.608335 1.594497
v -1.045094 1.609434 1.596524
v -1.045094 1.611538 1.595572
v -1.048008 1.611010 1.593135
v -1.051579 1.607684 1.592261
v -1.051476 1.610335 1.591344
v -1.049827 1.607913 1.591925
v -1.049866 1.609930 1.591201
v -1.558136 1.574637 1.154387
v -1.558854 1.576195 1.156185
v -1.560500 1.575630 1.154387
v -1.576254 1.609434 1.154387
v -1.574601 1.609985 1.156185
v -1.575333 1.611538 1.154387
v -1.347582 1.645841 1.154387
v -1.348314 1.647394 1.156185
v -1.364779 1.682742 1.154387
v -1.364061 1.681184 1.156185
v -1.558136 1.574637 0.845614
v -1.560500 1.575630 0.845614
v -1.558854 1.576195 0.843815
v -1.575333 1.611538 0.845614
v -1.574601 1.609985 0.843815
v -1.576254 1.609434 0.845614
v -1.347582 1.645841 0.845614
v -1.348314 1.647394 0.843815
v -1.364061 1.681184 0.843815
v -1.364779 1.682742 0.845614
v -1.351971 1.644184 0.949732
v -1.348983 1.645342 0.952181
v -1.351971 1.644184 0.946145
v -1.347582 1.645841 0.942557
v -1.350589 1.644736 0.945009
v -1.351991 1.644237 0.948586
v -1.351991 1.644237 0.947291
v -1.347582 1.645841 1.057443
v -1.351971 1.644184 1.053855
v -1.350589 1.644736 1.054991
v -1.351971 1.644184 1.050269
v -1.348982 1.645342 1.047819
v -1.351991 1.644237 1.052709
v -1.351991 1.644237 1.051414
v -1.366800 1.680519 1.049412
v -1.365503 1.682271 1.047695
v -1.366800 1.680519 1.054711
v -1.364779 1.682742 1.057443
v -1.366241 1.681459 1.055431
v -1.369123 1.676915 1.052987
v -1.368960 1.676439 1.051737
v -1.364779 1.682742 0.942557
v -1.366800 1.680519 0.945289
v -1.366241 1.681459 0.944570
v -1.366800 1.680519 0.950588
v -1.365503 1.682271 0.952305
v -1.369123 1.676915 0.947013
v -1.368960 1.676439 0.948263
v -1.556799 1.576787 1.049078
v -1.559882 1.578159 1.049090
v -1.557620 1.575061 1.047647
v -1.560557 1.576320 1.047649
v -1.558136 1.574637 1.057443
v -1.560500 1.575630 1.057443
v -1.560332 1.577242 1.055596
v -1.557133 1.575845 1.055602
v -1.556691 1.585764 1.052596
v -1.553641 1.585155 1.052247
v -1.558136 1.574637 0.942557
v -1.560500 1.575630 0.942557
v -1.557133 1.575845 0.944398
v -1.560332 1.577242 0.944404
v -1.559882 1.578159 0.950911
v -1.556799 1.576787 0.950922
v -1.557620 1.575061 0.952353
v -1.560557 1.576320 0.952351
v -1.556691 1.585764 0.947404
v -1.553641 1.585155 0.948124
v -1.572980 1.611010 0.950303
v -1.574295 1.608335 0.950347
v -1.574658 1.611573 0.952264
v -1.575836 1.608994 0.952270
v -1.575333 1.611538 0.942557
v -1.576254 1.609434 0.942557
v -1.575121 1.608592 0.944693
v -1.573798 1.611380 0.944716
v -1.571250 1.610335 0.946713
v -1.572135 1.607685 0.946606
v -1.571811 1.607913 0.948421
v -1.571111 1.609931 0.948380
v -1.575333 1.611538 1.057443
v -1.576254 1.609434 1.057443
v -1.573798 1.611379 1.055284
v -1.575121 1.608592 1.055307
v -1.574295 1.608335 1.049653
v -1.572980 1.611010 1.049697
v -1.574658 1.611573 1.047737
v -1.575836 1.608994 1.047730
v -1.572135 1.607685 1.053394
v -1.571250 1.610335 1.053287
v -1.571111 1.609930 1.051620
v -1.571810 1.607913 1.051580
v -0.519634 0.275073 0.554114
v -1.430734 0.274386 0.502736
v -0.519634 0.275301 1.445886
v -1.430734 0.274225 1.497264
v -1.480366 0.274225 1.445886
v -0.569266 0.275073 0.502736
v -0.569266 0.275301 1.497264
v -0.569266 0.275073 0.426317
v -0.437501 0.275055 0.545526
v -0.445812 0.275073 0.554114
v -0.437501 0.275055 0.426315
v -1.480366 0.274386 0.554114
v -1.430734 0.274386 0.426317
v -1.562499 0.274368 0.545526
v -1.554188 0.274386 0.554114
v -1.554191 0.274368 0.417714
v -1.562499 0.274368 0.426315
v -0.560970 0.275283 1.582286
v -0.445812 0.275301 1.445886
v -1.439030 0.274208 1.582286
v -1.554188 0.274225 1.445886
v -1.439030 0.274368 0.417714
v -0.560970 0.275055 0.417714
v -0.445809 0.275055 0.417714
v -1.430734 0.274225 1.573683
v -1.562499 0.274208 1.454474
v -1.554191 0.274208 1.582286
v -1.562499 0.274208 1.573685
v -0.569266 0.275301 1.573683
v -0.437501 0.275283 1.454474
v -0.445809 0.275283 1.582286
v -0.437501 0.275283 1.573685
v -0.598847 0.124300 0.546407
v -0.598847 0.270103 0.546407
v -0.598847 0.277121 0.550691
v -0.602975 0.277121 0.554965
v -0.602800 0.276070 0.550872
v -0.441763 0.108260 1.445035
v -0.450031 0.124300 1.453594
v -0.442868 0.124300 1.449309
v -0.450031 0.270103 1.453594
v -0.450031 0.277121 1.449309
v -0.442868 0.270103 1.449309
v -0.450031 0.124300 0.546407
v -0.441763 0.108260 0.554965
v -0.442868 0.124300 0.550691
v -0.441763 0.270103 0.554965
v -0.450031 0.270103 0.546407
v -0.450031 0.277121 0.550691
v -0.442868 0.270103 0.550691
v -1.549969 0.124300 1.453594
v -1.557132 0.124300 1.449309
v -1.549969 0.270103 1.453594
v -1.549969 0.277121 1.449309
v -1.557132 0.270103 1.449309
v -1.549969 0.124300 0.546407
v -1.558237 0.108260 0.554965
v -1.557132 0.124300 0.550691
v -1.549969 0.278203 0.554965
v -1.558237 0.270103 0.554965
v -1.549969 0.270103 0.546407
v -1.549969 0.277121 0.550691
v -1.557132 0.270103 0.550691
v -1.438179 0.270103 1.569315
v -1.429912 0.270103 1.577874
v -1.434040 0.277121 1.569315
v -1.434040 0.270103 1.576730
v -0.561820 0.108260 1.569315
v -0.565959 0.108260 1.576730
v -0.570088 0.278203 1.569315
v -0.570088 0.270103 1.577874
v -0.561820 0.270103 1.569315
v -0.565959 0.277121 1.569315
v -0.565959 0.270103 1.576730
v -0.561820 0.270103 0.584735
v -0.570088 0.270103 0.593293
v -0.565959 0.277121 0.584735
v -0.570088 0.277121 0.589009
v -0.566134 0.276070 0.588828
v -0.562925 0.270103 0.589009
v -0.565959 0.270103 0.592150
v -1.429912 0.108260 0.422126
v -1.438179 0.124300 0.430685
v -1.434040 0.124300 0.423270
v -1.429912 0.278203 0.430685
v -1.438179 0.270103 0.430685
v -1.434040 0.277121 0.430685
v -1.434040 0.270103 0.423270
v -0.570088 0.278203 0.430684
v -0.570088 0.270103 0.422126
v -0.561820 0.270103 0.430684
v -0.565959 0.277121 0.430684
v -0.565959 0.270103 0.423269
v -0.598847 0.278203 1.445035
v -0.598847 0.278203 0.554965
v -0.450031 0.278203 1.445035
v -0.441763 0.270103 1.445035
v -0.450031 0.278203 0.554965
v -1.401153 0.278203 1.445035
v -1.401153 0.278203 0.554965
v -1.558237 0.108260 1.445035
v -1.549969 0.278203 1.445035
v -1.558237 0.270103 1.445035
v -0.598847 0.278203 1.148345
v -0.598847 0.278203 0.851655
v -0.441763 0.108260 0.851655
v -0.441763 0.108260 1.148345
v -0.450031 0.278203 0.851655
v -0.450031 0.278203 1.148345
v -0.441763 0.270103 1.148345
v -0.441763 0.270103 0.851655
v -1.429912 0.278203 1.415265
v -0.570088 0.278203 1.415265
v -1.429912 0.108260 1.577874
v -1.429912 0.278203 1.569315
v -0.570088 0.108260 1.577874
v -1.429912 0.278203 0.584735
v -0.570088 0.278203 0.584735
v -1.429912 0.270103 0.422126
v -0.570088 0.108260 0.422126
v -1.848556 -0.009050 1.894754
v -1.864348 -0.009050 0.121594
v -0.135652 -0.009050 0.121594
v -1.773951 0.119807 1.801176
v -1.777927 0.111570 0.179051
v -0.222073 0.111570 1.820949
v -0.206948 0.111570 1.805292
v -0.206948 0.111570 0.194708
v -0.151444 -0.009050 1.894754
v -0.135652 -0.009050 1.878406
v -0.151444 -0.009050 0.105247
v -1.864348 -0.009050 1.878406
v -1.848556 -0.009050 0.105246
v -0.226049 0.119807 1.801176
v -0.226049 0.119807 0.198824
v -0.222073 0.111570 0.179051
v -1.777927 0.111570 1.820949
v -1.793052 0.111570 1.805292
v -1.773951 0.119807 0.198824
v -1.793052 0.111570 0.194708
v -1.776322 0.030237 1.460783
v -1.761287 0.032281 1.482249
v -1.764056 0.027299 1.508168
v -1.783005 0.018210 1.523356
v -1.807036 0.010338 1.518917
v -1.822070 0.008293 1.497450
v -1.819302 0.013275 1.471531
v -1.800352 0.022364 1.456343
v -1.953821 0.457386 1.565075
v -1.872066 0.322750 1.490500
v -1.846958 0.326163 1.526351
v -1.851581 0.317844 1.569637
v -1.883229 0.302664 1.595002
v -1.923361 0.289517 1.587588
v -1.948470 0.286103 1.551737
v -1.943847 0.294423 1.508451
v -1.912199 0.309602 1.483086
v -1.772156 0.027126 1.383107
v -1.755121 0.036290 1.400513
v -1.753897 0.037906 1.427030
v -1.769203 0.031026 1.447126
v -1.792071 0.019681 1.449028
v -1.809106 0.010517 1.431622
v -1.810330 0.008901 1.405105
v -1.795024 0.015781 1.385009
v -2.000000 0.442340 1.398348
v -1.910019 0.302824 1.356206
v -1.885069 0.316246 1.381698
v -1.883278 0.318612 1.420536
v -1.905694 0.308536 1.449968
v -1.939187 0.291920 1.452754
v -1.964137 0.278498 1.427261
v -1.965928 0.276132 1.388423
v -1.943512 0.286208 1.358991
v -1.763641 -0.020152 1.331598
v -1.746588 -0.011565 1.349311
v -1.746588 -0.008029 1.375650
v -1.763641 -0.011615 1.395186
v -1.787759 -0.020223 1.396476
v -1.804813 -0.028811 1.378764
v -1.804813 -0.032347 1.352425
v -1.787759 -0.028760 1.332888
v -1.941521 0.416986 1.298520
v -1.866480 0.265760 1.273681
v -1.841502 0.278337 1.299623
v -1.841502 0.283516 1.338199
v -1.866480 0.278263 1.366812
v -1.901802 0.265655 1.368701
v -1.926780 0.253079 1.342760
v -1.926780 0.247900 1.304184
v -1.901802 0.253153 1.275571
v -1.772823 0.029465 1.209821
v -1.755883 0.036699 1.228308
v -1.754990 0.035832 1.254878
v -1.770668 0.027374 1.273969
v -1.793733 0.016279 1.274395
v -1.810674 0.009046 1.255909
v -1.811567 0.009912 1.229338
v -1.795888 0.018370 1.210248
v -1.994377 0.444905 1.265067
v -1.906017 0.308522 1.209834
v -1.881205 0.319116 1.236910
v -1.879898 0.317848 1.275825
v -1.902860 0.305460 1.303785
v -1.936641 0.289210 1.304410
v -1.961452 0.278616 1.277334
v -1.962760 0.279884 1.238419
v -1.939798 0.292272 1.210459
v -0.223678 0.030237 1.460783
v -0.238713 0.032281 1.482249
v -0.235944 0.027299 1.508168
v -0.216995 0.018210 1.523356
v -0.192964 0.010338 1.518917
v -0.177930 0.008293 1.497450
v -0.180698 0.013275 1.471531
v -0.199648 0.022364 1.456343
v -0.046178 0.457386 1.565075
v -0.127934 0.322750 1.490500
v -0.153042 0.326163 1.526351
v -0.148418 0.317844 1.569637
v -0.116771 0.302664 1.595002
v -0.076638 0.289517 1.587588
v -0.051530 0.286103 1.551737
v -0.056154 0.294423 1.508451
v -0.087801 0.309602 1.483086
v -0.216288 0.021293 1.381421
v -0.237884 0.032392 1.389811
v -0.247765 0.038226 1.413583
v -0.240144 0.035377 1.438809
v -0.219485 0.025514 1.450714
v -0.197889 0.014415 1.442324
v -0.188008 0.008581 1.418553
v -0.195629 0.011430 1.393326
v 0.000000 0.442340 1.398348
v -0.073056 0.294281 1.353736
v -0.104685 0.310537 1.366025
v -0.119158 0.319082 1.400840
v -0.107996 0.314909 1.437787
v -0.077738 0.300464 1.455223
v -0.046109 0.284207 1.442935
v -0.031636 0.275663 1.408119
v -0.042798 0.279835 1.371172
v -0.224299 -0.024808 1.329624
v -0.246581 -0.015502 1.338511
v -0.255811 -0.008941 1.362352
v -0.246581 -0.008968 1.387179
v -0.224299 -0.015568 1.398451
v -0.202017 -0.024874 1.389563
v -0.192788 -0.031435 1.365723
v -0.202017 -0.031407 1.340895
v -0.058479 0.416986 1.298520
v -0.115859 0.258941 1.270790
v -0.148493 0.272571 1.283806
v -0.162011 0.282180 1.318723
v -0.148493 0.282140 1.355085
v -0.115859 0.272474 1.371593
v -0.083225 0.258845 1.358577
v -0.069707 0.249235 1.323660
v -0.083225 0.249276 1.287297
v -0.215555 0.024004 1.207392
v -0.237206 0.033923 1.217166
v -0.246858 0.037369 1.241551
v -0.238856 0.032323 1.266262
v -0.217888 0.021741 1.276825
v -0.196237 0.011821 1.267051
v -0.186586 0.008375 1.242666
v -0.194587 0.013422 1.217954
v -0.005623 0.444905 1.265067
v -0.076962 0.300523 1.206277
v -0.108673 0.315051 1.220591
v -0.122808 0.320098 1.256305
v -0.111089 0.312707 1.292498
v -0.080379 0.297209 1.307968
v -0.048669 0.282681 1.293653
v -0.034534 0.277634 1.257939
v -0.046253 0.285025 1.221746
v -1.776322 0.030237 0.676429
v -1.761287 0.032281 0.697896
v -1.764056 0.027299 0.723815
v -1.783005 0.018210 0.739003
v -1.807036 0.010338 0.734563
v -1.822070 0.008293 0.713096
v -1.819302 0.013275 0.687178
v -1.800352 0.022364 0.671990
v -1.953821 0.457386 0.780721
v -1.875222 0.320705 0.712119
v -1.853203 0.323699 0.743559
v -1.857257 0.316403 0.781520
v -1.885011 0.303091 0.803764
v -1.920206 0.291561 0.797262
v -1.942225 0.288567 0.765822
v -1.938171 0.295863 0.727861
v -1.910417 0.309175 0.705617
v -1.772156 0.027126 0.598753
v -1.755121 0.036290 0.616159
v -1.753897 0.037906 0.642677
v -1.769203 0.031026 0.662772
v -1.792071 0.019681 0.664674
v -1.809106 0.010517 0.647269
v -1.810330 0.008901 0.620751
v -1.795024 0.015781 0.600655
v -2.000000 0.442340 0.613994
v -1.910019 0.302824 0.571852
v -1.885069 0.316246 0.597345
v -1.883278 0.318612 0.636182
v -1.905694 0.308536 0.665614
v -1.939187 0.291920 0.668400
v -1.964137 0.278498 0.642907
v -1.965928 0.276132 0.604070
v -1.943512 0.286208 0.574638
v -1.775700 -0.024808 0.545270
v -1.753419 -0.015502 0.554158
v -1.744189 -0.008941 0.577998
v -1.753419 -0.008968 0.602826
v -1.775700 -0.015568 0.614097
v -1.797983 -0.024874 0.605209
v -1.807212 -0.031435 0.581369
v -1.797983 -0.031407 0.556541
v -1.941521 0.416986 0.514166
v -1.884141 0.258941 0.486436
v -1.851507 0.272571 0.499453
v -1.837989 0.282180 0.534369
v -1.851507 0.282140 0.570732
v -1.884141 0.272474 0.587240
v -1.916775 0.258845 0.574223
v -1.930293 0.249235 0.539306
v -1.916775 0.249276 0.502944
v -1.784445 0.024004 0.423038
v -1.762794 0.033923 0.432812
v -1.753142 0.037369 0.457197
v -1.761144 0.032323 0.481908
v -1.782112 0.021741 0.492471
v -1.803763 0.011821 0.482697
v -1.813414 0.008375 0.458312
v -1.805412 0.013422 0.433601
v -1.994377 0.444905 0.480713
v -1.923037 0.300523 0.421923
v -1.891327 0.315051 0.436238
v -1.877192 0.320098 0.471952
v -1.888911 0.312707 0.508144
v -1.919620 0.297209 0.523614
v -1.951331 0.282681 0.509299
v -1.965466 0.277634 0.473585
v -1.953747 0.285025 0.437393
v -0.223678 0.030237 0.676429
v -0.238713 0.032281 0.697896
v -0.235944 0.027299 0.723815
v -0.216995 0.018210 0.739003
v -0.192964 0.010338 0.734563
v -0.177930 0.008293 0.713096
v -0.180698 0.013275 0.687178
v -0.199648 0.022364 0.671990
v -0.046178 0.457386 0.780721
v -0.124778 0.320705 0.712119
v -0.146797 0.323699 0.743559
v -0.142743 0.316403 0.781520
v -0.114989 0.303091 0.803764
v -0.079794 0.291561 0.797262
v -0.057775 0.288567 0.765822
v -0.061829 0.295863 0.727861
v -0.089583 0.309175 0.705617
v -0.227844 0.027126 0.598753
v -0.244879 0.036290 0.616159
v -0.246103 0.037906 0.642677
v -0.230797 0.031026 0.662772
v -0.207929 0.019681 0.664674
v -0.190894 0.010517 0.647269
v -0.189670 0.008901 0.620751
v -0.204976 0.015781 0.600655
v 0.000000 0.442340 0.613994
v -0.089981 0.302824 0.571852
v -0.114931 0.316246 0.597345
v -0.116722 0.318612 0.636182
v -0.094306 0.308536 0.665614
v -0.060813 0.291920 0.668400
v -0.035863 0.278498 0.642907
v -0.034071 0.276132 0.604070
v -0.056488 0.286208 0.574638
v -0.224299 -0.024808 0.545270
v -0.246581 -0.015502 0.554158
v -0.255811 -0.008941 0.577998
v -0.246581 -0.008968 0.602826
v -0.224299 -0.015568 0.614097
v -0.202017 -0.024874 0.605209
v -0.192788 -0.031435 0.581369
v -0.202017 -0.031407 0.556541
v -0.058479 0.416986 0.514166
v -0.115859 0.258941 0.486436
v -0.148493 0.272571 0.499453
v -0.162011 0.282180 0.534369
v -0.148493 0.282140 0.570732
v -0.115859 0.272474 0.587240
v -0.083225 0.258845 0.574223
v -0.069707 0.249235 0.539306
v -0.083225 0.249276 0.502944
v -0.227176 0.029465 0.425467
v -0.244117 0.036699 0.443954
v -0.245010 0.035832 0.470525
v -0.229332 0.027374 0.489615
v -0.206267 0.016279 0.490042
v -0.189326 0.009046 0.471555
v -0.188433 0.009912 0.444984
v -0.204112 0.018370 0.425894
v -0.005623 0.444905 0.480713
v -0.093983 0.308522 0.425481
v -0.118795 0.319116 0.452556
v -0.120102 0.317848 0.491472
v -0.097140 0.305460 0.519431
v -0.063359 0.289210 0.520056
v -0.038548 0.278616 0.492981
v -0.037240 0.279884 0.454065
v -0.060202 0.292272 0.426106
v -1.144757 0.030237 0.205955
v -1.120576 0.032281 0.214697
v -1.097388 0.027299 0.204509
v -1.088776 0.018210 0.181357
v -1.099786 0.010338 0.158804
v -1.123967 0.008293 0.150062
v -1.147155 0.013275 0.160250
v -1.155767 0.022364 0.183402
v -1.099230 0.457386 0.000000
v -1.140136 0.320705 0.097639
v -1.104720 0.323699 0.110443
v -1.070759 0.316403 0.095521
v -1.058146 0.303091 0.061613
v -1.074270 0.291561 0.028582
v -1.109686 0.288567 0.015777
v -1.143648 0.295863 0.030700
v -1.156260 0.309175 0.064608
v -1.215436 0.027126 0.232393
v -1.194438 0.036290 0.244286
v -1.169549 0.037906 0.237883
v -1.155350 0.031026 0.216936
v -1.160157 0.019681 0.193714
v -1.181156 0.010517 0.181821
v -1.206045 0.008901 0.188224
v -1.220244 0.015781 0.209171
v -1.266768 0.442340 0.002093
v -1.279922 0.302824 0.103418
v -1.249168 0.316246 0.120836
v -1.212716 0.318612 0.111459
v -1.191919 0.308536 0.080779
v -1.198960 0.291920 0.046769
v -1.229715 0.278498 0.029350
v -1.266166 0.276132 0.038728
v -1.286963 0.286208 0.069407
v -1.265944 -0.024808 0.244238
v -1.251321 -0.015502 0.263780
v -1.226610 -0.008941 0.266085
v -1.214994 -0.008029 0.259888
v -1.206287 -0.008968 0.249803
v -1.202257 -0.015568 0.224472
v -1.216880 -0.024874 0.204930
v -1.241590 -0.031435 0.202625
v -1.261913 -0.031407 0.218907
v -1.342347 0.416986 0.088748
v -1.351527 0.258941 0.153609
v -1.330111 0.272571 0.182230
v -1.293919 0.282180 0.185605
v -1.276907 0.283516 0.176529
v -1.264154 0.282140 0.161759
v -1.258251 0.272474 0.124659
v -1.279668 0.258845 0.096038
v -1.315859 0.249235 0.092662
v -1.345625 0.249275 0.116509
v -1.381559 0.024004 0.270672
v -1.366297 0.033923 0.289333
v -1.340961 0.037369 0.291900
v -1.320393 0.032323 0.276869
v -1.316641 0.021741 0.253045
v -1.331903 0.011821 0.234383
v -1.357239 0.008375 0.231816
v -1.377807 0.013422 0.246847
v -1.388482 0.444905 0.045946
v -1.422394 0.300523 0.133568
v -1.400041 0.315051 0.160899
v -1.362934 0.320098 0.164659
v -1.332810 0.312707 0.142644
v -1.327315 0.297209 0.107751
v -1.349668 0.282681 0.080420
v -1.386774 0.277634 0.076660
v -1.416898 0.285025 0.098675
v -0.855242 0.030237 1.794045
v -0.879424 0.032281 1.785303
v -0.902612 0.027299 1.795491
v -0.911223 0.018210 1.818643
v -0.900214 0.010338 1.841196
v -0.876033 0.008293 1.849939
v -0.852845 0.013275 1.839750
v -0.844233 0.022364 1.816598
v -0.900770 0.457386 2.000000
v -0.859864 0.320705 1.902361
v -0.895280 0.323699 1.889557
v -0.929241 0.316403 1.904479
v -0.941854 0.303091 1.938388
v -0.925730 0.291561 1.971418
v -0.890314 0.288567 1.984223
v -0.856352 0.295863 1.969300
v -0.843740 0.309175 1.935392
v -0.779684 0.021293 1.778581
v -0.793650 0.032392 1.759577
v -0.818484 0.038226 1.756606
v -0.839639 0.035377 1.771408
v -0.844721 0.025514 1.795312
v -0.830755 0.014415 1.814316
v -0.805922 0.008581 1.817287
v -0.784767 0.011430 1.802485
v -0.733232 0.442340 1.997907
v -0.712932 0.294281 1.912655
v -0.733387 0.310537 1.884822
v -0.769759 0.319082 1.880470
v -0.800741 0.314909 1.902148
v -0.808186 0.300464 1.937159
v -0.787731 0.284207 1.964992
v -0.751359 0.275663 1.969344
v -0.720376 0.279835 1.947665
v -0.739347 -0.020152 1.744372
v -0.760634 -0.011565 1.732548
v -0.785006 -0.008029 1.740113
v -0.798186 -0.011615 1.762633
v -0.792453 -0.020224 1.786918
v -0.771166 -0.028811 1.798742
v -0.746794 -0.032347 1.791177
v -0.733614 -0.028760 1.768656
v -0.657653 0.416986 1.911252
v -0.656221 0.265760 1.829709
v -0.687398 0.278337 1.812393
v -0.723093 0.283516 1.823471
v -0.742397 0.278263 1.856455
v -0.734001 0.265655 1.892023
v -0.702823 0.253079 1.909340
v -0.667128 0.247900 1.898261
v -0.647825 0.253153 1.865277
v -0.624026 0.029465 1.718503
v -0.645998 0.036699 1.707014
v -0.670841 0.035832 1.713760
v -0.684002 0.027374 1.734788
v -0.677773 0.016279 1.757781
v -0.655802 0.009046 1.769270
v -0.630959 0.009912 1.762524
v -0.617797 0.018370 1.741496
v -0.611518 0.444905 1.954054
v -0.585787 0.308522 1.850577
v -0.617966 0.319116 1.833750
v -0.654351 0.317848 1.843630
v -0.673628 0.305460 1.874428
v -0.664505 0.289210 1.908104
v -0.632326 0.278616 1.924931
v -0.595941 0.279884 1.915051
v -0.576663 0.292272 1.884253
v -1.152568 0.026796 1.804308
v -1.133523 0.032163 1.787371
v -1.107887 0.030573 1.788154
v -1.090677 0.022958 1.806198
v -1.091975 0.013778 1.830933
v -1.111020 0.008412 1.847870
v -1.136656 0.010001 1.847087
v -1.153866 0.017616 1.829043
v -1.099230 0.457386 2.000000
v -1.151576 0.315666 1.917393
v -1.123682 0.323526 1.892587
v -1.086136 0.321198 1.893733
v -1.060930 0.310045 1.920160
v -1.062831 0.296600 1.956387
v -1.090724 0.288740 1.981193
v -1.128271 0.291069 1.980047
v -1.153476 0.302222 1.953620
v -1.215436 0.027126 1.767607
v -1.194438 0.036290 1.755714
v -1.169549 0.037906 1.762117
v -1.155350 0.031026 1.783064
v -1.160157 0.019681 1.806286
v -1.181156 0.010517 1.818179
v -1.206045 0.008901 1.811776
v -1.220244 0.015781 1.790829
v -1.266768 0.442340 1.997907
v -1.279922 0.302824 1.896582
v -1.249168 0.316246 1.879164
v -1.212716 0.318612 1.888541
v -1.191919 0.308536 1.919221
v -1.198960 0.291920 1.953231
v -1.229715 0.278498 1.970650
v -1.266166 0.276132 1.961272
v -1.286963 0.286208 1.930593
v -1.265944 -0.024808 1.755762
v -1.251321 -0.015502 1.736220
v -1.226610 -0.008941 1.733915
v -1.206287 -0.008968 1.750197
v -1.202257 -0.015568 1.775528
v -1.216880 -0.024874 1.795070
v -1.241590 -0.031435 1.797375
v -1.261913 -0.031407 1.781093
v -1.342347 0.416986 1.911252
v -1.351527 0.258941 1.846391
v -1.330111 0.272571 1.817770
v -1.293919 0.282180 1.814394
v -1.264154 0.282140 1.838241
v -1.258251 0.272474 1.875341
v -1.279668 0.258845 1.903962
v -1.315859 0.249235 1.907338
v -1.345625 0.249275 1.883491
v -1.381559 0.024004 1.729328
v -1.366297 0.033923 1.710667
v -1.340961 0.037369 1.708100
v -1.320393 0.032323 1.723131
v -1.316641 0.021741 1.746956
v -1.331903 0.011821 1.765617
v -1.357239 0.008375 1.768184
v -1.377807 0.013422 1.753153
v -1.388482 0.444905 1.954054
v -1.422394 0.300523 1.866432
v -1.400041 0.315051 1.839101
v -1.362934 0.320098 1.835341
v -1.332810 0.312707 1.857356
v -1.327315 0.297209 1.892249
v -1.349668 0.282681 1.919580
v -1.386774 0.277634 1.923340
v -1.416898 0.285025 1.901326
v -0.634000 0.906353 0.569748
v -0.655222 1.184539 0.591720
v -0.646137 1.045320 0.582314
v -1.415631 0.906353 0.621125
v -1.366000 0.906353 0.569748
v -1.353863 1.045320 0.582314
v -0.584369 0.906353 1.378875
v -1.403492 1.045320 1.366311
v -0.605593 1.184539 0.643094
v -1.415631 0.906353 1.378875
v -1.353863 1.045320 1.417686
v -0.655222 1.184539 1.408280
v -0.646137 1.045320 1.417686
v -0.596507 1.045320 1.366311
v -1.344778 1.184539 0.591720
v -1.394406 1.184539 0.643094
v -1.403492 1.045320 0.633689
v -1.366000 0.906353 1.430252
v -1.394406 1.184539 1.356906
v -0.584369 0.906353 0.621125
v -0.596507 1.045320 0.633689
v -1.344778 1.184539 1.408280
v -0.634000 0.906353 1.430252
v -0.605593 1.184539 1.356906
v -0.487336 0.404953 0.885893
v -0.487658 0.119387 1.051596
v -0.487336 0.119387 1.064723
v -0.490615 0.119387 1.057978
v -0.487336 0.119387 0.992476
v -0.488536 0.119387 0.996372
v -0.487336 0.119387 1.007524
v -0.490615 0.119387 1.000778
v -0.487336 0.119387 0.935277
v -0.488536 0.119387 0.946429
v -0.490615 0.119387 0.942023
v -0.488536 0.405229 0.946429
v -0.487336 0.405229 0.935277
v -0.490615 0.405229 0.942023
v -0.487336 0.405229 1.007524
v -0.487336 0.405229 0.992476
v -0.488536 0.405229 0.996372
v -0.490615 0.405229 1.000778
v -0.487336 0.405229 1.064723
v -0.487658 0.405229 1.051596
v -0.490615 0.405229 1.057978
v -0.489066 0.251859 1.094561
v -0.489066 0.254955 1.097832
v -0.489066 0.269660 1.097832
v -0.489066 0.272756 1.094561
v -0.489066 0.251859 1.079024
v -0.489066 0.254955 1.075753
v -0.489066 0.272756 1.079024
v -0.489066 0.269660 1.075753
v -0.474056 0.251859 1.094561
v -0.470897 0.254955 1.094561
v -0.474056 0.254955 1.097832
v -0.474056 0.272756 1.094561
v -0.474056 0.269660 1.097832
v -0.470897 0.269660 1.094561
v -0.474056 0.251859 1.079024
v -0.474056 0.254955 1.075753
v -0.470897 0.254955 1.079024
v -0.474056 0.272756 1.079024
v -0.470897 0.269660 1.079024
v -0.474056 0.269660 1.075753
v -0.480501 0.224556 1.086792
v -0.477280 0.226378 1.086792
v -0.477280 0.230021 1.086792
v -0.480501 0.231843 1.086792
v -0.483721 0.230021 1.086792
v -0.483721 0.226378 1.086792
v -0.480501 0.226996 1.077169
v -0.477280 0.228574 1.078131
v -0.477280 0.231729 1.080056
v -0.480501 0.233307 1.081018
v -0.483721 0.231729 1.080056
v -0.483721 0.228574 1.078131
v -0.480501 0.233664 1.070124
v -0.477280 0.234575 1.071791
v -0.477280 0.236397 1.075124
v -0.480501 0.237308 1.076791
v -0.483721 0.236397 1.075124
v -0.483721 0.234575 1.071791
v -0.480501 0.242773 1.067545
v -0.477280 0.242773 1.069470
v -0.477280 0.242773 1.073319
v -0.480501 0.242773 1.075244
v -0.483721 0.242773 1.073319
v -0.483721 0.242773 1.069470
v -0.480501 0.251881 1.070124
v -0.477280 0.250970 1.071791
v -0.477280 0.249149 1.075124
v -0.480501 0.248238 1.076791
v -0.483721 0.249149 1.075124
v -0.483721 0.250970 1.071791
v -0.480501 0.258549 1.077169
v -0.477280 0.256972 1.078131
v -0.477280 0.253816 1.080056
v -0.480501 0.252239 1.081018
v -0.483721 0.253816 1.080056
v -0.483721 0.256972 1.078131
v -0.480501 0.260990 1.086792
v -0.477280 0.259168 1.086792
v -0.477280 0.255525 1.086792
v -0.480501 0.253703 1.086792
v -0.483721 0.255525 1.086792
v -0.483721 0.259168 1.086792
v -0.480501 0.258549 1.096416
v -0.477280 0.256972 1.095454
v -0.477280 0.253816 1.093529
v -0.480501 0.252239 1.092567
v -0.483721 0.253816 1.093529
v -0.483721 0.256972 1.095454
v -0.480501 0.251881 1.103461
v -0.477280 0.250970 1.101794
v -0.477280 0.249149 1.098461
v -0.480501 0.248238 1.096794
v -0.483721 0.249149 1.098461
v -0.483721 0.250970 1.101794
v -0.480501 0.242773 1.106040
v -0.477280 0.242773 1.104115
v -0.477280 0.242773 1.100266
v -0.480501 0.242773 1.098341
v -0.483721 0.242773 1.100266
v -0.483721 0.242773 1.104115
v -0.480501 0.233664 1.103461
v -0.477280 0.234575 1.101794
v -0.477280 0.236397 1.098461
v -0.480501 0.237308 1.096794
v -0.483721 0.236397 1.098461
v -0.483721 0.234575 1.101794
v -0.480501 0.226996 1.096416
v -0.477280 0.228574 1.095454
v -0.477280 0.231729 1.093529
v -0.480501 0.233307 1.092567
v -0.483721 0.231729 1.093529
v -0.483721 0.228574 1.095454
v -1.366599 1.411667 0.808603
v -1.358511 1.480886 0.808603
v -1.366599 1.411667 0.638719
v -1.358511 1.480886 0.638719
v -1.399895 1.415401 0.808603
v -1.391807 1.484620 0.808603
v -1.399895 1.415401 0.638719
v -1.391807 1.484620 0.638719
v -1.465015 0.310912 0.784845
v -1.465015 0.380583 0.784845
v -1.465015 0.310912 0.614961
v -1.465015 0.380583 0.614961
v -1.498528 0.310912 0.784845
v -1.498528 0.380583 0.784845
v -1.498528 0.310912 0.614961
v -1.498528 0.380583 0.614961
v -1.384943 0.994800 1.340786
v -1.377082 1.064044 1.340786
v -1.384943 0.994800 1.170902
v -1.377082 1.064044 1.170902
v -1.418251 0.998430 1.340786
v -1.410390 1.067674 1.340786
v -1.418251 0.998430 1.170902
v -1.410390 1.067674 1.170902
v -1.396313 0.908182 1.328320
v -1.390081 0.977585 1.328320
v -1.396313 0.908182 1.158436
v -1.390081 0.977585 1.158436
v -1.429698 0.911060 1.328320
v -1.423466 0.980463 1.328320
v -1.429698 0.911060 1.158436
v -1.423466 0.980463 1.158436
v -1.237170 0.461580 0.537855
v -1.237170 0.530233 0.550393
v -1.073077 0.461982 0.535399
v -1.073077 0.530635 0.547937
v -1.237662 0.467172 0.503674
v -1.237662 0.535825 0.516211
v -1.073569 0.467574 0.501218
v -1.073569 0.536227 0.513755
v -0.889532 0.915443 0.597747
v -0.889532 0.985114 0.597998
v -0.725438 0.915451 0.595254
v -0.725438 0.985122 0.595505
v -0.890023 0.915555 0.563058
v -0.890023 0.985226 0.563310
v -0.725930 0.915563 0.560566
v -0.725930 0.985234 0.560817
v -0.885237 0.951621 1.436668
v -0.885237 1.021292 1.436919
v -0.721144 0.951630 1.434176
v -0.721144 1.021300 1.434427
v -0.885729 0.951734 1.401980
v -0.885729 1.021404 1.402231
v -0.721636 0.951742 1.399487
v -0.721636 1.021412 1.399739
v -0.953431 0.813654 1.449831
v -0.953431 0.883325 1.450083
v -0.789338 0.813662 1.447339
v -0.789338 0.883333 1.447590
v -0.953923 0.813766 1.415143
v -0.953923 0.883437 1.415395
v -0.789830 0.813774 1.412651
v -0.789830 0.883445 1.412902
v -0.907182 0.554789 1.488678
v -0.907182 0.624066 1.480856
v -0.743088 0.554538 1.486200
v -0.743088 0.623815 1.478378
v -0.907673 0.551300 1.454186
v -0.907673 0.620577 1.446364
v -0.743580 0.551050 1.451708
v -0.743580 0.620326 1.443886
v -0.568758 0.557291 1.084942
v -0.568758 0.626962 1.084942
v -0.568758 0.557291 0.915058
v -0.568758 0.626962 0.915058
v -0.535245 0.557291 1.084942
v -0.535245 0.626962 1.084942
v -0.535245 0.557291 0.915058
v -0.535245 0.626962 0.915058
v -0.604741 0.870157 1.320169
v -0.604741 0.939806 1.318304
v -0.604741 0.866084 1.150339
v -0.604741 0.935733 1.148475
v -0.571227 0.870157 1.320169
v -0.571227 0.939806 1.318304
v -0.571227 0.866084 1.150339
v -0.571227 0.935733 1.148475
v -0.589694 0.708590 0.931006
v -0.593954 0.778136 0.931006
v -0.589694 0.708590 0.761122
v -0.593954 0.778136 0.761122
v -0.556241 0.710557 0.931006
v -0.560501 0.780103 0.931006
v -0.556241 0.710557 0.761122
v -0.560501 0.780103 0.761122
v -0.583381 0.713272 1.113939
v -0.583381 0.782912 1.116141
v -0.583381 0.718082 0.944131
v -0.583381 0.787722 0.946333
v -0.549868 0.713272 1.113939
v -0.549868 0.782912 1.116141
v -0.549868 0.718082 0.944131
v -0.549868 0.787722 0.946333
v -0.639634 1.784539 1.326102
v -1.315021 1.784539 1.373042
v -1.360366 1.784539 1.326102
v -1.360366 1.784539 0.673898
v -1.315021 1.784539 0.626958
v -0.684979 1.784539 1.373042
v -0.639634 1.784539 0.673898
v -0.684979 1.784539 0.626958
v -0.685122 1.753918 0.576782
v -0.591164 1.753927 0.568491
v -0.583154 1.753927 0.665767
v -1.314878 1.753918 0.665767
v -1.322875 1.753918 0.674045
v -1.314878 1.753918 0.576782
v -1.408836 1.753927 0.568491
v -1.408836 1.753918 0.674045
v -0.685122 1.753918 1.334233
v -0.685122 1.753918 1.423218
v -0.677125 1.753927 1.431509
v -0.591164 1.753927 1.431509
v -0.583154 1.753927 1.423217
v -0.583154 1.753927 1.334233
v -1.314878 1.753918 1.334233
v -1.408836 1.753927 1.431509
v -1.416846 1.753927 1.423217
v -1.322875 1.753927 0.568491
v -1.416846 1.753927 0.576783
v -1.416846 1.753927 0.665767
v -0.685122 1.753918 0.665767
v -0.677125 1.753918 0.674045
v -0.677125 1.753927 0.568491
v -0.583154 1.753927 0.576783
v -0.591164 1.753918 0.674045
v -1.322875 1.753918 1.325955
v -1.314878 1.753918 1.423218
v -1.322875 1.753927 1.431509
v -1.416846 1.753927 1.334233
v -1.408836 1.753918 1.325955
v -0.677125 1.753918 1.325955
v -0.591164 1.753918 1.325955
v -0.656177 1.204296 0.606122
v -0.630316 0.886789 0.565935
v -0.644444 1.045450 0.584490
v -0.543800 1.204234 0.536311
v -0.511011 0.886897 0.502409
v -0.528499 1.045464 0.520500
v -1.369670 0.886787 0.565950
v -1.343822 1.204296 0.606122
v -1.355552 1.045450 0.584494
v -0.552068 1.204233 1.472247
v -0.519312 0.886899 1.506196
v -0.536792 1.045465 1.488089
v -1.419297 0.886793 1.382670
v -1.380493 1.204294 1.355917
v -1.401385 1.045451 1.368058
v -1.343822 1.204296 1.393878
v -1.369667 0.886787 1.434047
v -1.355551 1.045449 1.415505
v -0.630311 0.886790 1.434069
v -0.656177 1.204296 1.393878
v -0.644442 1.045450 1.415511
v -0.619507 1.204294 1.355917
v -0.580681 0.886795 1.382693
v -0.598608 1.045451 1.368065
v -0.683724 1.713197 0.574904
v -0.668219 1.394950 0.553353
v -0.676919 1.554009 0.565549
v -0.589349 1.713190 0.566575
v -0.568536 1.395018 0.544847
v -0.580314 1.554031 0.557109
v -0.581304 1.713200 0.664284
v -0.560311 1.394983 0.648052
v -0.572159 1.554023 0.657127
v -0.511003 0.886833 0.608732
v -0.543803 1.204268 0.635537
v -0.528498 1.045455 0.623365
v -0.552068 1.204233 0.527753
v -0.519318 0.886898 0.493810
v -0.536794 1.045464 0.511913
v -1.331782 1.394946 0.634674
v -1.316276 1.713198 0.664284
v -1.323081 1.554008 0.653208
v -1.324308 1.713197 0.672599
v -1.352911 1.394947 0.656548
v -1.335007 1.554008 0.665554
v -1.331781 1.394950 0.553353
v -1.316276 1.713197 0.574904
v -1.323081 1.554009 0.565549
v -1.431464 1.395018 0.544847
v -1.410651 1.713190 0.566575
v -1.419686 1.554031 0.557109
v -1.410651 1.713197 0.672599
v -1.431469 1.394951 0.656548
v -1.419688 1.554009 0.665554
v -1.488980 0.886832 0.608746
v -1.456197 1.204268 0.635537
v -1.471497 1.045455 0.623369
v -1.380493 1.204294 0.644083
v -1.419300 0.886793 0.617326
v -1.401386 1.045451 0.631941
v -1.456200 1.204234 0.536311
v -1.488972 0.886895 0.502426
v -1.471496 1.045464 0.520505
v -0.668218 1.394946 1.365326
v -0.683724 1.713198 1.335716
v -0.676919 1.554008 1.346792
v -0.668219 1.394950 1.446647
v -0.683724 1.713197 1.425096
v -0.676919 1.554009 1.434451
v -0.675692 1.713199 1.433424
v -0.660012 1.394984 1.455156
v -0.668778 1.554024 1.442892
v -0.568536 1.395018 1.455153
v -0.589349 1.713190 1.433425
v -0.580314 1.554031 1.442891
v -0.581304 1.713190 1.425096
v -0.560314 1.395018 1.446641
v -0.572159 1.554031 1.434449
v -0.560311 1.394983 1.351948
v -0.581304 1.713200 1.335716
v -0.572158 1.554023 1.342873
v -0.510998 0.886834 1.391273
v -0.543803 1.204268 1.364463
v -0.528496 1.045455 1.376636
v -0.519300 0.886797 1.382693
v -0.552073 1.204291 1.355917
v -0.536790 1.045451 1.368065
v -0.622023 0.886834 1.506204
v -0.647922 1.204267 1.472245
v -0.636162 1.045455 1.488090
v -0.543800 1.204234 1.463689
v -0.511006 0.886897 1.497597
v -0.528497 1.045465 1.479502
v -1.316276 1.713198 1.335716
v -1.331782 1.394946 1.365326
v -1.323081 1.554008 1.346792
v -1.410651 1.713190 1.433425
v -1.431464 1.395018 1.455153
v -1.419686 1.554031 1.442891
v -1.439686 1.395018 1.446641
v -1.418696 1.713190 1.425096
v -1.427841 1.554031 1.434449
v -1.447927 1.204291 1.355917
v -1.480674 0.886794 1.382670
v -1.463202 1.045451 1.368058
v -1.456197 1.204268 1.364463
v -1.488976 0.886831 1.391250
v -1.471496 1.045455 1.376630
v -1.488968 0.886895 1.497570
v -1.456200 1.204234 1.463689
v -1.471495 1.045464 1.479494
v -1.447932 1.204233 1.472247
v -1.480662 0.886896 1.506168
v -1.463200 1.045464 1.488081
v -1.324308 1.713199 0.566576
v -1.339988 1.394984 0.544844
v -1.331222 1.554024 0.557108
v -1.418696 1.713190 0.574904
v -1.439686 1.395018 0.553359
v -1.427841 1.554031 0.565551
v -1.439689 1.394983 0.648052
v -1.418696 1.713200 0.664284
v -1.427841 1.554023 0.657127
v -1.447927 1.204291 0.644083
v -1.480678 0.886795 0.617327
v -1.463203 1.045451 0.631941
v -1.352078 1.204267 0.527756
v -1.377958 0.886832 0.493820
v -1.363832 1.045455 0.511917
v -1.343823 1.204292 0.536317
v -1.369670 0.886791 0.502413
v -1.355552 1.045450 0.520503
v -1.480666 0.886896 0.493828
v -1.447932 1.204233 0.527753
v -1.463201 1.045464 0.511918
v -0.683724 1.713198 0.664284
v -0.668218 1.394946 0.634674
v -0.676919 1.554008 0.653208
v -0.647089 1.394947 0.656548
v -0.675692 1.713197 0.672599
v -0.664993 1.554008 0.665554
v -0.660012 1.394984 0.544844
v -0.675692 1.713199 0.566576
v -0.668778 1.554024 0.557109
v -0.560314 1.395018 0.553359
v -0.581304 1.713190 0.574904
v -0.572159 1.554031 0.565551
v -0.589349 1.713197 0.672599
v -0.568531 1.394951 0.656548
v -0.580312 1.554009 0.665554
v -0.552073 1.204291 0.644083
v -0.519305 0.886796 0.617312
v -0.536792 1.045451 0.631937
v -0.580686 0.886795 0.617312
v -0.619507 1.204294 0.644083
v -0.598610 1.045451 0.631937
v -0.630316 0.886793 0.502396
v -0.656177 1.204292 0.536317
v -0.644444 1.045451 0.520498
v -0.622028 0.886834 0.493802
v -0.647922 1.204267 0.527756
v -0.636164 1.045455 0.511912
v -1.352911 1.394947 1.343453
v -1.324308 1.713197 1.327401
v -1.335007 1.554008 1.334446
v -1.316276 1.713197 1.425096
v -1.331781 1.394950 1.446647
v -1.323081 1.554009 1.434451
v -1.339988 1.394984 1.455156
v -1.324308 1.713199 1.433424
v -1.331222 1.554024 1.442892
v -1.418696 1.713200 1.335716
v -1.439689 1.394983 1.351948
v -1.427842 1.554023 1.342873
v -1.431469 1.394951 1.343452
v -1.410651 1.713197 1.327401
v -1.419688 1.554009 1.334446
v -1.369667 0.886791 1.497583
v -1.343823 1.204292 1.463683
v -1.355551 1.045450 1.479496
v -1.377955 0.886832 1.506176
v -1.352078 1.204267 1.472245
v -1.363831 1.045455 1.488082
v -0.675692 1.713197 1.327401
v -0.647089 1.394947 1.343453
v -0.664993 1.554008 1.334446
v -0.589349 1.713197 1.327401
v -0.568531 1.394951 1.343452
v -0.580312 1.554009 1.334446
v -0.656177 1.204292 1.463683
v -0.630311 0.886793 1.497610
v -0.644442 1.045451 1.479504
v -0.661841 1.390926 0.978113
v -0.609822 1.259072 1.135715
v -0.609822 1.259072 0.864475
v -0.617303 1.390926 0.864475
v -0.624974 1.526131 0.864475
v -0.617303 1.390926 1.135715
v -0.624974 1.526131 1.135715
v -0.632454 1.657986 1.135715
v -0.632454 1.657986 0.864475
v -1.390178 1.259072 1.135715
v -1.382697 1.390926 1.135715
v -1.375026 1.526131 1.135715
v -1.390178 1.259072 0.864475
v -1.367546 1.657986 1.135715
v -1.382697 1.390926 0.864475
v -1.375026 1.526131 0.864475
v -1.367546 1.657986 0.864475
v -1.127301 1.259072 1.403903
v -0.856060 1.390926 1.396159
v -0.856060 1.259072 1.403903
v -0.856060 1.526131 1.388219
v -1.127301 1.390926 1.396159
v -1.127301 1.526131 1.388219
v -1.127301 1.657986 1.380475
v -0.856060 1.657986 1.380475
v -1.127301 1.259072 0.596097
v -1.127301 1.390926 0.603841
v -1.127301 1.526131 0.611781
v -0.856060 1.259072 0.596097
v -1.127301 1.657986 0.619525
v -0.856060 1.657986 0.619525
v -0.856060 1.390926 0.603841
v -0.856060 1.526131 0.611781
v -0.651495 1.259072 1.135715
v -0.676262 1.283839 1.110949
v -0.676262 1.366159 1.110949
v -0.651495 1.390926 1.135715
v -0.651495 1.259072 0.864475
v -0.676262 1.283839 0.889242
v -0.856060 1.259072 1.340281
v -0.880827 1.283839 1.315514
v -1.331866 1.259072 1.135715
v -1.307099 1.283839 1.110949
v -0.856060 1.390926 1.340281
v -0.880827 1.366159 1.315514
v -1.307099 1.366159 1.110949
v -1.331866 1.390926 1.135715
v -1.102534 1.283839 1.315514
v -1.127301 1.259072 1.340281
v -1.102534 1.366159 1.315514
v -1.127301 1.390926 1.340281
v -1.307099 1.283839 0.889241
v -1.331866 1.259072 0.864475
v -1.331866 1.390926 0.864475
v -1.307099 1.366159 0.889241
v -0.676262 1.366159 0.889242
v -0.651495 1.390926 0.864475
v -0.856060 1.526131 1.340281
v -0.880827 1.550898 1.315514
v -0.856060 1.657986 1.340281
v -0.880827 1.633219 1.315514
v -1.102534 1.550898 1.315514
v -1.127301 1.526131 1.340281
v -1.127301 1.657986 1.340281
v -1.102534 1.633219 1.315514
v -0.856060 1.259072 0.659909
v -0.880827 1.283839 0.684676
v -0.676262 1.634265 0.889242
v -0.651498 1.658440 0.864475
v -0.880827 1.366159 0.684676
v -0.856060 1.390926 0.659909
v -1.127301 1.259072 0.659909
v -1.102534 1.283839 0.684676
v -0.676262 1.551944 0.889242
v -0.651498 1.526672 0.864475
v -1.102534 1.366159 0.684676
v -1.127301 1.390926 0.659909
v -0.676262 1.634265 1.110949
v -0.651498 1.658440 1.135715
v -0.676262 1.551944 1.110949
v -0.651498 1.526672 1.135715
v -0.856060 1.526131 0.659909
v -0.880827 1.550898 0.684676
v -0.880827 1.633219 0.684676
v -0.856060 1.657986 0.659909
v -1.102534 1.550898 0.684676
v -1.127301 1.526131 0.659909
v -1.102534 1.633219 0.684676
v -1.127301 1.657986 0.659909
v -1.307099 1.633159 0.889241
v -1.331866 1.657950 0.864475
v -1.307099 1.550839 0.889241
v -1.331866 1.526093 0.864475
v -1.307099 1.633159 1.110949
v -1.331866 1.657950 1.135715
v -1.307099 1.550839 1.110949
v -1.331866 1.526093 1.135715
v -0.626098 1.435889 0.868037
v -0.625979 1.497763 0.874245
v -0.630313 1.451450 0.717279
v -0.630194 1.513324 0.723487
v -0.596198 1.435915 0.867203
v -0.596080 1.497789 0.873412
v -0.600414 1.451476 0.716445
v -0.600295 1.513350 0.722654
v -0.621518 1.251039 0.846171
v -0.625779 1.320585 0.846171
v -0.621518 1.251039 0.676287
v -0.625779 1.320585 0.676287
v -0.588065 1.253007 0.846171
v -0.592326 1.322553 0.846171
v -0.588065 1.253007 0.676287
v -0.592326 1.322553 0.676287
v -0.613954 1.080556 1.047677
v -0.617964 1.149908 1.042288
v -0.612323 1.067489 0.878305
v -0.616333 1.136841 0.872915
v -0.580496 1.082422 1.047856
v -0.584506 1.151774 1.042466
v -0.578865 1.069355 0.878483
v -0.582875 1.138707 0.873094
v -0.837227 1.706432 0.640156
v -0.841282 1.775985 0.639904
v -0.673395 1.715980 0.639258
v -0.677451 1.785532 0.639005
v -0.837374 1.706285 0.605465
v -0.841429 1.775837 0.605213
v -0.673542 1.715832 0.604566
v -0.677597 1.785385 0.604314
v -0.951513 1.436143 0.629881
v -0.951513 1.505813 0.630133
v -0.787420 1.436151 0.627389
v -0.787420 1.505821 0.627640
v -0.952005 1.436255 0.595193
v -0.952005 1.505925 0.595444
v -0.787912 1.436263 0.592701
v -0.787912 1.505934 0.592952
v -0.809970 1.331679 1.413011
v -0.809970 1.401350 1.413263
v -0.645877 1.331687 1.410519
v -0.645877 1.401358 1.410770
v -0.810462 1.331791 1.378323
v -0.810462 1.401462 1.378574
v -0.646368 1.331799 1.375831
v -0.646368 1.401470 1.376082
v -1.395922 1.789880 1.418750
v -1.404520 1.789880 1.409849
v -1.395922 1.875113 1.418750
v -1.395922 1.883537 1.409849
v -1.404520 1.789880 0.590151
v -1.395922 1.782582 0.585706
v -1.395922 1.883537 0.590151
v -1.404520 1.875113 0.590151
v -0.595480 1.789880 1.409849
v -0.604078 1.782582 1.414294
v -0.604078 1.789880 0.581250
v -0.604078 1.782582 0.585706
v -0.604078 1.789880 1.418750
v -0.599785 1.782582 1.409849
v -0.604078 1.875113 1.418750
v -0.604078 1.883537 1.409849
v -0.595480 1.875113 1.409849
v -0.595480 1.789880 0.590151
v -0.599785 1.782582 0.590151
v -0.604078 1.883537 0.590151
v -0.604078 1.875113 0.581250
v -0.595480 1.875113 0.590151
v -1.400215 1.782582 1.409849
v -1.395922 1.782582 1.414294
v -1.404520 1.875113 1.409849
v -1.395922 1.789880 0.581250
v -1.400215 1.782582 0.590151
v -1.395922 1.875113 0.581250
v -1.410265 0.115891 0.360934
v -1.407725 0.115937 0.363685
v -1.407723 0.115905 0.575302
v -1.410965 0.133021 0.366692
v -1.614701 0.115918 0.360939
v -1.614699 0.131234 0.366278
v -1.614692 0.115937 0.577933
v -1.614716 0.131165 0.574697
v -1.611787 0.133021 0.574578
v -1.408332 0.131048 0.574705
v -1.410266 0.115905 0.577934
v -1.408337 0.131124 0.366248
v -1.410850 0.131165 0.363660
v -1.617344 0.115918 0.363675
v -1.612188 0.131234 0.363678
v -1.611778 0.133045 0.366701
v -1.617350 0.115891 0.575303
v -1.612216 0.131124 0.577299
v -1.410843 0.131048 0.577304
v -1.410962 0.132997 0.574581
v -1.428219 0.276838 0.556718
v -1.428219 0.276851 0.411805
v -1.569405 0.271575 0.559636
v -1.568392 0.275747 0.558754
v -1.416627 0.130667 0.567201
v -1.418078 0.130658 0.373124
v -1.427919 0.271486 0.559637
v -1.428200 0.275668 0.558754
v -1.426252 0.275668 0.556737
v -1.425398 0.271486 0.557029
v -1.426252 0.275675 0.411613
v -1.428203 0.275713 0.409565
v -1.571966 0.271551 0.557025
v -1.570371 0.275713 0.556735
v -1.568208 0.276778 0.556717
v -1.569393 0.271568 0.407917
v -1.568384 0.275719 0.409566
v -1.568205 0.276791 0.411807
v -1.570370 0.275719 0.411622
v -1.571963 0.271568 0.410578
v -1.418092 0.130594 0.568717
v -1.416624 0.130609 0.374742
v -1.605575 0.130598 0.374721
v -1.604031 0.130598 0.373122
v -1.604011 0.130609 0.568720
v -1.605573 0.130586 0.567215
v -0.589735 0.111291 0.360934
v -0.592275 0.111336 0.363685
v -0.592277 0.111304 0.575302
v -0.589035 0.133021 0.366692
v -0.385299 0.111317 0.360939
v -0.385301 0.131234 0.366278
v -0.385308 0.111336 0.577933
v -0.385284 0.131165 0.574697
v -0.388213 0.133021 0.574578
v -0.591668 0.131048 0.574705
v -0.589734 0.111304 0.577934
v -0.591663 0.131124 0.366248
v -0.589149 0.131165 0.363660
v -0.382655 0.111317 0.363675
v -0.387812 0.131234 0.363678
v -0.388221 0.133045 0.366701
v -0.382650 0.111291 0.575303
v -0.387784 0.131124 0.577299
v -0.589157 0.131048 0.577304
v -0.589037 0.132997 0.574581
v -0.571781 0.276838 0.556718
v -0.574601 0.271575 0.410566
v -0.572078 0.271623 0.407914
v -0.571781 0.276851 0.411805
v -0.430595 0.271575 0.559636
v -0.583373 0.130667 0.567201
v -0.581922 0.130658 0.373124
v -0.572081 0.271486 0.559637
v -0.574601 0.271486 0.557029
v -0.428034 0.271551 0.557025
v -0.431792 0.276778 0.556717
v -0.430607 0.271568 0.407917
v -0.431795 0.276791 0.411807
v -0.428037 0.271568 0.410578
v -0.581908 0.130594 0.568717
v -0.583376 0.130609 0.374742
v -0.394425 0.130598 0.374721
v -0.395969 0.130598 0.373122
v -0.395989 0.130609 0.568720
v -0.394427 0.130586 0.567215
v -1.410265 0.116902 1.639066
v -1.407725 0.116948 1.636315
v -1.407723 0.116916 1.424698
v -1.410965 0.133021 1.633308
v -1.614701 0.116928 1.639061
v -1.614699 0.131234 1.633722
v -1.614692 0.116948 1.422067
v -1.614716 0.131165 1.425303
v -1.611787 0.133021 1.425422
v -1.408332 0.131048 1.425295
v -1.410266 0.116916 1.422066
v -1.408337 0.131124 1.633752
v -1.410850 0.131165 1.636340
v -1.617344 0.116928 1.636325
v -1.612188 0.131234 1.636322
v -1.611778 0.133045 1.633299
v -1.617350 0.116902 1.424697
v -1.612216 0.131124 1.422701
v -1.410843 0.131048 1.422696
v -1.410962 0.132997 1.425419
v -1.428219 0.276838 1.443282
v -1.428219 0.276851 1.588195
v -1.569405 0.271575 1.440364
v -1.416627 0.130667 1.432799
v -1.427919 0.271486 1.440363
v -1.425398 0.271486 1.442971
v -1.571966 0.271551 1.442975
v -1.568208 0.276778 1.443283
v -1.569393 0.271568 1.592083
v -1.568205 0.276791 1.588193
v -1.571963 0.271568 1.589422
v -1.418092 0.130594 1.431283
v -1.605575 0.130598 1.625279
v -1.604031 0.130598 1.626878
v -1.604011 0.130609 1.431280
v -1.605573 0.130586 1.432785
v -0.589735 0.118324 1.639066
v -0.592275 0.118370 1.636315
v -0.592277 0.118338 1.424698
v -0.589035 0.133021 1.633308
v -0.385299 0.118350 1.639061
v -0.385301 0.131234 1.633722
v -0.385308 0.118370 1.422067
v -0.385284 0.131165 1.425303
v -0.388213 0.133021 1.425422
v -0.591668 0.131048 1.425295
v -0.589734 0.118338 1.422066
v -0.591663 0.131124 1.633752
v -0.589149 0.131165 1.636340
v -0.382655 0.118350 1.636325
v -0.387812 0.131234 1.636322
v -0.388221 0.133045 1.633299
v -0.382650 0.118324 1.424697
v -0.387784 0.131124 1.422701
v -0.589157 0.131048 1.422696
v -0.589037 0.132997 1.425419
v -0.571781 0.276838 1.443282
v -0.574601 0.271575 1.589435
v -0.572078 0.271623 1.592086
v -0.571781 0.276851 1.588195
v -0.430595 0.271575 1.440364
v -0.583373 0.130667 1.432799
v -0.581922 0.130658 1.626876
v -0.572081 0.271486 1.440363
v -0.574601 0.271486 1.442971
v -0.428034 0.271551 1.442975
v -0.431792 0.276778 1.443283
v -0.430607 0.271568 1.592083
v -0.431795 0.276791 1.588193
v -0.428037 0.271568 1.589422
v -0.581908 0.130594 1.431283
v -0.583376 0.130609 1.625258
v -0.394425 0.130598 1.625279
v -0.395969 0.130598 1.626878
v -0.395989 0.130609 1.431280
v -0.394427 0.130586 1.432785
v -0.487336 0.330992 0.885602
v -0.487336 0.259635 0.885602
v -0.487336 0.193499 0.885602
v -0.487336 0.330992 1.114398
v -0.487336 0.259635 1.114398
v -0.487336 0.193499 1.114398
v -0.524439 0.179323 1.154051
v -0.524439 0.264674 1.154051
v -0.524439 0.344800 1.154051
v -0.524439 0.179323 0.845949
v -0.524439 0.264674 0.845949
v -0.524439 0.336700 0.845949
v -0.436110 0.120328 1.114398
v -0.435149 0.107095 1.115476
v -0.436110 0.404287 1.114398
v -0.435149 0.406344 1.115074
v -0.436110 0.120328 0.885602
v -0.435149 0.107095 0.884524
v -0.436110 0.404287 0.885602
v -0.435149 0.406344 0.884926
v -0.436110 0.405229 0.886597
v -0.435556 0.405298 0.885681
v -0.436143 0.469721 0.845949
v -0.436110 0.470663 0.846945
v -0.435149 0.469548 0.846625
v -0.436167 0.086686 0.845949
v -0.436167 0.086686 1.154051
v -0.436110 0.470663 1.153056
v -0.436143 0.469721 1.154051
v -0.435149 0.469548 1.153375
v -0.487336 0.120328 0.885602
v -0.487336 0.120328 1.114398
v -0.487336 0.404287 1.114398
v -0.435149 0.469555 0.919749
v -0.436110 0.470663 0.919832
v -0.436110 0.470663 0.926118
v -0.435149 0.469721 0.926052
v -0.437583 0.468507 0.923677
v -0.436625 0.467668 0.923611
v -0.435149 0.469721 0.996891
v -0.436110 0.470663 0.996891
v -0.436110 0.470663 1.003109
v -0.435149 0.469721 1.003109
v -0.437581 0.468509 1.000000
v -0.436637 0.467670 1.000000
v -0.435149 0.469721 1.073797
v -0.436110 0.470663 1.073882
v -0.436110 0.470663 1.080168
v -0.435149 0.469555 1.080075
v -0.437583 0.468507 1.076323
v -0.436634 0.467669 1.076270
v -0.436110 0.405229 0.915112
v -0.435149 0.406337 0.915189
v -0.435149 0.406170 0.921471
v -0.436110 0.405229 0.921401
v -0.437583 0.407385 0.917554
v -0.436625 0.408224 0.917620
v -0.436110 0.405229 0.996891
v -0.435149 0.406170 0.996891
v -0.435149 0.406170 1.003109
v -0.436110 0.405229 1.003109
v -0.437581 0.407383 1.000000
v -0.436637 0.408222 1.000000
v -0.436110 0.405229 1.068174
v -0.435149 0.406170 1.068253
v -0.435149 0.406337 1.074563
v -0.436110 0.405229 1.074463
v -0.437583 0.407385 1.072020
v -0.436634 0.408223 1.072074
v -0.487336 0.405229 0.915113
v -0.487336 0.405229 0.921399
v -0.485451 0.407385 0.917554
v -0.487336 0.405229 0.996891
v -0.487336 0.405229 1.003109
v -0.485452 0.407383 1.000000
v -0.487336 0.405229 1.068175
v -0.487336 0.405229 1.074461
v -0.485451 0.407385 1.072020
v -0.435149 0.330212 0.846945
v -0.436160 0.330216 0.845949
v -0.436144 0.336707 0.845949
v -0.435149 0.337646 0.846637
v -0.437528 0.332413 0.847197
v -0.436665 0.332496 0.848152
v -0.435149 0.258396 0.846945
v -0.436110 0.258389 0.845949
v -0.436162 0.264676 0.845949
v -0.435149 0.265625 0.846945
v -0.437527 0.261402 0.847229
v -0.436691 0.261441 0.848156
v -0.435149 0.178595 0.847024
v -0.436169 0.179322 0.845949
v -0.436110 0.185567 0.845949
v -0.435149 0.185816 0.846945
v -0.437522 0.182309 0.847232
v -0.436691 0.182464 0.848141
v -0.435149 0.345628 1.153363
v -0.436144 0.344807 1.154051
v -0.436160 0.338317 1.154051
v -0.435149 0.338086 1.153056
v -0.437528 0.340514 1.152803
v -0.436677 0.340426 1.151868
v -0.435149 0.265625 1.153056
v -0.436162 0.264676 1.154051
v -0.436110 0.258389 1.154051
v -0.435149 0.258396 1.153056
v -0.437527 0.261402 1.152771
v -0.436691 0.261441 1.151845
v -0.435149 0.185816 1.153056
v -0.436110 0.185567 1.154051
v -0.436169 0.179322 1.154051
v -0.435149 0.178595 1.152976
v -0.437522 0.182309 1.152768
v -0.436691 0.182464 1.151860
v -0.435149 0.337494 0.884914
v -0.436110 0.337491 0.885602
v -0.436144 0.330987 0.885602
v -0.435149 0.330049 0.884607
v -0.436666 0.335205 0.883399
v -0.437529 0.335288 0.884354
v -0.435149 0.265916 0.884607
v -0.436143 0.265923 0.885602
v -0.436186 0.259634 0.885602
v -0.435149 0.258684 0.884607
v -0.436691 0.262870 0.883396
v -0.437538 0.262909 0.884323
v -0.435149 0.194244 0.884607
v -0.436186 0.193499 0.885602
v -0.436110 0.187253 0.885602
v -0.435149 0.186987 0.884527
v -0.436691 0.190357 0.883411
v -0.437531 0.190511 0.884319
v -0.436110 0.337491 1.114398
v -0.435149 0.337657 1.115086
v -0.435149 0.330230 1.115393
v -0.436144 0.330987 1.114398
v -0.437529 0.335288 1.115646
v -0.436677 0.335376 1.116582
v -0.436143 0.265923 1.114398
v -0.435149 0.265916 1.115393
v -0.435149 0.258684 1.115393
v -0.436186 0.259634 1.114398
v -0.437538 0.262909 1.115677
v -0.436691 0.262870 1.116604
v -0.436186 0.193499 1.114398
v -0.435149 0.194244 1.115393
v -0.435149 0.186987 1.115473
v -0.436110 0.187253 1.114398
v -0.437531 0.190511 1.115681
v -0.436691 0.190357 1.116589
v -0.487336 0.337486 0.885602
v -0.485536 0.335287 0.884354
v -0.487336 0.265922 0.885602
v -0.485490 0.262909 0.884323
v -0.487336 0.187254 0.885602
v -0.485485 0.190511 0.884319
v -0.487336 0.337486 1.114398
v -0.485536 0.335287 1.115646
v -0.487336 0.265922 1.114398
v -0.485490 0.262909 1.115677
v -0.487336 0.187254 1.114398
v -0.485485 0.190511 1.115681
v -0.524439 0.086686 0.845949
v -0.524439 0.470663 0.846945
v -0.524439 0.469721 0.845949
v -0.524439 0.086686 1.154051
v -0.524439 0.469721 1.154051
v -0.524439 0.470663 1.153056
v -0.524439 0.470663 0.926116
v -0.520109 0.468507 0.923677
v -0.524439 0.470663 0.919833
v -0.524439 0.470663 1.003109
v -0.520112 0.468509 1.000000
v -0.524439 0.470663 0.996891
v -0.524439 0.470663 1.080167
v -0.520109 0.468507 1.076324
v -0.524439 0.470663 1.073884
v -0.524439 0.185566 1.154051
v -0.520188 0.182309 1.152768
v -0.520200 0.261402 1.152772
v -0.524439 0.258390 1.154051
v -0.520308 0.340514 1.152804
v -0.524439 0.338324 1.154051
v -0.524439 0.185566 0.845949
v -0.520188 0.182309 0.847232
v -0.520200 0.261402 0.847228
v -0.524439 0.258390 0.845949
v -0.520307 0.332414 0.847196
v -0.524439 0.330223 0.845949
v -0.714083 1.730569 1.466540
v -0.714083 1.741723 1.477807
v -0.724967 1.934408 1.466541
v -0.714010 1.733563 1.290791
v -0.724967 1.741723 1.295953
v -0.714083 1.934408 1.284687
v -0.549293 1.741723 1.477807
v -0.549293 1.945563 1.466540
v -0.549293 1.934408 1.477807
v -0.549367 1.736612 1.287711
v -0.549293 1.934408 1.284687
v -1.286154 1.934408 1.477807
v -1.275271 1.934408 1.466541
v -1.286155 1.934408 1.284687
v -1.275271 1.934408 1.295953
v -1.450945 1.730569 1.466540
v -1.461828 1.741723 1.466541
v -1.450945 1.945563 1.466540
v -1.450945 1.934408 1.477807
v -1.450945 1.730569 1.295953
v -1.461828 1.741723 1.295953
v -1.461828 1.934408 1.295953
v -0.714083 1.945563 0.533172
v -0.714083 1.730569 0.703759
v -0.714083 1.741723 0.715025
v -0.714083 1.945563 0.703759
v -0.724967 1.934408 0.703759
v -0.549293 1.730569 0.533172
v -0.538410 1.741723 0.533172
v -0.549293 1.945563 0.533172
v -0.549293 1.934408 0.521905
v -0.538410 1.934408 0.533172
v -0.549293 1.741723 0.715025
v -0.538410 1.934408 0.703759
v -0.549293 1.934408 0.715025
v -1.286154 1.934408 0.521905
v -1.286155 1.945563 0.533172
v -1.275271 1.934408 0.533172
v -1.286155 1.741723 0.715025
v -1.286155 1.945563 0.703759
v -1.286154 1.934408 0.715025
v -1.450945 1.741723 0.521905
v -1.461828 1.934408 0.533172
v -1.450945 1.730569 0.703759
v -1.461828 1.934408 0.703759
v -1.450945 1.934408 0.715025
v -0.669226 1.759386 1.134971
v -0.680667 1.770684 1.132252
v -0.680110 1.770541 1.134971
v -0.669226 1.893602 1.146238
v -0.680110 1.893602 1.134971
v -0.669099 1.758777 1.126404
v -0.680704 1.770672 1.126404
v -0.549158 1.759386 1.134971
v -0.549158 1.904757 1.134971
v -0.549158 1.893602 1.146238
v -1.331012 1.759386 1.134971
v -1.331012 1.770541 1.146238
v -1.320128 1.770541 1.134971
v -1.320128 1.893602 1.134971
v -1.451080 1.759386 1.134971
v -1.451080 1.904757 1.134971
v -0.669226 1.770541 0.853474
v -0.549158 1.759386 0.864741
v -1.331012 1.759386 0.864741
v -1.331012 1.770541 0.853474
v -1.323049 1.770617 0.859578
v -1.320128 1.770541 0.864741
v -1.326024 1.893527 0.856498
v -1.331012 1.893602 0.853474
v -1.331012 1.904757 0.864741
v -1.323049 1.893527 0.859578
v -1.451080 1.759386 0.864741
v -1.451080 1.770541 0.853474
v -1.451080 1.904757 0.864741
v -1.451080 1.893602 0.853474
v -1.461964 1.893602 0.864741
v -0.868625 1.759386 1.466681
v -0.860663 1.765429 1.466605
v -0.868698 1.765429 1.474923
v -0.868625 1.904757 1.466681
v -0.868698 1.898714 1.474923
v -0.868625 1.759386 1.342389
v -0.857741 1.770541 1.342389
v -0.860663 1.898714 1.342465
v -0.868698 1.898714 1.334146
v -1.139575 1.765429 1.466605
v -1.131539 1.765429 1.474923
v -1.131613 1.904757 1.466681
v -1.131539 1.898714 1.474923
v -1.139575 1.898714 1.466605
v -1.139575 1.765429 1.342465
v -1.142497 1.770541 1.342389
v -1.139575 1.898714 1.342465
v -1.131539 1.898714 1.334146
v -1.286154 1.730569 1.466540
v -1.286154 1.741723 1.477807
v -1.275271 1.741723 1.466541
v -1.286155 1.945563 1.466540
v -1.286155 1.730569 1.295954
v -1.275271 1.741723 1.295953
v -1.286155 1.741723 1.284687
v -1.286155 1.945563 1.295954
v -1.450945 1.741723 1.477807
v -1.461828 1.934408 1.466541
v -1.450945 1.741723 1.284687
v -1.450945 1.945563 1.295953
v -1.450945 1.934408 1.284687
v -0.724967 1.741723 1.466541
v -0.714083 1.934408 1.477807
v -0.714083 1.945563 1.466540
v -0.714083 1.730569 1.295954
v -0.714010 1.736612 1.287711
v -0.714083 1.741723 1.284687
v -0.714083 1.945563 1.295954
v -0.724967 1.934408 1.295953
v -0.549293 1.730569 1.466540
v -0.538410 1.741723 1.466541
v -0.538410 1.934408 1.466541
v -0.549367 1.733563 1.290791
v -0.549293 1.730569 1.295953
v -0.549293 1.741723 1.284687
v -0.538409 1.741723 1.295953
v -0.549293 1.945563 1.295954
v -0.538410 1.934408 1.295953
v -1.286155 1.730569 0.533172
v -1.286154 1.741723 0.521905
v -1.275271 1.741723 0.533172
v -1.286155 1.730569 0.703759
v -1.275271 1.741723 0.703759
v -1.275271 1.934408 0.703759
v -1.450945 1.730569 0.533172
v -1.461828 1.741723 0.533172
v -1.450945 1.945563 0.533172
v -1.450945 1.934408 0.521905
v -1.450945 1.741723 0.715025
v -1.461828 1.741723 0.703759
v -1.450945 1.945563 0.703759
v -0.714083 1.730569 0.533172
v -0.714083 1.741723 0.521905
v -0.724967 1.741723 0.533172
v -0.714083 1.934408 0.521905
v -0.724967 1.934408 0.533172
v -0.724967 1.741723 0.703759
v -0.714083 1.934408 0.715025
v -0.549293 1.741723 0.521905
v -0.549293 1.730569 0.703759
v -0.538410 1.741723 0.703759
v -0.549293 1.945563 0.703759
v -1.331012 1.893602 1.146238
v -1.331012 1.904757 1.134971
v -1.461964 1.770541 1.134971
v -1.451080 1.770541 1.146238
v -1.451080 1.893602 1.146238
v -1.461964 1.893602 1.134971
v -0.669087 1.758816 1.132252
v -0.669226 1.770541 1.146238
v -0.669226 1.904757 1.134971
v -0.538274 1.770541 1.134971
v -0.549158 1.770541 1.146238
v -0.538274 1.893602 1.134971
v -1.326024 1.770617 0.856498
v -1.320128 1.893602 0.864741
v -1.461964 1.770541 0.864741
v -0.669226 1.759386 0.864741
v -0.680110 1.770541 0.864741
v -0.669226 1.893602 0.853474
v -0.669226 1.904757 0.864741
v -0.680110 1.893602 0.864741
v -0.538274 1.770541 0.864741
v -0.549158 1.770541 0.853474
v -0.549158 1.904757 0.864741
v -0.549158 1.893602 0.853474
v -0.538274 1.893602 0.864741
v -1.131613 1.759386 1.466681
v -1.131613 1.759386 1.342389
v -1.131613 1.770541 1.331122
v -1.131613 1.904757 1.342389
v -0.860663 1.898714 1.466605
v -0.868625 1.770541 1.331122
v -0.860663 1.765429 1.342465
v -0.868625 1.904757 1.342389
v -0.868625 1.759386 0.533031
v -0.868625 1.904757 0.533031
v -0.868625 1.893602 0.521765
v -0.857741 1.893602 0.533031
v -0.857741 1.770541 0.657324
v -0.868625 1.904757 0.657323
v -1.131613 1.759386 0.533031
v -1.131613 1.904757 0.533031
v -1.142496 1.893602 0.533031
v -1.131613 1.759386 0.657324
v -1.131613 1.770541 0.668590
v -1.131613 1.904757 0.657324
v -1.142496 1.893602 0.657324
v -1.142496 1.770541 0.533031
v -1.131613 1.770541 0.521765
v -1.131613 1.893602 0.521765
v -1.142496 1.770541 0.657324
v -1.131613 1.893602 0.668590
v -0.857741 1.770541 0.533031
v -0.868625 1.770541 0.521765
v -0.868625 1.759386 0.657324
v -0.868625 1.770541 0.668590
v -0.857741 1.893602 0.657324
v -0.868625 1.893602 0.668590
v -1.429937 0.271598 1.590791
v -1.426632 0.271596 1.587396
v -1.416624 0.130610 1.621893
v -1.419901 0.130609 1.625287
vn 0.4843 -0.3348 0.8083
vn 0.7551 -0.5257 0.3918
vn 0.9164 -0.2365 0.3229
vn 0.6717 -0.1902 0.7160
vn 0.5004 -0.1660 0.8497
vn 0.3095 -0.6004 -0.7374
vn -0.3193 -0.9463 -0.0497
vn -0.1560 -0.9629 -0.2202
vn -0.1949 -0.9730 0.1239
vn -0.3178 -0.9399 0.1250
vn 0.8363 -0.5337 0.1256
vn 0.7957 -0.5503 -0.2529
vn 0.9450 -0.2499 -0.2108
vn 0.9492 -0.2873 0.1288
vn 0.7444 -0.2414 -0.6226
vn 0.5866 -0.3843 -0.7129
vn 0.6855 -0.2475 -0.6847
vn 0.7527 -0.5290 0.3919
vn 0.9175 -0.2320 0.3231
vn 0.2522 0.7592 -0.6000
vn 0.4077 0.6896 -0.5986
vn 0.5958 0.7577 -0.2664
vn 0.2980 0.9048 -0.3041
vn -0.0475 -0.1405 0.9889
vn 0.0781 -0.1859 0.9795
vn 0.1674 0.0732 0.9832
vn 0.0415 0.1227 0.9916
vn 0.2091 0.6286 0.7491
vn 0.3186 0.5775 0.7516
vn 0.3618 0.6662 0.6521
vn 0.2555 0.7603 0.5972
vn 0.3178 0.9396 0.1272
vn 0.4442 0.8869 0.1271
vn 0.4662 0.8616 -0.2008
vn 0.3181 0.9411 -0.1143
vn 0.0781 -0.1858 -0.9795
vn -0.0475 -0.1405 -0.9889
vn 0.0415 0.1227 -0.9916
vn 0.1674 0.0732 -0.9832
vn 0.9468 -0.2443 -0.2094
vn 0.7935 -0.5543 -0.2513
vn 0.3745 0.7294 -0.5725
vn 0.2847 0.8445 -0.4536
vn 0.3186 0.5775 0.7517
vn 0.3619 0.6661 0.6522
vn 0.3181 0.9412 -0.1133
vn 0.4692 0.8603 -0.1994
vn 0.3096 -0.6003 -0.7374
vn 0.5004 -0.1661 0.8497
vn -0.1504 -0.9641 -0.2189
vn -0.3189 -0.9465 -0.0493
vn -0.3136 -0.9345 -0.1686
vn -0.1518 -0.7371 -0.6585
vn 0.9250 -0.2495 -0.2865
vn -0.1519 -0.7371 -0.6585
vn -0.1931 -0.9735 -0.1227
vn 0.8361 -0.5345 -0.1240
vn 0.9498 -0.2858 -0.1274
vn 0.4436 0.8874 -0.1256
vn -0.2683 -0.5337 -0.8019
vn -0.1424 -0.4628 0.8749
vn -0.2565 -0.7868 0.5613
vn -0.1266 -0.6683 0.7331
vn -0.2633 -0.4976 -0.8265
vn -0.1534 -0.4953 0.8551
vn -0.2591 -0.7945 0.5491
vn -0.1143 -0.6765 0.7275
vn -0.1493 -0.9301 0.3356
vn -0.1454 -0.9306 0.3358
vn 0.4586 0.8348 0.3046
vn 0.3137 0.9287 0.1975
vn 0.4548 0.8370 0.3044
vn 0.3137 0.9288 0.1975
vn -0.3176 -0.9400 -0.1251
vn 0.3200 0.9389 -0.1266
vn 0.2064 0.6165 -0.7598
vn -0.1506 -0.4743 -0.8674
vn -0.2039 -0.6691 -0.7146
vn -0.2093 -0.6865 -0.6964
vn -0.3172 -0.9441 0.0894
vn -0.2802 -0.9470 -0.1573
vn -0.2812 -0.9597 -0.0000
vn -0.2785 -0.9412 -0.1913
vn -0.2812 -0.9596 -0.0000
vn -0.8178 -0.3419 0.4628
vn -0.7290 -0.6677 -0.1506
vn -0.1505 -0.9754 -0.1610
vn -0.1738 -0.5655 0.8062
vn 0.8221 -0.3304 -0.4637
vn 0.4025 -0.5335 -0.7438
vn 0.3377 -0.2424 -0.9095
vn 0.7365 -0.1902 -0.6491
vn 0.8647 -0.1632 -0.4751
vn -0.8092 -0.4283 -0.4022
vn -0.0498 -0.9496 0.3095
vn -0.2277 -0.9621 0.1501
vn 0.1283 -0.9736 0.1888
vn 0.1293 -0.9426 0.3079
vn 0.1328 -0.5455 -0.8276
vn -0.2639 -0.5607 -0.7849
vn -0.2233 -0.2565 -0.9404
vn 0.1370 -0.2955 -0.9455
vn -0.6419 -0.2444 -0.7268
vn -0.7262 -0.3840 -0.5702
vn -0.7032 -0.2468 -0.6667
vn 0.4027 -0.5368 -0.7414
vn 0.3379 -0.2378 -0.9107
vn -0.6125 0.7527 -0.2415
vn -0.6115 0.6859 -0.3944
vn -0.2777 0.7626 -0.5842
vn -0.3147 0.9045 -0.2878
vn 0.9894 -0.1380 0.0451
vn 0.9809 -0.1803 -0.0732
vn 0.9850 0.0710 -0.1572
vn 0.9924 0.1170 -0.0382
vn 0.7614 0.6172 -0.1983
vn 0.7654 0.5688 -0.3011
vn 0.6672 0.6595 -0.3462
vn 0.6103 0.7534 -0.2446
vn 0.1322 0.9422 -0.3078
vn 0.1322 0.8919 -0.4325
vn -0.2092 0.8658 -0.4546
vn -0.1161 0.9442 -0.3083
vn -0.9809 -0.1803 -0.0733
vn -0.9894 -0.1380 0.0451
vn -0.9924 0.1170 -0.0382
vn -0.9850 0.0711 -0.1572
vn -0.2218 -0.2506 -0.9423
vn -0.2623 -0.5647 -0.7825
vn -0.6115 0.6860 -0.3944
vn -0.5863 0.7260 -0.3594
vn -0.4629 0.8428 -0.2745
vn 0.7654 0.5689 -0.3010
vn 0.6104 0.7534 -0.2446
vn -0.1151 0.9443 -0.3083
vn -0.2077 0.8645 -0.4577
vn -0.5863 0.7260 -0.3595
vn -0.7972 -0.4448 -0.4082
vn -0.7032 -0.2469 -0.6667
vn 0.8646 -0.1632 -0.4752
vn -0.2264 -0.9632 0.1447
vn -0.0493 -0.9497 0.3092
vn -0.1749 -0.9366 0.3037
vn -0.6662 -0.7311 0.1473
vn -0.3035 -0.2528 -0.9187
vn -0.6663 -0.7310 0.1473
vn -0.3035 -0.2529 -0.9186
vn -0.1270 -0.9741 0.1871
vn -0.1311 -0.5462 -0.8273
vn -0.1354 -0.2940 -0.9462
vn -0.1307 0.8924 -0.4319
vn -0.7750 -0.6191 0.1269
vn 0.8824 -0.4510 0.1341
vn 0.5697 -0.7838 0.2470
vn 0.7416 -0.6596 0.1225
vn -0.8248 -0.5351 0.1830
vn 0.8635 -0.4832 0.1445
vn 0.5580 -0.7915 0.2495
vn 0.7362 -0.6677 0.1108
vn 0.3437 -0.9279 0.1443
vn 0.3438 -0.9285 0.1405
vn 0.3150 0.8376 -0.4464
vn 0.2005 0.9314 -0.3039
vn 0.3148 0.8397 -0.4426
vn 0.2004 0.9314 -0.3039
vn -0.1294 -0.9427 0.3077
vn -0.1316 0.9415 -0.3103
vn -0.7719 0.6049 -0.1957
vn -0.8753 -0.4624 0.1418
vn -0.7264 -0.6591 0.1947
vn -0.7082 -0.6774 0.1989
vn 0.0894 -0.9473 0.3075
vn -0.1629 -0.9493 0.2688
vn -0.0000 -0.9622 0.2723
vn -0.1978 -0.9432 0.2670
vn 0.2639 -0.5607 0.7848
vn 0.2233 -0.2564 0.9404
vn -0.1370 -0.2954 0.9455
vn -0.1328 -0.5455 0.8275
vn -0.0295 -0.9502 -0.3102
vn 0.1294 -0.9426 -0.3079
vn 0.1284 -0.9736 -0.1888
vn 0.1328 -0.5455 0.8275
vn 0.1370 -0.2955 0.9455
vn -0.1502 -0.2685 0.9515
vn -0.8560 -0.1685 0.4888
vn 0.8144 -0.1034 0.5710
vn -0.8179 -0.3420 0.4628
vn -0.7327 -0.1916 0.6530
vn 0.7262 -0.3840 0.5702
vn 0.6419 -0.2443 0.7268
vn 0.2234 -0.2515 0.9417
vn 0.2640 -0.5641 0.7823
vn -0.7614 0.6173 0.1983
vn -0.7654 0.5688 0.3011
vn -0.6669 0.6596 0.3466
vn -0.6104 0.7534 0.2446
vn 0.9894 -0.1380 -0.0451
vn 0.9924 0.1170 0.0382
vn 0.9850 0.0711 0.1572
vn 0.9809 -0.1804 0.0733
vn 0.1160 0.9442 0.3083
vn -0.1322 0.9422 0.3078
vn -0.1322 0.8919 0.4325
vn 0.2092 0.8657 0.4547
vn 0.1322 0.9422 0.3078
vn -0.0697 0.9482 0.3099
vn -0.1430 0.8790 0.4548
vn 0.1322 0.8919 0.4326
vn -0.9809 -0.1804 0.0733
vn -0.9850 0.0711 0.1573
vn -0.9924 0.1170 0.0382
vn -0.9894 -0.1381 -0.0451
vn 0.7121 -0.2428 0.6588
vn 0.3299 -0.2462 0.9114
vn -0.7614 0.6172 0.1983
vn -0.6668 0.6597 0.3466
vn 0.6115 0.7535 0.2414
vn 0.6116 0.6859 0.3943
vn 0.2776 0.7626 0.5843
vn 0.3147 0.9045 0.2878
vn -0.0696 0.9482 0.3099
vn -0.1430 0.8769 0.4589
vn 0.2093 0.8635 0.4588
vn 0.6116 0.7535 0.2414
vn 0.0498 -0.9496 -0.3095
vn 0.2278 -0.9627 -0.1460
vn -0.1505 -0.9760 -0.1571
vn -0.8560 -0.1684 0.4888
vn 0.8650 -0.2560 0.4315
vn -0.7327 -0.1915 0.6531
vn 0.7121 -0.2428 0.6587
vn 0.3299 -0.2462 0.9113
vn -0.1503 -0.2638 0.9528
vn -0.1739 -0.5689 0.8038
vn 0.6419 -0.2444 0.7268
vn -0.1284 -0.9736 -0.1888
vn 0.2278 -0.9621 -0.1500
vn 0.6663 -0.7310 -0.1473
vn 0.8193 -0.5591 -0.1271
vn -0.7362 -0.6677 -0.1108
vn 0.8205 -0.5525 -0.1467
vn 0.5863 0.7259 0.3595
vn 0.4516 0.8484 0.2763
vn -0.1294 -0.9426 -0.3079
vn -0.5698 -0.7838 -0.2470
vn -0.5580 -0.7915 -0.2495
vn 0.1750 -0.9366 -0.3036
vn 0.7264 -0.6591 -0.1947
vn 0.1977 -0.9432 -0.2670
vn -0.0000 -0.9622 -0.2724
vn 0.8753 -0.4624 -0.1418
vn 0.7082 -0.6773 -0.1993
vn 0.1629 -0.9486 -0.2712
vn 0.8753 -0.4623 -0.1418
vn -0.8824 -0.4510 -0.1341
vn -0.8635 -0.4832 -0.1445
vn -0.4453 0.8861 0.1286
vn -0.9494 -0.2860 0.1298
vn -0.1689 0.0739 0.9829
vn 0.3178 -0.9397 0.1264
vn 0.1939 -0.9730 0.1250
vn 0.1544 -0.9631 -0.2204
vn 0.3193 -0.9463 -0.0497
vn -0.7949 -0.5515 -0.2531
vn -0.8357 -0.5344 0.1266
vn -0.9454 -0.2484 -0.2110
vn 0.3193 -0.9463 0.0497
vn 0.1544 -0.9631 0.2204
vn 0.1938 -0.9730 -0.1250
vn 0.3178 -0.9397 -0.1264
vn -0.8357 -0.5344 -0.1268
vn -0.7949 -0.5515 0.2531
vn -0.9454 -0.2484 0.2110
vn -0.9493 -0.2859 -0.1304
vn -0.7445 -0.2399 -0.6230
vn -0.5865 -0.3843 -0.7130
vn -0.4843 -0.3348 -0.8083
vn -0.7522 -0.5309 -0.3903
vn -0.9185 -0.2296 -0.3219
vn -0.6717 -0.1888 -0.7163
vn -0.4676 0.8608 -0.2011
vn -0.3181 0.9411 -0.1143
vn -0.2847 0.8445 -0.4536
vn -0.3755 0.7284 -0.5731
vn 0.0480 -0.1419 -0.9887
vn -0.0788 -0.1873 -0.9791
vn -0.1690 0.0739 -0.9829
vn -0.0420 0.1241 -0.9914
vn -0.3177 0.9394 0.1287
vn -0.3177 0.9394 -0.1287
vn -0.4453 0.8862 -0.1281
vn -0.4676 0.8608 0.2011
vn -0.3181 0.9411 0.1143
vn -0.0788 -0.1872 0.9792
vn 0.0480 -0.1418 0.9887
vn -0.0420 0.1241 0.9914
vn -0.6754 -0.1901 0.7125
vn -0.9185 -0.2296 0.3218
vn -0.7522 -0.5310 0.3903
vn -0.4571 -0.3604 0.8131
vn -0.2522 0.7592 0.6000
vn -0.4088 0.6887 0.5988
vn -0.5971 0.7568 0.2661
vn -0.2980 0.9048 0.3041
vn -0.3756 0.7284 0.5731
vn -0.2847 0.8445 0.4536
vn -0.2091 0.6286 -0.7491
vn -0.3195 0.5764 -0.7521
vn -0.3628 0.6651 -0.6527
vn -0.2555 0.7603 -0.5972
vn -0.3137 0.9289 0.1969
vn -0.4593 0.8349 0.3033
vn -0.3628 0.6652 0.6526
vn -0.2555 0.7603 0.5972
vn -0.7445 -0.2399 0.6230
vn -0.5866 -0.3843 0.7129
vn -0.4095 -0.4455 0.7961
vn -0.6857 -0.2463 0.6849
vn -0.5004 -0.1646 -0.8500
vn 0.1518 -0.7371 -0.6585
vn 0.3136 -0.9345 -0.1686
vn 0.3136 -0.9345 0.1686
vn 0.1518 -0.7371 0.6585
vn -0.9255 -0.2479 0.2864
vn 0.1403 -0.6272 0.7661
vn 0.1425 -0.4629 -0.8749
vn 0.2565 -0.7868 -0.5614
vn 0.1266 -0.6683 -0.7331
vn 0.2592 -0.7945 0.5491
vn 0.1534 -0.4953 0.8551
vn 0.0943 -0.6018 -0.7930
vn 0.1143 -0.6765 0.7275
vn 0.1426 -0.9316 0.3344
vn 0.1425 -0.9316 -0.3344
vn -0.5518 -0.0950 -0.8285
vn -0.4593 0.8349 -0.3033
vn -0.3137 0.9289 -0.1969
vn -0.4087 0.6887 -0.5988
vn -0.6782 -0.2426 -0.6937
vn -0.9188 -0.2420 -0.3119
vn -0.5971 0.7568 -0.2661
vn -0.5144 -0.1698 0.8406
vn -0.3195 0.5764 0.7521
vn -0.2064 0.6164 -0.7599
vn -0.2522 0.7592 -0.6000
vn -0.2064 0.6165 0.7599
vn 0.1506 -0.4743 0.8674
vn 0.2089 -0.6866 0.6964
vn -0.2980 0.9048 -0.3041
vn -0.2091 0.6286 0.7491
vn 0.3168 -0.9443 0.0893
vn 0.3168 -0.9443 -0.0893
vn 0.2046 -0.6689 -0.7146
vn 0.1506 -0.4743 -0.8674
vn 0.2812 -0.9597 -0.0000
vn 0.2773 -0.9416 -0.1913
vn 0.2777 -0.9477 0.1573
vn 0.2812 -0.9597 0.0001
vn 0.6717 -0.1902 0.7159
vn 0.7934 -0.5543 -0.2513
vn 0.5958 0.7577 -0.2663
vn -0.1519 -0.7371 -0.6586
vn 0.8360 -0.5345 -0.1240
vn -0.1506 -0.9754 -0.1610
vn -0.7587 -0.5776 -0.3013
vn -0.7262 -0.3841 -0.5702
vn -0.1160 0.9442 -0.3083
vn -0.6418 -0.2444 -0.7268
vn -0.0494 -0.9497 0.3092
vn -0.1749 -0.9366 0.3036
vn -0.6662 -0.7310 0.1473
vn -0.3035 -0.2529 -0.9187
vn -0.8160 -0.5300 0.2309
vn 0.7416 -0.6595 0.1225
vn -0.8753 -0.4623 0.1418
vn -0.7082 -0.6773 0.1992
vn -0.1629 -0.9487 0.2712
vn -0.1328 -0.5455 0.8276
vn 0.8649 -0.2548 0.4324
vn -0.8179 -0.3419 0.4628
vn 0.2639 -0.5642 0.7823
vn 0.2777 0.7626 0.5843
vn 0.8397 -0.5138 -0.1759
vn -0.7362 -0.6677 -0.1107
vn 0.5864 0.7259 0.3594
vn 0.5864 0.7259 0.3595
vn 0.7264 -0.6594 -0.1938
vn 0.1978 -0.9425 -0.2694
vn -0.9454 -0.2484 -0.2111
vn 0.1545 -0.9631 0.2204
vn -0.8356 -0.5344 -0.1268
vn -0.9493 -0.2860 -0.1304
vn -0.6718 -0.1888 -0.7163
vn -0.4453 0.8861 -0.1281
vn -0.6691 -0.2453 -0.7015
vn -0.6858 -0.2463 0.6849
vn -0.5005 -0.1646 -0.8500
vn 0.1518 -0.7371 0.6586
vn -0.9255 -0.2479 0.2863
vn 0.0637 -0.6528 0.7549
vn -0.3929 0.0721 0.9167
vn -0.3585 0.0799 0.9301
vn 0.3986 0.1602 0.9030
vn 0.3842 0.1531 0.9105
vn 0.9097 0.1571 -0.3843
vn 0.3986 0.1602 -0.9030
vn 0.3842 0.1531 -0.9105
vn 0.9175 0.1498 -0.3686
vn -0.3585 0.0799 -0.9301
vn -0.3929 0.0720 -0.9167
vn 0.9250 0.0513 0.3765
vn 0.9245 0.0576 0.3767
vn 0.9211 0.1194 -0.3706
vn 0.9226 0.1053 -0.3712
vn 0.9956 -0.0936 -0.0000
vn 0.9951 -0.0992 -0.0000
vn 0.9122 -0.0403 -0.4078
vn 0.9267 -0.0432 -0.3733
vn 0.9255 0.0673 -0.3728
vn 0.3888 0.0687 -0.9188
vn 0.3847 0.0605 -0.9211
vn 0.9278 0.0591 -0.3682
vn -0.9276 -0.0239 -0.3729
vn -0.9274 -0.0284 -0.3731
vn -0.9977 -0.0679 -0.0000
vn -0.9983 -0.0585 -0.0000
vn 0.9993 -0.0384 -0.0000
vn 0.9278 -0.0163 -0.3728
vn 0.9320 -0.0153 -0.3621
vn 0.9994 -0.0343 -0.0000
vn 0.9983 -0.0585 -0.0000
vn 0.9977 -0.0679 -0.0000
vn 0.9274 -0.0284 -0.3731
vn 0.9276 -0.0239 -0.3729
vn -0.3887 -0.0172 0.9212
vn -0.0000 -0.0397 0.9992
vn -0.0000 -0.0355 0.9994
vn -0.3778 -0.0160 0.9257
vn -0.3986 0.1601 -0.9030
vn -0.9098 0.1570 -0.3843
vn -0.9175 0.1497 -0.3686
vn -0.3843 0.1529 -0.9105
vn 0.3888 -0.0252 -0.9210
vn 0.3891 -0.0300 -0.9207
vn -0.0000 -0.0703 -0.9975
vn -0.0000 -0.0605 -0.9982
vn 0.9226 0.1053 0.3712
vn 0.3871 0.1076 0.9158
vn 0.3864 0.1220 0.9142
vn 0.9211 0.1194 0.3706
vn -0.9226 0.1053 -0.3712
vn -0.9211 0.1194 -0.3706
vn -0.9245 0.0576 0.3767
vn -0.9250 0.0513 0.3765
vn 0.3585 0.0798 -0.9301
vn 0.3929 0.0720 -0.9168
vn -0.3893 -0.0453 0.9200
vn -0.4245 -0.0424 0.9044
vn -0.0000 -0.1027 0.9947
vn -0.0000 -0.0968 0.9953
vn -0.3871 0.1076 -0.9158
vn -0.3864 0.1220 -0.9142
vn -0.9278 -0.0163 -0.3728
vn -0.9993 -0.0384 -0.0000
vn -0.9994 -0.0343 -0.0000
vn -0.9320 -0.0153 -0.3621
vn 0.3893 -0.0453 -0.9200
vn 0.4246 -0.0424 -0.9044
vn -0.0000 -0.1028 -0.9947
vn -0.0000 -0.0969 -0.9953
vn -0.9267 -0.0432 0.3733
vn -0.9122 -0.0403 0.4078
vn -0.3925 0.0532 0.9182
vn -0.3927 0.0598 0.9177
vn 0.9250 0.0513 -0.3765
vn 0.9245 0.0576 -0.3767
vn -0.3891 -0.0299 -0.9207
vn -0.3888 -0.0252 -0.9210
vn -0.3893 -0.0452 -0.9200
vn -0.0000 -0.0968 -0.9953
vn -0.0000 -0.1027 -0.9947
vn -0.4245 -0.0424 -0.9044
vn -0.9956 -0.0937 -0.0000
vn -0.9951 -0.0993 -0.0000
vn 0.9276 -0.0239 0.3729
vn 0.9274 -0.0284 0.3731
vn 0.3893 -0.0453 0.9200
vn -0.0000 -0.0969 0.9953
vn -0.0000 -0.1028 0.9947
vn 0.4245 -0.0424 0.9044
vn 0.9956 -0.0935 -0.0000
vn 0.9267 -0.0432 0.3733
vn 0.9122 -0.0403 0.4078
vn -0.9098 0.1569 0.3843
vn -0.3986 0.1600 0.9030
vn -0.3843 0.1529 0.9105
vn -0.9175 0.1497 0.3686
vn -0.9255 0.0673 -0.3728
vn -0.9259 0.0323 0.3765
vn -0.9220 0.0278 0.3861
vn -0.9279 0.0591 -0.3682
vn -0.9250 0.0513 -0.3765
vn -0.8207 0.0314 -0.5705
vn -0.3871 0.1076 0.9158
vn -0.9226 0.1053 0.3712
vn -0.8125 0.1271 0.5690
vn -0.3864 0.1220 0.9142
vn 0.3887 -0.0172 0.9212
vn 0.9259 0.0323 0.3765
vn 0.9220 0.0278 0.3861
vn 0.3778 -0.0160 0.9257
vn 0.3925 0.0335 -0.9191
vn 0.4025 0.0289 -0.9150
vn 0.3864 0.1220 -0.9142
vn 0.3871 0.1076 -0.9158
vn -0.3925 0.0335 -0.9191
vn -0.4025 0.0289 -0.9150
vn 0.3887 -0.0172 -0.9212
vn -0.0000 -0.0397 -0.9992
vn -0.0000 -0.0355 -0.9994
vn 0.3778 -0.0160 -0.9257
vn -0.3888 0.0687 -0.9188
vn -0.3847 0.0605 -0.9211
vn -0.9278 -0.0163 0.3728
vn -0.9320 -0.0153 0.3621
vn -0.9360 0.0769 0.3436
vn -0.9237 0.0693 0.3769
vn -0.3925 0.0335 0.9191
vn -0.4025 0.0289 0.9150
vn 0.9278 -0.0163 0.3728
vn 0.9320 -0.0153 0.3621
vn 0.9097 0.1571 0.3843
vn 0.9174 0.1499 0.3686
vn 0.9360 0.0770 -0.3436
vn 0.9237 0.0694 -0.3769
vn -0.9255 0.0673 0.3728
vn -0.3888 0.0687 0.9188
vn -0.3847 0.0605 0.9211
vn -0.9279 0.0591 0.3682
vn 0.9259 0.0323 -0.3765
vn 0.9220 0.0278 -0.3861
vn -0.9360 0.0769 -0.3436
vn -0.9237 0.0693 -0.3769
vn 0.3929 0.0720 0.9168
vn 0.3585 0.0798 0.9301
vn 0.3925 0.0335 0.9191
vn 0.4025 0.0289 0.9150
vn 0.9237 0.0694 0.3769
vn 0.9360 0.0770 0.3436
vn -0.9274 -0.0284 0.3731
vn -0.9276 -0.0239 0.3729
vn -0.3887 -0.0172 -0.9212
vn -0.3778 -0.0160 -0.9257
vn 0.9581 0.2597 0.1211
vn 0.5893 0.7637 0.2634
vn 0.6711 0.4978 0.5494
vn 0.8540 0.2510 0.4557
vn -0.0000 -0.0000 -1.0000
vn -0.1270 0.3383 -0.9324
vn 0.2573 0.0098 -0.9663
vn 0.1431 -0.0721 -0.9871
vn -0.1401 0.9506 -0.2771
vn -0.1899 0.8475 -0.4957
vn -0.2526 0.9363 -0.2440
vn 0.8521 0.3167 0.4167
vn 0.4922 0.8146 0.3068
vn 0.2147 0.8606 0.4619
vn 0.9104 0.3443 0.2293
vn 0.2147 0.1601 0.9635
vn 0.3113 0.8579 -0.4089
vn 0.8264 0.3576 -0.4350
vn 0.5690 0.5915 -0.5713
vn 0.3361 0.9136 -0.2290
vn 0.7994 -0.0816 -0.5953
vn 0.9820 -0.0000 -0.1890
vn 0.2713 0.0004 0.9625
vn 0.8548 -0.1423 0.4991
vn 0.9820 -0.0000 0.1890
vn -0.2147 0.8606 0.4618
vn -0.5301 0.3524 0.7712
vn -0.2147 0.1601 0.9635
vn -0.2043 0.9261 0.3172
vn -0.8264 0.3576 0.4350
vn -0.2147 0.8606 -0.4619
vn -0.9104 0.3443 -0.2293
vn -0.8521 0.3167 -0.4167
vn -0.4922 0.8146 -0.3067
vn -0.2147 0.1601 -0.9635
vn -0.2713 -0.0000 -0.9625
vn -0.8548 -0.1423 -0.4991
vn -0.9820 0.0001 -0.1890
vn -0.7994 -0.0816 0.5952
vn -0.2713 -0.0000 0.9625
vn -0.9820 -0.0000 0.1890
vn -0.3335 0.2138 0.9182
vn -0.3036 0.8215 0.4826
vn -0.4700 0.8587 0.2043
vn -0.4852 0.2378 0.8414
vn -0.9309 0.2652 0.2511
vn 0.3127 0.9280 0.2027
vn 0.4501 0.3627 0.8160
vn 0.5883 0.5913 0.5517
vn 0.4699 0.8587 0.2043
vn 0.6684 -0.1260 0.7331
vn 0.9670 -0.0000 0.2546
vn 0.9676 0.1569 0.1979
vn 0.2261 -0.0948 0.9695
vn 0.2864 0.9485 0.1353
vn 0.1181 0.7567 0.6430
vn 0.4750 0.2568 0.8417
vn 0.2630 0.2739 0.9251
vn -0.4699 0.8587 -0.2043
vn -0.7806 0.3580 -0.5123
vn -0.9676 0.1570 -0.1979
vn -0.3127 0.9280 -0.2027
vn -0.4501 0.3627 -0.8160
vn 0.5752 0.5843 -0.5725
vn 0.4852 0.2379 -0.8414
vn 0.3334 0.2139 -0.9182
vn 0.4261 0.8370 -0.3433
vn 0.9647 0.2168 -0.1497
vn -0.6105 -0.0799 -0.7879
vn -0.9670 -0.0000 -0.2547
vn -0.2014 -0.0000 -0.9795
vn 1.0000 -0.0000 -0.0000
vn 0.8217 0.5076 -0.2592
vn 0.1269 0.9811 -0.1463
vn -0.0000 1.0000 -0.0000
vn 0.9801 0.1307 0.1497
vn 0.4968 0.8300 0.2533
vn -0.0000 -0.0000 1.0000
vn -0.7160 0.6938 0.0770
vn -0.0815 0.7042 0.7053
vn -0.0854 0.9929 0.0823
vn -0.0854 0.9929 -0.0824
vn -0.7160 0.6938 -0.0771
vn -0.0815 0.7043 -0.7052
vn -0.1385 0.5751 -0.8062
vn -0.8155 0.5633 -0.1330
vn 0.7160 0.6938 0.0770
vn 0.0815 0.7043 0.7053
vn 0.1385 0.5751 0.8062
vn 0.8155 0.5633 0.1329
vn 0.0854 0.9929 -0.0824
vn 0.0814 0.7043 -0.7052
vn -0.1385 0.5751 0.8062
vn 0.7160 0.6938 -0.0770
vn 0.0854 0.9929 0.0823
vn 0.1385 0.5751 -0.8063
vn 0.8155 0.5633 -0.1330
vn -0.8155 0.5633 0.1329
vn 0.4885 0.2450 -0.8375
vn 0.4867 0.2445 -0.8386
vn 0.9271 0.3033 -0.2203
vn 0.9257 0.3037 -0.2257
vn 0.8475 0.1474 0.5099
vn 0.8522 0.1507 0.5010
vn 0.2850 -0.1385 0.9485
vn 0.2926 -0.1353 0.9466
vn -0.4369 -0.3823 0.8142
vn -0.4368 -0.3823 0.8143
vn -0.8753 -0.4382 0.2045
vn -0.8769 -0.4378 0.1984
vn -0.8027 -0.2869 -0.5229
vn -0.7988 -0.2842 -0.5302
vn -0.2427 -0.0042 -0.9701
vn -0.2358 -0.0014 -0.9718
vn 0.7426 0.6511 -0.1570
vn 0.3242 0.6013 -0.7303
vn -0.3423 0.9263 0.1577
vn 0.6737 0.5111 0.5338
vn 0.1414 0.2498 0.9579
vn -0.5487 0.0125 0.8359
vn -0.9676 -0.0495 0.2476
vn -0.8887 0.1010 -0.4471
vn -0.3555 0.3749 -0.8562
vn 0.1588 0.3779 -0.9121
vn -0.5033 0.0355 -0.8634
vn -0.4600 0.8871 -0.0372
vn 0.3295 0.0729 -0.9413
vn 0.3221 0.0689 -0.9442
vn 0.8262 0.3540 -0.4383
vn 0.8283 0.3553 -0.4332
vn 0.8608 0.4039 0.3096
vn 0.8612 0.4041 0.3084
vn 0.4110 0.1930 0.8910
vn 0.4166 0.1958 0.8877
vn -0.2825 -0.1656 0.9449
vn -0.2759 -0.1620 0.9474
vn -0.7817 -0.4451 0.4367
vn -0.7801 -0.4441 0.4406
vn -0.8146 -0.4934 -0.3050
vn -0.8145 -0.4933 -0.3053
vn -0.3694 -0.2878 -0.8836
vn -0.3648 -0.2855 -0.8862
vn 0.6396 0.6393 -0.4269
vn 0.6715 0.6844 0.2842
vn 0.2419 0.4929 0.8358
vn -0.4178 0.1549 0.8952
vn -0.9017 -0.1243 0.4142
vn -0.9357 -0.1735 -0.3071
vn 0.1755 0.4651 -0.8677
vn -0.4901 0.1330 -0.8615
vn -0.4458 0.8939 0.0482
vn 0.3882 -0.0468 -0.9204
vn 0.3804 -0.0502 -0.9235
vn 0.8844 0.2189 -0.4122
vn 0.8876 0.2214 -0.4039
vn 0.8842 0.3303 0.3304
vn 0.8829 0.3303 0.3338
vn 0.3808 0.2229 0.8974
vn 0.3838 0.2239 0.8959
vn -0.3526 -0.0499 0.9344
vn -0.3457 -0.0468 0.9372
vn -0.8524 -0.3155 0.4170
vn -0.8496 -0.3134 0.4242
vn -0.8470 -0.4239 -0.3209
vn -0.8486 -0.4238 -0.3167
vn -0.3474 -0.3198 -0.8815
vn -0.3454 -0.3192 -0.8825
vn 0.7335 0.5257 -0.4307
vn 0.2528 0.2777 -0.9268
vn -0.3503 0.9264 -0.1377
vn 0.7275 0.6276 0.2772
vn 0.2468 0.5322 0.8099
vn -0.4462 0.2775 0.8508
vn -0.9305 0.0151 0.3661
vn -0.9324 -0.0930 -0.3492
vn -0.4487 0.0164 -0.8935
vn 0.3423 0.1634 -0.9253
vn 0.3363 0.1606 -0.9280
vn 0.8370 0.3833 -0.3904
vn 0.8376 0.3835 -0.3891
vn 0.8630 0.3556 0.3589
vn 0.8646 0.3567 0.3539
vn 0.4014 0.0931 0.9111
vn 0.4086 0.0969 0.9075
vn -0.2964 -0.2564 0.9200
vn -0.2914 -0.2540 0.9222
vn -0.7923 -0.4737 0.3845
vn -0.7922 -0.4737 0.3848
vn -0.8196 -0.4470 -0.3584
vn -0.8183 -0.4461 -0.3624
vn -0.3631 -0.1900 -0.9122
vn -0.3568 -0.1868 -0.9153
vn 0.6529 0.6675 -0.3578
vn 0.6796 0.6423 0.3544
vn 0.2394 0.4025 0.8836
vn -0.4285 0.0687 0.9009
vn -0.9094 -0.1515 0.3873
vn -0.9338 -0.1248 -0.3354
vn -0.4885 0.2450 -0.8375
vn -0.9257 0.3037 -0.2257
vn -0.9271 0.3033 -0.2203
vn -0.4867 0.2445 -0.8386
vn -0.8522 0.1507 0.5010
vn -0.8475 0.1474 0.5099
vn -0.2926 -0.1353 0.9466
vn -0.2850 -0.1385 0.9485
vn 0.4368 -0.3823 0.8143
vn 0.4369 -0.3823 0.8142
vn 0.8769 -0.4378 0.1984
vn 0.8753 -0.4382 0.2045
vn 0.7988 -0.2842 -0.5302
vn 0.8027 -0.2869 -0.5229
vn 0.2358 -0.0014 -0.9718
vn 0.2427 -0.0042 -0.9701
vn -0.7426 0.6511 -0.1569
vn 0.3423 0.9263 0.1577
vn -0.3242 0.6013 -0.7303
vn -0.6737 0.5111 0.5338
vn -0.1414 0.2498 0.9579
vn 0.5487 0.0125 0.8359
vn 0.9676 -0.0495 0.2476
vn 0.8887 0.1010 -0.4471
vn 0.3555 0.3749 -0.8562
vn 0.0214 -0.1120 -0.9935
vn -0.6276 0.2372 -0.7415
vn -0.6224 0.2342 -0.7468
vn 0.0285 -0.1157 -0.9929
vn -0.9083 0.4129 -0.0667
vn -0.9082 0.4128 -0.0690
vn -0.6913 0.3291 0.6433
vn -0.6886 0.3279 0.6468
vn -0.0754 0.0225 0.9969
vn -0.0681 0.0187 0.9975
vn 0.5765 -0.3260 0.7492
vn 0.5807 -0.3284 0.7450
vn 0.8619 -0.5018 0.0723
vn 0.8620 -0.5020 0.0701
vn 0.6424 -0.4188 -0.6418
vn 0.6442 -0.4196 -0.6395
vn -0.4451 0.5304 -0.7215
vn 0.4600 0.8871 -0.0372
vn 0.1759 0.2034 -0.9632
vn -0.7177 0.6923 -0.0755
vn -0.5062 0.6158 0.6038
vn 0.0837 0.3310 0.9399
vn 0.7053 -0.0058 0.7089
vn 0.9814 -0.1828 0.0585
vn 0.7696 -0.0972 -0.6311
vn -0.6920 0.0999 -0.7149
vn -0.9528 0.3013 -0.0377
vn -0.9528 0.3003 -0.0445
vn -0.6855 0.0963 -0.7217
vn -0.6857 0.3040 0.6613
vn -0.6857 0.3040 0.6614
vn -0.0200 0.1003 0.9948
vn -0.0140 0.0981 0.9951
vn 0.6510 -0.1924 0.7343
vn 0.6566 -0.1954 0.7285
vn 0.9174 -0.3938 0.0570
vn 0.9174 -0.3947 0.0504
vn 0.6502 -0.3987 -0.6467
vn 0.6493 -0.3985 -0.6478
vn -0.5446 0.4138 -0.7295
vn 0.3503 0.9264 -0.1377
vn 0.0979 0.1374 -0.9857
vn -0.0214 -0.1951 -0.9805
vn -0.0156 -0.1973 -0.9802
vn -0.7963 0.5998 -0.0786
vn -0.5363 0.6049 0.5887
vn 0.0991 0.4174 0.9033
vn 0.7381 0.1355 0.6609
vn 0.9978 -0.0649 0.0126
vn 0.7414 -0.0647 -0.6679
vn 0.0096 -0.0088 -0.9999
vn -0.6391 0.3008 -0.7079
vn -0.6360 0.2994 -0.7112
vn 0.0168 -0.0125 -0.9998
vn -0.9152 0.4025 -0.0188
vn -0.9153 0.4025 -0.0167
vn -0.6895 0.2506 0.6795
vn -0.6848 0.2479 0.6852
vn -0.0621 -0.0815 0.9947
vn -0.0548 -0.0851 0.9949
vn 0.5913 -0.3914 0.7051
vn 0.5933 -0.3923 0.7029
vn 0.8704 -0.4922 0.0122
vn 0.8703 -0.4923 0.0143
vn 0.6404 -0.3401 -0.6886
vn 0.6441 -0.3422 -0.6841
vn -0.4604 0.5919 -0.6616
vn 0.4458 0.8939 0.0482
vn 0.1596 0.3036 -0.9393
vn -0.7289 0.6846 -0.0031
vn -0.5096 0.5448 0.6660
vn 0.0914 0.2348 0.9677
vn 0.7157 -0.0674 0.6951
vn 0.9848 -0.1714 0.0267
vn 0.7617 -0.0181 -0.6477
vn 0.4812 0.2665 -0.8351
vn 0.4797 0.2661 -0.8361
vn 0.9206 0.3244 -0.2173
vn 0.9192 0.3248 -0.2227
vn 0.8412 0.1686 0.5138
vn 0.8458 0.1719 0.5050
vn 0.2778 -0.1173 0.9534
vn 0.2854 -0.1141 0.9516
vn -0.4454 -0.3618 0.8189
vn -0.4451 -0.3617 0.8192
vn -0.8842 -0.4182 0.2081
vn -0.8858 -0.4178 0.2021
vn -0.8114 -0.2664 -0.5202
vn -0.8074 -0.2636 -0.5278
vn -0.2508 0.0173 -0.9679
vn -0.2437 0.0202 -0.9696
vn 0.7655 0.6220 -0.1647
vn 0.3423 0.5713 -0.7460
vn -0.3425 0.9261 0.1581
vn 0.6959 0.4797 0.5345
vn 0.1572 0.2141 0.9641
vn -0.5419 -0.0260 0.8401
vn -0.9656 -0.0879 0.2445
vn -0.8864 0.0642 -0.4585
vn -0.3465 0.3413 -0.8738
vn 0.6855 0.0963 -0.7217
vn 0.9528 0.3003 -0.0445
vn 0.9528 0.3013 -0.0377
vn 0.6920 0.0999 -0.7149
vn 0.6857 0.3040 0.6614
vn 0.6857 0.3040 0.6613
vn 0.0140 0.0981 0.9951
vn 0.0200 0.1003 0.9948
vn -0.6566 -0.1954 0.7285
vn -0.6510 -0.1924 0.7343
vn -0.9174 -0.3947 0.0504
vn -0.9174 -0.3938 0.0570
vn -0.6493 -0.3985 -0.6478
vn -0.6502 -0.3987 -0.6467
vn 0.5446 0.4138 -0.7295
vn -0.0979 0.1374 -0.9857
vn 0.0156 -0.1973 -0.9802
vn 0.0214 -0.1951 -0.9805
vn 0.7963 0.5998 -0.0786
vn 0.5363 0.6049 0.5887
vn -0.0991 0.4174 0.9033
vn -0.7381 0.1355 0.6609
vn -0.9978 -0.0649 0.0126
vn -0.7414 -0.0647 -0.6679
vn 0.0485 0.9229 -0.3819
vn -0.9406 0.3331 -0.0662
vn -0.6233 0.5694 0.5360
vn 0.6360 0.2994 -0.7112
vn 0.9153 0.4025 -0.0167
vn 0.9152 0.4025 -0.0188
vn 0.6391 0.3008 -0.7079
vn 0.6848 0.2479 0.6852
vn 0.6895 0.2506 0.6795
vn 0.0548 -0.0851 0.9949
vn 0.0621 -0.0815 0.9947
vn -0.5933 -0.3923 0.7029
vn -0.5913 -0.3914 0.7051
vn -0.8703 -0.4923 0.0143
vn -0.8704 -0.4922 0.0122
vn -0.6441 -0.3422 -0.6841
vn -0.6404 -0.3401 -0.6886
vn 0.4604 0.5919 -0.6616
vn -0.1596 0.3036 -0.9393
vn -0.4457 0.8939 0.0482
vn -0.0168 -0.0125 -0.9998
vn -0.0096 -0.0088 -0.9999
vn 0.7289 0.6846 -0.0031
vn 0.5096 0.5448 0.6660
vn -0.0914 0.2348 0.9677
vn -0.7157 -0.0674 0.6951
vn -0.9848 -0.1714 0.0267
vn -0.7617 -0.0181 -0.6477
vn -0.4812 0.2665 -0.8351
vn -0.9192 0.3248 -0.2227
vn -0.9206 0.3244 -0.2173
vn -0.4797 0.2661 -0.8361
vn -0.8458 0.1719 0.5050
vn -0.8412 0.1686 0.5138
vn -0.2854 -0.1141 0.9516
vn -0.2778 -0.1173 0.9534
vn 0.4451 -0.3617 0.8192
vn 0.4454 -0.3618 0.8189
vn 0.8858 -0.4178 0.2021
vn 0.8842 -0.4182 0.2081
vn 0.8074 -0.2636 -0.5278
vn 0.8114 -0.2664 -0.5202
vn 0.2437 0.0202 -0.9696
vn 0.2508 0.0173 -0.9679
vn -0.7655 0.6220 -0.1647
vn 0.3425 0.9261 0.1581
vn -0.3423 0.5713 -0.7460
vn -0.6959 0.4797 0.5345
vn -0.1572 0.2141 0.9641
vn 0.5419 -0.0260 0.8401
vn 0.9656 -0.0879 0.2445
vn 0.8864 0.0642 -0.4585
vn 0.3465 0.3413 -0.8738
vn -0.3295 0.0729 -0.9413
vn -0.8283 0.3553 -0.4332
vn -0.8262 0.3540 -0.4383
vn -0.3221 0.0689 -0.9442
vn -0.8612 0.4041 0.3084
vn -0.8608 0.4039 0.3096
vn -0.4166 0.1958 0.8877
vn -0.4110 0.1930 0.8910
vn 0.2759 -0.1620 0.9474
vn 0.2825 -0.1656 0.9449
vn 0.7801 -0.4441 0.4406
vn 0.7817 -0.4451 0.4367
vn 0.8145 -0.4933 -0.3053
vn 0.8146 -0.4934 -0.3050
vn 0.3648 -0.2855 -0.8862
vn 0.3694 -0.2878 -0.8836
vn -0.6396 0.6393 -0.4269
vn -0.1588 0.3779 -0.9121
vn -0.6715 0.6844 0.2842
vn -0.2419 0.4929 0.8358
vn 0.4178 0.1549 0.8952
vn 0.9017 -0.1243 0.4142
vn 0.9357 -0.1735 -0.3071
vn 0.5033 0.0355 -0.8634
vn -0.3423 0.1634 -0.9253
vn -0.8376 0.3835 -0.3891
vn -0.8370 0.3833 -0.3904
vn -0.3363 0.1606 -0.9280
vn -0.8646 0.3567 0.3539
vn -0.8630 0.3556 0.3589
vn -0.4086 0.0969 0.9075
vn -0.4014 0.0931 0.9111
vn 0.2914 -0.2540 0.9222
vn 0.2964 -0.2564 0.9200
vn 0.7922 -0.4737 0.3848
vn 0.7923 -0.4737 0.3845
vn 0.8183 -0.4461 -0.3624
vn 0.8196 -0.4470 -0.3584
vn 0.3568 -0.1868 -0.9153
vn 0.3631 -0.1900 -0.9122
vn -0.6529 0.6675 -0.3578
vn -0.1755 0.4651 -0.8677
vn -0.6796 0.6423 0.3544
vn -0.2394 0.4025 0.8836
vn 0.4285 0.0687 0.9009
vn 0.9094 -0.1515 0.3873
vn 0.9338 -0.1248 -0.3354
vn 0.4901 0.1330 -0.8615
vn -0.6742 0.2674 0.6884
vn 0.0485 0.3341 0.9413
vn 0.0501 0.3340 0.9412
vn -0.6826 0.2649 0.6811
vn 0.7410 0.1761 0.6481
vn 0.7499 0.1718 0.6389
vn 0.9942 -0.1080 -0.0026
vn 0.9932 -0.1148 -0.0190
vn 0.6764 -0.3591 -0.6431
vn 0.6672 -0.3620 -0.6510
vn -0.0548 -0.4292 -0.9016
vn -0.0532 -0.4293 -0.9016
vn -0.7534 -0.2663 -0.6012
vn -0.7437 -0.2709 -0.6111
vn -0.9983 0.0208 0.0544
vn -0.9992 0.0140 0.0380
vn 0.0620 0.6342 0.7707
vn 0.7198 0.4831 0.4985
vn 0.9702 0.2100 -0.1211
vn 0.6684 -0.0275 -0.7433
vn -0.0365 -0.0907 -0.9952
vn -0.7096 0.0617 -0.7019
vn -0.1658 0.8823 -0.4406
vn -0.9764 0.0343 -0.2135
vn -0.8318 0.3754 0.4089
vn -0.8164 0.0768 0.5724
vn -0.1911 0.3645 0.9114
vn -0.1967 0.3631 0.9107
vn -0.8257 0.0688 0.5599
vn 0.5522 0.4115 0.7251
vn 0.5601 0.4103 0.7197
vn 0.9711 0.1953 0.1372
vn 0.9749 0.1874 0.1201
vn 0.8410 -0.1593 -0.5171
vn 0.8311 -0.1678 -0.5303
vn 0.2127 -0.4538 -0.8653
vn 0.2071 -0.4552 -0.8660
vn -0.5421 -0.4999 -0.6755
vn -0.5333 -0.5012 -0.6814
vn -0.9576 -0.2771 -0.0789
vn -0.9537 -0.2850 -0.0962
vn -0.2358 0.6486 0.7237
vn 0.4676 0.6913 0.5510
vn 0.8740 0.4859 -0.0051
vn 0.7546 0.1504 -0.6388
vn 0.1495 -0.1293 -0.9803
vn -0.5795 -0.1774 -0.7954
vn -0.9360 -0.1870 0.2983
vn -0.5065 0.1038 0.8560
vn -0.5432 0.2576 0.7991
vn -0.9693 -0.0333 0.2435
vn 0.1426 0.2942 0.9450
vn 0.1498 0.4587 0.8759
vn 0.8853 0.2867 0.3662
vn 0.9616 0.0981 -0.2563
vn 0.9175 0.2497 -0.3096
vn 0.8189 0.4503 0.3559
vn 0.5873 0.3353 0.7366
vn 0.5478 0.4835 0.6828
vn 0.5373 -0.1959 -0.8203
vn 0.4923 -0.0379 -0.8696
vn -0.2143 -0.4050 -0.8889
vn -0.2515 -0.2434 -0.9368
vn -0.8198 -0.3955 -0.4140
vn -0.8520 -0.2385 -0.4660
vn -0.2299 0.9235 -0.3072
vn -0.5107 0.3058 0.8036
vn 0.2478 0.4135 0.8761
vn 0.2519 0.4134 0.8750
vn -0.5202 0.3024 0.7987
vn 0.8570 0.2529 0.4490
vn 0.8656 0.2469 0.4356
vn 0.9731 -0.0768 -0.2171
vn 0.9683 -0.0862 -0.2345
vn 0.5272 -0.3935 -0.7531
vn 0.5169 -0.3972 -0.7583
vn -0.2429 -0.5042 -0.8287
vn -0.2382 -0.5044 -0.8300
vn -0.8558 -0.3372 -0.3923
vn -0.8468 -0.3435 -0.4062
vn -0.5104 0.5950 0.6208
vn -0.0827 0.8887 -0.4509
vn -0.9463 0.2982 0.1251
vn -0.9610 -0.0048 0.2765
vn -0.9656 -0.0139 0.2595
vn 0.2061 0.6962 0.6876
vn 0.7885 0.5431 0.2886
vn 0.9081 0.2295 -0.3502
vn 0.4813 -0.0705 -0.8737
vn -0.2626 -0.1769 -0.9485
vn -0.8531 -0.0203 -0.5213
vn 0.6742 0.2674 -0.6884
vn -0.0485 0.3341 -0.9413
vn -0.0501 0.3340 -0.9412
vn 0.6826 0.2649 -0.6811
vn -0.7410 0.1761 -0.6481
vn -0.7499 0.1718 -0.6389
vn -0.9942 -0.1080 0.0026
vn -0.9932 -0.1148 0.0190
vn -0.6764 -0.3591 0.6431
vn -0.6672 -0.3620 0.6510
vn 0.0548 -0.4292 0.9016
vn 0.0532 -0.4293 0.9016
vn 0.7534 -0.2663 0.6012
vn 0.7437 -0.2709 0.6111
vn 0.9983 0.0208 -0.0544
vn 0.9992 0.0140 -0.0380
vn -0.0620 0.6342 -0.7707
vn -0.0485 0.9229 0.3819
vn 0.6233 0.5694 -0.5360
vn -0.7198 0.4831 -0.4985
vn -0.9702 0.2100 0.1211
vn -0.6684 -0.0275 0.7433
vn 0.0365 -0.0908 0.9952
vn 0.7096 0.0617 0.7019
vn 0.9406 0.3331 0.0662
vn 0.5476 0.2420 -0.8010
vn -0.1963 0.4240 -0.8841
vn -0.1984 0.4241 -0.8836
vn 0.5579 0.2372 -0.7953
vn -0.8226 0.3308 -0.4625
vn -0.8311 0.3263 -0.4503
vn -0.9784 0.0242 0.2051
vn -0.9748 0.0146 0.2228
vn -0.5732 -0.3280 0.7509
vn -0.5622 -0.3331 0.7569
vn 0.1813 -0.5143 0.8383
vn 0.1786 -0.5141 0.8389
vn 0.8130 -0.4156 0.4078
vn 0.8040 -0.4204 0.4206
vn 0.5735 0.5330 -0.6221
vn 0.1658 0.8823 0.4406
vn 0.9728 0.2004 -0.1163
vn 0.9589 -0.1050 -0.2637
vn 0.9624 -0.1142 -0.2466
vn -0.1298 0.7039 -0.6984
vn -0.7278 0.6144 -0.3045
vn -0.8847 0.3239 0.3352
vn -0.4972 -0.0092 0.8676
vn 0.2311 -0.1887 0.9545
vn 0.8400 -0.0985 0.5335
vn 0.2282 0.9245 0.3053
vn 0.9877 0.0156 0.1557
vn 0.8215 0.2767 -0.4987
vn 0.7827 -0.0422 -0.6210
vn 0.1468 0.2280 -0.9625
vn 0.1524 0.2265 -0.9620
vn 0.7902 -0.0473 -0.6111
vn -0.5835 0.3354 -0.7396
vn -0.5879 0.3353 -0.7362
vn -0.9698 0.2205 -0.1046
vn -0.9719 0.2167 -0.0915
vn -0.8123 -0.0476 0.5812
vn -0.8041 -0.0533 0.5921
vn -0.1751 -0.3225 0.9302
vn -0.1694 -0.3241 0.9307
vn 0.5641 -0.4298 0.7051
vn 0.5587 -0.4298 0.7093
vn 0.9485 -0.3103 0.0631
vn 0.9463 -0.3141 0.0763
vn 0.2154 0.5359 -0.8164
vn -0.4773 0.6341 -0.6083
vn -0.8523 0.5230 -0.0059
vn -0.7039 0.2717 0.6563
vn -0.0912 0.0135 0.9957
vn 0.6198 -0.0946 0.7790
vn 0.0827 0.8887 0.4509
vn 0.9708 0.1294 0.2018
vn 0.7851 0.4615 -0.4131
vn 0.7971 0.1656 -0.5807
vn 0.1430 0.3934 -0.9082
vn 0.1468 0.3928 -0.9078
vn 0.8069 0.1587 -0.5689
vn -0.5988 0.3636 -0.7136
vn -0.6080 0.3612 -0.7071
vn -0.9874 0.0988 -0.1234
vn -0.9903 0.0900 -0.1056
vn -0.8137 -0.2496 0.5250
vn -0.8032 -0.2569 0.5374
vn -0.1546 -0.4839 0.8613
vn -0.1507 -0.4845 0.8617
vn 0.5982 -0.4516 0.6620
vn 0.5882 -0.4543 0.6691
vn 0.9815 -0.1805 0.0636
vn 0.9785 -0.1894 0.0815
vn 0.1625 0.6776 -0.7172
vn -0.5395 0.6485 -0.5370
vn -0.9178 0.3965 0.0215
vn -0.7569 0.0657 0.6503
vn -0.1215 -0.1565 0.9802
vn 0.6057 -0.1284 0.7852
vn -0.3454 0.3290 -0.8789
vn 0.4368 0.2781 -0.8555
vn 0.4294 0.2798 -0.8587
vn -0.3403 0.3295 -0.8807
vn 0.9430 0.0337 -0.3311
vn 0.9375 0.0401 -0.3457
vn 0.8971 -0.2531 0.3622
vn 0.9040 -0.2477 0.3484
vn 0.3340 -0.4244 0.8416
vn 0.3397 -0.4239 0.8396
vn -0.4326 -0.3750 0.8199
vn -0.4407 -0.3731 0.8165
vn -0.9412 -0.1344 0.3101
vn -0.9469 -0.1278 0.2949
vn -0.3052 0.6293 -0.7147
vn -0.8454 0.4652 -0.2624
vn 0.0485 0.9229 0.3819
vn -0.9101 0.1538 -0.3849
vn -0.9035 0.1590 -0.3981
vn 0.4221 0.5826 -0.6946
vn 0.9114 0.3522 -0.2128
vn 0.8866 0.0770 0.4562
vn 0.3440 -0.0869 0.9349
vn -0.4085 -0.0381 0.9120
vn -0.8944 0.1920 0.4039
vn -0.9693 -0.0333 -0.2435
vn -0.5432 0.2576 -0.7991
vn -0.5065 0.1038 -0.8560
vn -0.9360 -0.1870 -0.2983
vn -0.8164 0.0768 -0.5724
vn -0.8257 0.0688 -0.5599
vn -0.1967 0.3631 -0.9107
vn -0.1911 0.3645 -0.9114
vn 0.5601 0.4103 -0.7197
vn 0.5522 0.4115 -0.7251
vn 0.9749 0.1874 -0.1201
vn 0.9711 0.1953 -0.1372
vn 0.8311 -0.1678 0.5303
vn 0.8410 -0.1593 0.5171
vn 0.2071 -0.4552 0.8660
vn 0.2127 -0.4538 0.8653
vn -0.5333 -0.5012 0.6814
vn -0.5421 -0.4999 0.6755
vn -0.9537 -0.2850 0.0962
vn -0.9576 -0.2771 0.0789
vn -0.2358 0.6486 -0.7237
vn -0.8318 0.3754 -0.4089
vn -0.1658 0.8823 0.4406
vn 0.4676 0.6913 -0.5510
vn 0.8740 0.4859 0.0051
vn 0.7546 0.1504 0.6388
vn 0.1495 -0.1293 0.9803
vn -0.5795 -0.1774 0.7954
vn -0.9764 0.0343 0.2135
vn 0.1975 0.4622 -0.8645
vn 0.2377 0.3095 -0.9207
vn 0.7970 0.4540 -0.3983
vn 0.8385 0.3035 -0.4525
vn 0.9175 0.2497 0.3096
vn 0.9616 0.0981 0.2563
vn 0.4923 -0.0379 0.8696
vn 0.5373 -0.1959 0.8203
vn -0.2515 -0.2434 0.9368
vn -0.2143 -0.4050 0.8889
vn -0.8520 -0.2385 0.4660
vn -0.8198 -0.3955 0.4140
vn -0.2282 0.9245 0.3053
vn -0.5202 0.3024 -0.7987
vn 0.2519 0.4134 -0.8750
vn 0.2478 0.4135 -0.8761
vn -0.5107 0.3058 -0.8036
vn 0.8656 0.2469 -0.4356
vn 0.8570 0.2529 -0.4490
vn 0.9683 -0.0862 0.2345
vn 0.9731 -0.0768 0.2171
vn 0.5169 -0.3972 0.7583
vn 0.5272 -0.3935 0.7531
vn -0.2382 -0.5044 0.8300
vn -0.2429 -0.5042 0.8287
vn -0.8468 -0.3435 0.4062
vn -0.8558 -0.3372 0.3923
vn -0.5104 0.5950 -0.6208
vn -0.9463 0.2982 -0.1251
vn -0.0827 0.8887 0.4509
vn -0.9656 -0.0139 -0.2595
vn -0.9610 -0.0048 -0.2765
vn 0.2061 0.6962 -0.6876
vn 0.7885 0.5431 -0.2886
vn 0.9081 0.2295 0.3502
vn 0.4813 -0.0705 0.8737
vn -0.2626 -0.1769 0.9485
vn -0.8531 -0.0203 0.5213
vn -0.9955 0.0949 -0.0000
vn -0.9971 0.0766 -0.0000
vn -0.9981 0.0610 -0.0000
vn -0.0000 0.0793 -0.9969
vn -0.0000 0.0632 -0.9980
vn -0.0000 0.0982 -0.9952
vn -0.0000 0.1055 -0.9944
vn -0.9948 0.1019 -0.0000
vn -0.0001 0.1055 0.9944
vn -0.0000 0.0982 0.9952
vn -0.0000 0.0793 0.9969
vn 0.9955 0.0950 -0.0000
vn 0.9971 0.0766 -0.0000
vn 0.9948 0.1020 -0.0000
vn 0.9981 0.0610 -0.0000
vn 0.0005 0.0647 0.9979
vn -0.0000 0.0632 0.9980
vn 0.9889 -0.0000 0.1489
vn 0.8952 -0.0000 -0.4456
vn 0.8952 0.0001 -0.4456
vn 0.9566 -0.0000 0.2912
vn 0.9629 -0.0000 0.2697
vn 0.9889 -0.0000 -0.1489
vn 0.9824 -0.0000 -0.1868
vn 0.9888 -0.0000 0.1492
vn 0.8355 -0.3702 0.4062
vn 0.8355 0.3702 0.4062
vn 0.9981 -0.0000 -0.0616
vn 0.9894 0.0001 -0.1453
vn 0.8353 0.3707 -0.4061
vn 0.8353 -0.3707 -0.4060
vn 0.9894 -0.0000 -0.1453
vn 0.8940 -0.0000 0.4480
vn 0.8941 -0.0000 0.4480
vn 0.9981 -0.0001 0.0610
vn 0.9981 -0.0000 0.0610
vn 0.8089 -0.0000 -0.5879
vn -0.0000 -0.9920 -0.1265
vn 0.1294 -0.9837 -0.1252
vn 0.1294 -0.9837 0.1252
vn -0.0000 -0.9920 0.1265
vn 0.1357 -0.1384 0.9810
vn 0.1358 0.1384 0.9810
vn -0.0000 0.1402 0.9901
vn -0.0000 -0.1402 0.9901
vn 0.9827 -0.1344 -0.1274
vn 0.9827 0.1344 -0.1274
vn 0.9827 0.1344 0.1274
vn 0.9827 -0.1344 0.1274
vn 0.1294 0.9837 -0.1252
vn -0.0000 0.9920 -0.1265
vn -0.0000 0.9920 0.1265
vn 0.1294 0.9837 0.1252
vn -0.0000 -0.1402 -0.9901
vn -0.0000 0.1402 -0.9901
vn 0.1357 0.1384 -0.9810
vn 0.1358 -0.1384 -0.9810
vn -0.0000 -0.8745 -0.4850
vn 0.8303 -0.4893 -0.2667
vn 0.8295 -0.5585 -0.0000
vn -0.0000 -1.0000 -0.0000
vn 0.9001 0.3810 0.2113
vn 0.8981 0.4398 -0.0000
vn -0.0000 0.8780 0.4786
vn -0.9001 0.3810 0.2113
vn -0.8981 0.4398 -0.0000
vn -0.8303 -0.4893 -0.2667
vn -0.8295 -0.5585 -0.0000
vn -0.0000 -0.5150 -0.8572
vn 0.8320 -0.2894 -0.4733
vn 0.9042 0.2199 0.3660
vn -0.0000 0.5216 0.8532
vn -0.9042 0.2199 0.3660
vn -0.8320 -0.2894 -0.4733
vn 0.8329 -0.0000 -0.5534
vn 0.9064 -0.0000 0.4225
vn -0.9064 -0.0000 0.4225
vn -0.8329 -0.0000 -0.5534
vn -0.0000 0.5150 -0.8572
vn 0.8320 0.2894 -0.4733
vn 0.9042 -0.2199 0.3660
vn -0.0000 -0.5216 0.8532
vn -0.9042 -0.2199 0.3660
vn -0.8320 0.2894 -0.4733
vn -0.0000 0.8745 -0.4850
vn 0.8303 0.4893 -0.2667
vn 0.9001 -0.3810 0.2113
vn -0.0000 -0.8780 0.4786
vn -0.9001 -0.3810 0.2113
vn -0.8303 0.4893 -0.2667
vn 0.8295 0.5585 -0.0000
vn 0.8981 -0.4398 -0.0000
vn -0.8981 -0.4398 -0.0000
vn -0.8295 0.5585 -0.0000
vn -0.0000 0.8745 0.4850
vn 0.8303 0.4893 0.2667
vn 0.9001 -0.3810 -0.2113
vn -0.0000 -0.8780 -0.4786
vn -0.9001 -0.3810 -0.2113
vn -0.8303 0.4893 0.2667
vn -0.0000 0.5150 0.8572
vn 0.8320 0.2894 0.4733
vn 0.9042 -0.2199 -0.3660
vn -0.0000 -0.5216 -0.8532
vn -0.9042 -0.2199 -0.3660
vn -0.8320 0.2894 0.4733
vn 0.8329 -0.0000 0.5534
vn 0.9064 -0.0000 -0.4225
vn -0.9064 -0.0000 -0.4225
vn -0.8329 -0.0000 0.5534
vn -0.0000 -0.5150 0.8572
vn 0.8320 -0.2894 0.4733
vn 0.9042 0.2199 -0.3660
vn -0.0000 0.5216 -0.8532
vn -0.9042 0.2199 -0.3660
vn -0.8320 -0.2894 0.4733
vn -0.0000 -0.8745 0.4850
vn 0.8303 -0.4893 0.2668
vn 0.9001 0.3810 -0.2113
vn -0.0000 0.8780 -0.4786
vn -0.9001 0.3810 -0.2113
vn -0.8303 -0.4893 0.2667
vn -0.9932 0.1161 -0.0000
vn -0.1115 -0.9938 -0.0000
vn 0.1115 0.9938 -0.0000
vn -1.0000 -0.0000 -0.0000
vn 0.9936 -0.1128 -0.0000
vn -0.9936 0.1128 -0.0000
vn -0.1083 -0.9941 -0.0000
vn 0.1083 0.9941 -0.0000
vn 0.9960 -0.0894 -0.0000
vn -0.9960 0.0894 -0.0000
vn -0.0859 -0.9963 -0.0000
vn 0.0859 0.9963 -0.0000
vn 0.9999 0.0026 -0.0140
vn -0.0152 0.1796 -0.9836
vn -0.9999 -0.0026 0.0140
vn -0.0000 -0.9869 -0.1614
vn -0.0000 0.9869 0.1614
vn 0.9999 0.0001 -0.0142
vn -0.0152 0.0036 -0.9999
vn -0.9999 -0.0001 0.0142
vn -0.0000 -1.0000 -0.0032
vn -0.0000 1.0000 0.0032
vn 0.0152 -0.0036 0.9999
vn 0.0152 0.1122 0.9936
vn 0.9999 -0.0016 -0.0141
vn -0.9999 0.0016 0.0141
vn -0.0000 -0.9949 0.1006
vn -0.0000 0.9949 -0.1006
vn -0.0000 -0.0268 -0.9996
vn -0.0000 0.0268 0.9996
vn -0.0000 -0.9997 0.0240
vn -0.0000 0.9997 -0.0240
vn 0.9981 0.0611 -0.0000
vn 0.0587 -0.9983 -0.0000
vn -0.0587 0.9983 -0.0000
vn -0.0000 0.0316 -0.9995
vn -0.0000 -0.0316 0.9995
vn -0.0000 -0.9996 -0.0283
vn -0.0000 0.9996 0.0283
vn -0.9984 0.0566 -0.0000
vn -0.0000 0.0586 0.9983
vn -0.0000 0.0586 -0.9983
vn 0.9984 0.0566 -0.0000
vn -0.9122 -0.0403 -0.4078
vn -0.9267 -0.0432 -0.3733
vn 0.3888 0.0687 0.9188
vn 0.3847 0.0605 0.9211
vn -0.3888 -0.0252 0.9210
vn -0.3891 -0.0299 0.9207
vn -0.0000 -0.0703 0.9975
vn -0.0000 -0.0605 0.9982
vn -0.9259 0.0323 -0.3765
vn -0.9220 0.0278 -0.3861
vn -0.3925 0.0532 -0.9182
vn -0.3927 0.0598 -0.9177
vn 0.3927 0.0598 0.9177
vn 0.3925 0.0532 0.9182
vn 0.3888 -0.0252 0.9210
vn 0.3891 -0.0300 0.9207
vn 0.3925 0.0532 -0.9182
vn 0.3927 0.0598 -0.9177
vn 0.9255 0.0673 0.3728
vn 0.9278 0.0591 0.3682
vn -0.9280 -0.0202 -0.3721
vn -0.9988 -0.0483 -0.0000
vn 0.9253 0.0417 0.3771
vn 0.9243 0.0863 -0.3718
vn 0.3877 0.0882 -0.9176
vn -0.3931 0.0433 -0.9185
vn -0.3935 0.0658 -0.9170
vn 0.3851 0.1376 -0.9125
vn -0.3881 -0.0213 0.9214
vn -0.0000 -0.0500 0.9987
vn 0.9988 -0.0483 -0.0000
vn 0.9280 -0.0202 -0.3721
vn -0.9243 0.0863 -0.3718
vn -0.9253 0.0417 0.3771
vn 0.3931 0.0433 -0.9185
vn -0.3877 0.0882 -0.9176
vn -0.3851 0.1375 -0.9126
vn 0.3935 0.0657 -0.9170
vn -0.0000 -0.0834 0.9965
vn -0.3885 -0.0378 0.9207
vn -0.9195 0.1346 -0.3694
vn -0.9239 0.0633 0.3774
vn 0.3881 -0.0213 -0.9214
vn -0.0000 -0.0500 -0.9987
vn -0.9280 -0.0202 0.3721
vn 0.9243 0.0863 0.3718
vn 0.9252 0.0417 -0.3771
vn -0.3931 0.0433 0.9185
vn 0.3877 0.0882 0.9176
vn 0.9195 0.1347 0.3694
vn 0.9239 0.0634 -0.3774
vn -0.3881 -0.0213 -0.9214
vn 0.9280 -0.0202 0.3721
vn -0.9253 0.0417 -0.3771
vn -0.9243 0.0863 0.3718
vn -0.3877 0.0882 0.9176
vn 0.3931 0.0433 0.9185
vn 0.3935 0.0657 0.9170
vn -0.3851 0.1375 0.9126
vn -0.9801 0.1147 0.1623
vn -0.8152 0.0392 -0.5778
vn -0.9273 -0.0360 -0.3726
vn 0.9239 0.0634 0.3774
vn 0.3885 -0.0378 0.9207
vn 0.3881 -0.0213 0.9214
vn 0.9273 -0.0360 -0.3726
vn -0.3935 0.0658 0.9170
vn -0.9273 -0.0360 0.3726
vn 0.3885 -0.0378 -0.9207
vn -0.3885 -0.0378 -0.9207
vn 0.9273 -0.0360 0.3726
vn 0.9195 0.1347 -0.3694
vn 0.3851 0.1376 0.9125
vn -0.9956 -0.0936 -0.0000
vn -0.9967 -0.0806 -0.0000
vn 0.9968 -0.0805 -0.0000
vn -0.0000 -0.0834 -0.9965
vn 0.3914 0.6507 0.6507
vn 0.3914 0.6507 -0.6507
vn -0.0000 0.7200 -0.6940
vn -0.0000 0.7200 0.6940
vn -0.6935 0.7204 -0.0000
vn -0.6507 0.6507 0.3914
vn 0.6507 0.6507 0.3914
vn 0.6935 0.7204 -0.0000
vn 0.9054 0.3002 -0.3002
vn 0.9054 0.3002 0.3002
vn 0.9054 -0.3002 0.3002
vn 0.9054 -0.3002 -0.3002
vn 0.3914 -0.6507 -0.6507
vn 0.3914 -0.6507 0.6507
vn 0.4318 -0.0000 -0.9020
vn -0.0000 -0.6945 0.7195
vn -0.0000 -0.6945 -0.7195
vn 0.9067 0.2957 -0.3007
vn 0.9067 0.2957 0.3007
vn 0.9038 -0.3055 0.2996
vn 0.9038 -0.3055 -0.2996
vn 0.3820 -0.6563 0.6506
vn 0.3993 0.6458 0.6508
vn 0.0148 0.7245 0.6891
vn -0.0165 -0.6890 0.7245
vn -0.6507 0.6507 -0.3914
vn -0.6507 -0.6507 -0.3914
vn -0.7199 -0.6940 -0.0000
vn 0.3820 -0.6563 -0.6506
vn -0.0165 -0.6890 -0.7245
vn 0.0148 0.7245 -0.6891
vn 0.3993 0.6458 -0.6508
vn 0.6507 -0.6507 -0.3914
vn 0.7199 -0.6940 -0.0000
vn -0.3914 -0.6507 -0.6507
vn -0.3914 0.6507 -0.6507
vn 0.6507 -0.6507 0.3914
vn -0.6507 -0.6507 0.3914
vn -0.9054 0.3002 0.3002
vn -0.9054 0.3002 -0.3002
vn -0.9054 -0.3002 -0.3002
vn -0.9054 -0.3002 0.3002
vn -0.3914 0.6507 0.6507
vn -0.3914 -0.6507 0.6507
vn 0.3002 0.3002 0.9054
vn -0.3002 0.3002 0.9054
vn -0.3002 -0.3002 0.9054
vn 0.3002 -0.3002 0.9054
vn 0.6507 0.6507 -0.3914
vn -0.3002 0.3002 -0.9054
vn 0.3002 0.3002 -0.9054
vn 0.3002 -0.3002 -0.9054
vn -0.3002 -0.3002 -0.9054
vn -0.0007 -0.6947 0.7193
vn 0.0006 0.7198 0.6942
vn -0.3910 0.6509 0.6507
vn -0.3917 -0.6505 0.6507
vn 0.0006 0.7198 -0.6942
vn -0.3910 0.6509 -0.6507
vn -0.9054 0.3004 0.3002
vn -0.9054 0.3004 -0.3002
vn -0.9055 -0.3000 -0.3002
vn -0.9055 -0.3000 0.3002
vn -0.0007 -0.6947 -0.7193
vn -0.3917 -0.6505 -0.6507
vn -0.0278 0.0999 -0.9946
vn 0.9996 0.0009 -0.0279
vn 0.0278 -0.0999 0.9946
vn -0.0020 -0.9947 -0.1026
vn 0.0020 0.9947 0.1026
vn 0.0096 -0.0769 -0.9970
vn 0.9983 0.0581 0.0051
vn -0.0096 0.0769 0.9970
vn 0.0551 -0.9955 0.0773
vn -0.0551 0.9955 -0.0773
vn 0.9983 0.0582 -0.0045
vn -0.0053 -0.0039 -1.0000
vn -0.9983 -0.0582 0.0045
vn 0.0582 -0.9983 0.0040
vn -0.0582 0.9983 -0.0040
vn 0.1371 -0.1379 0.9809
vn 0.1365 0.1391 0.9808
vn -0.1364 0.1391 0.9808
vn -0.1371 -0.1380 0.9809
vn 0.9826 -0.1338 -0.1288
vn 0.9825 0.1351 -0.1281
vn 0.9825 0.1351 0.1281
vn 0.9826 -0.1339 0.1288
vn 0.1301 0.9835 -0.1259
vn -0.1301 0.9835 -0.1259
vn -0.1301 0.9835 0.1259
vn 0.1301 0.9835 0.1259
vn -0.9826 -0.1339 0.1288
vn -0.9825 0.1350 0.1281
vn -0.9825 0.1351 -0.1281
vn -0.9826 -0.1339 -0.1288
vn -0.1371 -0.1380 -0.9809
vn -0.1365 0.1391 -0.9808
vn 0.1364 0.1392 -0.9808
vn 0.1371 -0.1380 -0.9809
vn -0.2677 -0.8028 0.5327
vn -0.2910 -0.5153 0.8061
vn -0.5428 -0.8037 -0.2439
vn -0.8065 -0.5217 -0.2782
vn 0.5428 -0.8037 0.2439
vn 0.8065 -0.5217 0.2782
vn 0.2677 -0.8028 -0.5327
vn 0.2910 -0.5153 -0.8061
vn -0.3647 0.2125 -0.9065
vn -0.2136 0.9509 -0.2241
vn 0.1922 0.8800 -0.4343
vn 0.0001 0.1361 -0.9907
vn -0.3534 0.3753 -0.8569
vn -0.2385 0.6307 -0.7384
vn 0.3217 0.5608 -0.7629
vn 0.3823 0.2475 -0.8903
vn -0.3963 0.3106 -0.8640
vn -0.9725 0.1735 0.1551
vn -0.8826 0.4511 0.1324
vn -0.8767 0.4644 -0.1253
vn -0.9669 0.1949 -0.1649
vn 0.9839 0.0678 -0.1654
vn 0.9249 0.3575 -0.1292
vn 0.9384 0.3455 0.0001
vn 0.9992 0.0402 -0.0000
vn -0.1754 0.0699 0.9820
vn -0.0000 0.0416 0.9991
vn 0.0001 0.3543 0.9351
vn -0.1371 0.3650 0.9209
vn 0.1403 0.4599 -0.8768
vn 0.1644 0.1791 -0.9700
vn -0.1744 0.2008 -0.9640
vn -0.1329 0.4732 -0.8709
vn -0.1242 0.9850 -0.1200
vn 0.1363 0.9831 -0.1225
vn -0.1268 0.9831 0.1318
vn 0.1017 0.9899 0.0986
vn 0.2413 0.1625 0.9568
vn 0.9594 0.1590 0.2331
vn 0.7884 0.5347 0.3042
vn 0.3181 0.5456 0.7753
vn -0.3655 0.2090 0.9070
vn -0.2838 0.5822 0.7619
vn 0.2474 0.9403 0.2337
vn -0.2112 0.9521 0.2212
vn -0.7244 0.6246 0.2916
vn -0.8853 0.2952 0.3594
vn 0.7797 0.5640 -0.2720
vn 0.9028 0.1580 -0.3999
vn 0.2445 0.9465 -0.2106
vn -0.2077 0.9566 -0.2042
vn -0.7113 0.6518 -0.2632
vn -0.8729 0.3501 -0.3397
vn -0.8718 0.3053 -0.3830
vn -0.8996 0.2407 0.3645
vn -0.4207 0.1610 0.8928
vn -0.0000 0.0643 0.9979
vn 0.8864 0.4447 -0.1288
vn 0.8914 0.4330 0.1340
vn 0.9786 0.1342 0.1561
vn 0.9749 0.1507 -0.1641
vn -0.9873 0.0351 0.1548
vn -0.9316 0.3371 0.1362
vn -0.9272 0.3508 -0.1315
vn -0.9854 0.0517 -0.1622
vn 0.1722 0.0533 0.9836
vn 0.1395 0.3580 0.9232
vn -0.1445 0.3444 0.9277
vn -0.1646 0.0363 0.9857
vn -0.1421 0.4413 -0.8860
vn 0.1366 0.4530 -0.8810
vn 0.1738 0.1555 -0.9724
vn -0.1657 0.1385 -0.9764
vn -0.1362 0.9831 -0.1225
vn 0.1241 0.9850 -0.1200
vn -0.1395 0.9810 0.1349
vn 0.1267 0.9832 0.1318
vn -0.2497 0.9391 0.2360
vn -0.9193 0.1489 0.3644
vn -0.3789 0.1518 0.9129
vn 0.3650 0.2112 0.9067
vn 0.2133 0.9510 0.2237
vn 0.8853 0.2952 0.3594
vn -0.2469 0.9454 -0.2126
vn -0.9144 0.2064 -0.3482
vn -0.3761 0.3041 -0.8752
vn 0.8729 0.3501 -0.3398
vn 0.2100 0.9557 -0.2064
vn 0.3536 0.3575 -0.8644
vn 0.3953 0.3105 -0.8645
vn -0.3838 0.2463 -0.8900
vn -0.2496 0.9391 -0.2360
vn -0.2411 0.1655 -0.9563
vn -0.9591 0.1620 -0.2323
vn -0.9181 0.0851 0.3871
vn -0.3930 0.0864 0.9155
vn 0.8996 0.2407 0.3645
vn 0.8718 0.3053 -0.3830
vn 0.4207 0.1610 0.8928
vn -0.9028 0.1580 -0.3999
vn -0.8737 0.4703 0.1243
vn -0.8799 0.4565 -0.1319
vn -0.9704 0.1854 -0.1547
vn -0.9641 0.2082 0.1651
vn 0.9991 0.0431 -0.0000
vn 0.9380 0.3468 -0.0001
vn 0.9242 0.3596 0.1285
vn 0.9834 0.0729 0.1663
vn -0.9485 0.2711 0.1636
vn -0.1390 0.4748 0.8691
vn -0.0764 0.9832 0.1659
vn -0.1763 0.0750 -0.9815
vn -0.1364 0.3671 -0.9201
vn 0.0001 0.3556 -0.9346
vn -0.0000 0.0446 -0.9990
vn 0.1399 0.4655 0.8739
vn -0.1318 0.4793 0.8677
vn -0.1745 0.2145 0.9610
vn 0.1640 0.1914 0.9677
vn 0.1363 0.9831 0.1226
vn -0.1243 0.9849 0.1201
vn 0.1018 0.9899 -0.0986
vn -0.1268 0.9831 -0.1319
vn -0.8853 0.2952 -0.3594
vn -0.3615 0.4248 0.8300
vn 0.3095 0.2980 0.9030
vn 0.5782 0.5023 0.6430
vn -0.4795 0.8527 0.2071
vn -0.8729 0.3501 0.3397
vn 0.3757 0.2452 0.8937
vn -0.3921 0.3086 0.8666
vn -0.8996 0.2407 -0.3645
vn -0.8718 0.3053 0.3830
vn -0.4207 0.1610 -0.8928
vn 0.9751 0.2216 0.0038
vn 0.9429 0.1741 0.2839
vn -0.0000 0.0643 -0.9979
vn 0.9665 0.2051 -0.1541
vn 0.8752 0.4656 -0.1311
vn 0.8686 0.4801 0.1227
vn 0.9590 0.2302 0.1653
vn -0.9825 0.0813 0.1678
vn -0.9989 0.0479 -0.0000
vn 0.1780 0.0836 -0.9805
vn -0.0000 0.0496 -0.9988
vn -0.0001 0.4707 -0.8823
vn 0.4366 0.2630 -0.8604
vn -0.1633 0.2117 0.9636
vn 0.1746 0.2371 0.9557
vn 0.1300 0.4894 0.8623
vn 0.1244 0.9849 0.1201
vn 0.3815 0.8512 -0.3605
vn -0.0002 0.9520 -0.3062
vn 0.2132 0.9511 -0.2236
vn 0.3655 0.2091 -0.9070
vn 0.8853 0.2952 -0.3594
vn -0.9144 0.2065 0.3482
vn -0.2468 0.9454 0.2126
vn -0.3761 0.3041 0.8753
vn 0.8729 0.3501 0.3398
vn 0.2099 0.9557 0.2064
vn 0.3536 0.3575 0.8644
vn -0.3838 0.2463 0.8900
vn 0.3953 0.3105 0.8645
vn 0.8718 0.3053 0.3830
vn 0.8996 0.2407 -0.3645
vn 0.4207 0.1610 -0.8928
vn -0.9981 0.0621 -0.0000
vn -0.9028 0.1580 0.3999
vn 0.9981 0.0622 -0.0000
vn 0.4229 0.2138 -0.8806
vn -0.0000 0.1281 -0.9918
vn 0.7871 -0.5389 0.3001
vn 0.8666 -0.4770 -0.1464
vn 0.9749 -0.1304 -0.1802
vn 0.8922 -0.2202 0.3942
vn 0.8247 0.4952 -0.2731
vn 0.8257 0.5326 0.1861
vn 0.9505 0.2161 0.2233
vn 0.9194 0.1360 -0.3692
vn -0.0000 -0.9821 -0.1885
vn -0.0000 -0.7314 -0.6820
vn 0.2666 -0.6486 -0.7129
vn 0.3935 -0.8801 -0.2655
vn -0.0000 0.4379 -0.8990
vn 0.2985 0.5242 -0.7976
vn 0.1996 0.9655 -0.1670
vn -0.0000 0.9821 -0.1886
vn 0.0001 0.9909 0.1345
vn 0.2491 0.9446 0.2139
vn 0.2365 -0.5458 0.8038
vn -0.0000 -0.6085 0.7936
vn -0.0000 -0.9751 0.2217
vn 0.4188 -0.8533 0.3105
vn 0.7364 -0.1730 -0.6541
vn 0.8141 0.1941 -0.5473
vn 0.9559 0.2108 -0.2047
vn 0.9150 -0.2946 -0.2757
vn 0.9195 0.1940 0.3419
vn 0.9995 -0.0016 0.0306
vn 0.2405 0.0048 -0.9706
vn 0.9727 0.1340 -0.1894
vn 0.9935 -0.1135 -0.0013
vn 0.9542 0.1669 0.2482
vn 0.3786 -0.0000 -0.9255
vn 0.3410 -0.3376 -0.8774
vn -0.0000 -0.1816 -0.9834
vn 0.2800 -0.7326 0.6204
vn -0.0000 -0.8153 0.5790
vn -0.0000 -0.9873 0.1590
vn 0.3890 -0.8953 0.2172
vn 0.3306 -0.3274 0.8852
vn 0.4726 -0.0867 0.8770
vn -0.0000 -0.1816 0.9834
vn 0.4229 0.2138 0.8806
vn -0.0000 0.1282 0.9918
vn 0.2471 0.9459 -0.2103
vn -0.0000 0.9909 -0.1345
vn 0.0001 0.9821 0.1885
vn 0.1996 0.9656 0.1670
vn -0.0000 0.3638 -0.9315
vn 0.4304 0.2492 -0.8676
vn -0.0000 0.1514 -0.9885
vn 0.8024 0.5451 -0.2429
vn 0.8397 0.4922 0.2295
vn 0.9727 0.1340 0.1894
vn 0.9195 0.1940 -0.3419
vn -0.0000 -0.9291 0.3699
vn -0.0001 -0.8271 0.5620
vn 0.3015 -0.6246 -0.7204
vn -0.0000 -0.5641 -0.8257
vn 0.9023 -0.4309 0.0074
vn 0.8011 -0.4910 0.3422
vn 0.9046 -0.3940 -0.1628
vn 0.9589 -0.1353 -0.2496
vn 0.9884 -0.1495 0.0285
vn 0.9569 -0.1193 0.2648
vn 0.9933 -0.1155 0.0011
vn 0.9542 0.1669 -0.2483
vn 0.7982 -0.5042 0.3295
vn 0.8436 -0.5280 -0.0971
vn 0.9644 -0.1882 -0.1860
vn 0.9136 -0.1384 0.3824
vn 0.8863 -0.3563 0.2957
vn 0.9620 0.1879 0.1979
vn 0.7928 0.0109 0.6094
vn 0.2695 0.2576 0.9279
vn -0.0000 0.1178 0.9930
vn -0.0000 0.1178 -0.9930
vn 0.2695 0.2576 -0.9279
vn 0.1989 -0.4295 -0.8809
vn -0.0000 -0.3640 -0.9314
vn -0.0000 -0.1130 -0.9936
vn 0.2727 -0.2430 -0.9309
vn 0.3939 -0.8923 -0.2206
vn 0.3935 -0.8801 0.2655
vn -0.0000 -0.9821 0.1885
vn -0.0000 -0.9873 -0.1590
vn 0.2666 -0.6485 0.7130
vn -0.0000 -0.7313 0.6820
vn -0.0000 -0.8153 -0.5791
vn 0.2858 -0.7267 -0.6247
vn -0.0000 0.8152 -0.5792
vn 0.1742 0.7663 -0.6184
vn -0.0000 0.7314 -0.6820
vn -0.0000 0.9882 -0.1534
vn 0.2361 0.9354 -0.2632
vn 0.1679 0.6774 -0.7162
vn 0.9375 0.2061 0.2804
vn 0.7786 0.1066 0.6184
vn 0.7699 -0.2800 0.5734
vn 0.8866 -0.4041 0.2252
vn -0.0000 0.6081 -0.7938
vn -0.0000 0.9850 -0.1728
vn 0.2433 0.9164 -0.3178
vn 0.1519 0.5602 -0.8143
vn -0.0000 0.9850 0.1728
vn 0.2515 0.9116 0.3251
vn 0.7881 -0.2333 -0.5695
vn 0.7687 0.1905 -0.6105
vn 0.9242 0.2326 -0.3028
vn 0.8936 -0.3895 -0.2230
vn -0.0000 0.9882 0.1534
vn 0.2361 0.9354 0.2632
vn 0.8340 0.1362 0.5348
vn 0.7244 -0.2427 0.6453
vn -0.0000 0.8152 0.5792
vn 0.1768 0.7637 0.6208
vn 0.9441 0.2224 0.2433
vn 0.7929 0.1520 0.5901
vn 0.7496 -0.2302 0.6205
vn 0.8846 -0.3908 0.2545
vn -0.0000 0.7313 0.6820
vn 0.1671 0.6776 0.7162
vn -0.0000 0.6082 0.7938
vn 0.1602 0.5524 0.8180
vn 0.4238 0.1932 -0.8849
vn 0.3929 -0.2256 -0.8915
vn -0.0000 -0.1379 -0.9904
vn -0.0000 0.1212 -0.9926
vn 0.2876 -0.5436 -0.7885
vn -0.0000 -0.4679 -0.8838
vn 0.4194 -0.2603 -0.8697
vn -0.0000 -0.1615 -0.9869
vn 0.8438 -0.5278 0.0970
vn 0.7982 -0.5045 -0.3291
vn 0.9136 -0.1384 -0.3825
vn 0.9644 -0.1882 0.1860
vn -0.0000 -0.4380 0.8990
vn 0.1816 -0.4969 0.8486
vn 0.2326 -0.2059 0.9505
vn -0.0000 -0.1008 0.9949
vn 0.1805 0.5203 0.8347
vn -0.0000 0.4680 0.8837
vn -0.0000 0.1061 0.9944
vn 0.2268 0.2164 0.9496
vn 0.2340 0.3164 0.9193
vn 0.2054 0.5994 0.7736
vn -0.0000 0.5668 0.8238
vn -0.0000 0.1266 0.9920
vn 0.8417 0.4264 -0.3313
vn 0.8168 0.5620 0.1303
vn 0.9447 0.2564 0.2043
vn 0.9168 0.1226 -0.3800
vn 0.2727 -0.2429 0.9309
vn -0.0000 -0.1130 0.9936
vn -0.0000 0.1267 -0.9919
vn 0.2217 0.3026 -0.9270
vn -0.0000 -0.1379 0.9904
vn -0.0000 -0.4679 0.8838
vn 0.2876 -0.5436 0.7885
vn 0.3929 -0.2256 0.8915
vn -0.0000 -0.1008 -0.9949
vn -0.0000 0.1061 -0.9944
vn 0.2268 0.2165 -0.9496
vn 0.2326 -0.2059 -0.9505
vn -0.0000 -0.4380 -0.8990
vn 0.1816 -0.4968 -0.8486
vn 0.8397 0.4922 -0.2294
vn 0.8024 0.5451 0.2429
vn 0.8821 -0.4170 0.2192
vn 0.7883 -0.5594 -0.2561
vn -0.0000 -0.3945 0.9189
vn 0.3100 -0.4801 0.8206
vn 0.4194 -0.2603 0.8697
vn -0.0000 -0.1615 0.9869
vn 0.9505 0.2161 -0.2233
vn 0.8258 0.5328 -0.1850
vn 0.8247 0.4953 0.2729
vn 0.9194 0.1360 0.3692
vn 0.4304 0.2492 0.8676
vn -0.0000 0.1514 0.9885
vn 0.2123 -0.3386 -0.9167
vn -0.0000 -0.2791 -0.9603
vn 0.2400 -0.2024 -0.9494
vn 0.4329 0.1974 0.8796
vn -0.0000 0.1212 0.9926
vn 0.9214 0.1313 0.3657
vn 0.9292 0.2813 -0.2399
vn 0.9749 -0.1304 0.1803
vn 0.8667 -0.4768 0.1464
vn 0.7871 -0.5389 -0.3001
vn 0.8922 -0.2203 -0.3942
vn -0.0000 -0.3640 0.9314
vn 0.1989 -0.4294 0.8809
vn 0.8846 -0.3908 -0.2545
vn 0.9441 0.2225 -0.2433
vn 0.2319 -0.2020 0.9515
vn 0.1360 0.1972 0.9709
vn -0.0000 0.2077 0.9782
vn -0.0001 0.2077 -0.9782
vn 0.1360 0.1972 -0.9709
vn -0.0000 -0.7263 0.6874
vn 0.3307 -0.5797 0.7447
vn 0.7497 -0.2302 -0.6205
vn 0.7925 0.1519 -0.5906
vn 0.2535 -0.5292 -0.8098
vn 0.7886 -0.5074 -0.3474
vn 0.2089 0.5856 -0.7832
vn 0.8151 0.5356 -0.2208
vn 0.6738 0.4851 0.5574
vn 0.5827 -0.0029 0.8127
vn 0.7838 -0.3928 0.4810
vn 0.1805 0.5204 -0.8346
vn 0.1899 0.4582 -0.8683
vn 0.2984 0.5242 0.7976
vn 0.2121 -0.3375 0.9171
vn 0.9995 -0.0016 -0.0306
vn 0.7458 -0.0000 -0.6661
vn 0.6737 0.4852 -0.5575
vn 0.1899 0.4582 0.8683
vn 0.5798 -0.3429 -0.7391
vn 0.7868 -0.5606 -0.2583
vn 0.8580 0.4214 0.2936
vn 0.7048 0.3949 0.5893
vn -0.0000 0.4379 0.8990
vn 0.3433 0.3585 -0.8681
vn -0.0000 -0.5641 0.8257
vn 0.3100 -0.4801 -0.8206
vn -0.0000 0.2787 -0.9604
vn -0.0000 -0.9623 -0.2721
vn -0.0000 -0.9997 -0.0236
vn -1.0000 -0.0075 -0.0001
vn -0.7506 -0.6338 -0.1868
vn 0.5787 -0.0001 -0.8156
vn -0.0000 -0.3945 -0.9189
vn -0.0000 0.3946 0.9189
vn -0.0000 -0.2791 0.9603
vn -0.0000 0.3639 0.9315
vn -0.0000 0.2787 0.9604
vn -0.0000 0.3946 -0.9189
vn 0.7819 -0.6109 0.1245
vn 0.7458 -0.0000 0.6661
vn 0.8554 -0.5180 -0.0060
vn -0.0000 -0.6085 -0.7935
vn 0.2507 -0.5307 -0.8097
vn -0.0000 0.5668 -0.8238
vn -0.0000 0.4680 -0.8837
vn -0.1840 -0.1802 -0.9663
vn -0.2573 0.2507 -0.9332
vn 0.2570 0.2511 -0.9332
vn 0.2594 -0.2485 -0.9333
vn -0.9383 -0.2449 0.2444
vn -0.9382 -0.2445 -0.2448
vn -0.2551 -0.9347 -0.2473
vn -0.2560 -0.9347 0.2465
vn -0.9383 -0.2456 0.2436
vn -0.2570 -0.2503 0.9334
vn -0.2563 0.2512 0.9334
vn -0.9383 0.2452 0.2440
vn -0.2538 -0.9349 0.2482
vn -0.2567 -0.2508 -0.9334
vn -0.2571 0.2505 -0.9334
vn 0.2567 0.2508 -0.9334
vn 0.2571 -0.2505 -0.9334
vn -0.2561 -0.9346 0.2467
vn -0.8588 -0.3586 0.3659
vn -0.9680 -0.1778 -0.1771
vn -0.1827 -0.9668 -0.1785
vn 0.2260 -0.5907 -0.7746
vn -0.0000 -0.6145 -0.7889
vn -0.8570 0.3676 -0.3611
vn -0.5067 0.8321 -0.2256
vn -0.7640 0.5373 0.3572
vn -0.3663 0.9236 0.1134
vn 0.2538 -0.9347 0.2490
vn 0.2573 -0.2507 0.9332
vn -0.5114 -0.2291 0.8282
vn 0.9382 -0.2458 0.2438
vn -0.1203 0.3629 0.9240
vn 0.2343 0.2077 0.9497
vn 0.0632 0.9279 0.3675
vn -0.0000 -0.7946 -0.6072
vn 0.2222 -0.7794 -0.5857
vn 0.2555 -0.9353 -0.2450
vn 0.9383 -0.2447 -0.2444
vn 0.9381 0.2451 -0.2446
vn 0.9382 0.2454 0.2442
vn 0.1871 -0.9652 -0.1827
vn 0.9681 -0.1777 -0.1769
vn 0.9382 -0.2445 0.2448
vn 0.2551 -0.9348 0.2473
vn 0.1870 -0.1834 -0.9651
vn -0.2568 -0.2509 -0.9333
vn -0.2572 0.2505 -0.9333
vn 0.2568 0.2509 -0.9333
vn 0.2551 0.9348 0.2473
vn 0.2544 0.9348 -0.2480
vn -0.2551 0.9347 -0.2473
vn -0.2544 0.9347 0.2480
vn 0.9382 0.2452 -0.2441
vn -0.9383 0.2449 0.2444
vn -0.9383 0.2452 -0.2440
vn -0.2576 0.2501 0.9333
vn -0.2572 -0.2505 0.9333
vn 0.2568 -0.2509 0.9333
vn 0.2572 0.2506 0.9333
vn -0.2578 -0.2489 -0.9336
vn -0.2550 -0.9352 -0.2455
vn -0.9386 -0.2444 -0.2437
vn -0.1862 -0.9656 0.1818
vn -0.9684 -0.1767 0.1759
vn -0.2549 0.9348 -0.2471
vn -0.2543 0.9348 0.2478
vn 0.2549 0.9348 0.2471
vn 0.2543 0.9348 -0.2478
vn -0.1869 -0.1832 0.9652
vn 0.2535 -0.9348 0.2487
vn 0.2570 -0.2504 0.9334
vn -0.2575 0.2499 0.9334
vn -0.9383 0.2454 0.2435
vn -0.9383 0.2451 -0.2439
vn 0.2577 -0.2494 -0.9335
vn 0.2545 -0.9349 -0.2473
vn 0.9383 -0.2443 -0.2446
vn 0.9383 0.2455 -0.2435
vn 0.2575 0.2499 -0.9334
vn -0.2570 0.2504 -0.9334
vn 0.9383 -0.2451 0.2439
vn 0.9383 0.2455 0.2435
vn 0.2566 0.2507 0.9334
vn 0.2558 0.9348 -0.2464
vn 0.9383 0.2456 -0.2436
vn 0.9383 0.2452 0.2440
vn 0.9681 -0.1776 0.1768
vn 0.9383 -0.2452 -0.2440
vn 0.1862 -0.9656 0.1818
vn 0.1861 -0.1824 0.9654
vn -0.9383 -0.2448 -0.2443
vn 0.2550 -0.9348 -0.2473
vn -0.2544 -0.9348 -0.2479
vn -0.2543 0.9348 -0.2479
vn 0.2550 0.9348 0.2472
vn -0.2544 0.9348 0.2479
vn 0.2570 0.2504 0.9334
vn 0.2552 0.9347 -0.2475
vn 0.9382 0.2456 0.2437
vn 0.0015 -0.9644 -0.2643
vn -0.1868 -0.1831 -0.9652
vn 0.2574 -0.2499 -0.9334
vn 0.2549 -0.9347 -0.2478
vn -0.2564 0.2513 0.9333
vn -0.2568 -0.2509 0.9333
vn -0.2551 -0.9348 -0.2473
vn -0.2559 -0.9347 0.2465
vn -0.9383 -0.2444 -0.2448
vn -0.9382 0.2449 0.2446
vn -0.2384 0.9277 0.2872
vn -0.2557 0.9349 -0.2463
vn -0.9382 0.2453 -0.2442
vn 0.6023 0.2153 -0.7687
vn 0.7876 0.2131 -0.5782
vn 0.8015 -0.0000 -0.5980
vn 0.6236 -0.0000 -0.7818
vn 0.2574 0.2499 0.9334
vn 0.2380 0.9276 0.2879
vn -0.2570 0.2504 0.9334
vn -0.1868 -0.1831 0.9652
vn 0.0013 -0.9633 0.2685
vn 0.2541 -0.9347 0.2486
vn 0.9383 -0.2454 0.2435
vn 0.2542 0.9349 -0.2478
vn -0.2566 0.2507 -0.9334
vn -0.9661 0.0015 -0.2581
vn 0.9383 0.2443 0.2446
vn 0.1870 -0.1833 0.9651
vn 0.2571 0.2505 0.9333
vn -0.0000 -0.9644 -0.2645
vn 0.0001 -0.9644 0.2645
vn -0.2535 0.9348 0.2488
vn 0.2544 0.9348 0.2479
vn 0.2548 0.9346 -0.2483
vn -0.2550 0.9348 -0.2473
vn 0.2570 0.2504 -0.9334
vn 0.9383 0.2451 -0.2439
vn 0.9383 -0.2454 -0.2435
vn -0.9650 0.0014 0.2623
vn 0.9385 0.2460 -0.2422
vn 0.9673 -0.0000 -0.2536
vn 0.9661 -0.0000 0.2583
vn 0.1835 -0.1803 -0.9663
vn 0.2545 0.2518 -0.9337
vn -0.2571 0.2505 -0.9333
vn 0.0026 -1.0000 -0.0000
vn -1.0000 0.0025 -0.0000
vn 0.2523 0.9371 0.2413
vn -0.2971 0.9237 0.2419
vn -0.2563 0.5929 0.7634
vn 0.2206 0.5925 0.7748
vn 0.2206 -0.5924 0.7748
vn 0.2529 -0.9370 0.2408
vn 0.7827 -0.5854 0.2114
vn -0.7840 0.5845 -0.2091
vn -0.2971 0.9237 -0.2419
vn -0.2578 0.5929 -0.7629
vn 0.2678 -0.9635 -0.0000
vn 0.7954 -0.6061 0.0001
vn 0.7840 0.5845 0.2092
vn 0.7840 0.5844 -0.2092
vn 0.2525 0.9371 -0.2411
vn 0.9688 -0.1759 -0.1745
vn 0.2221 0.5927 -0.7741
vn 0.2745 -0.0001 -0.9616
vn -0.3348 -0.0010 -0.9423
vn -0.3151 -0.9491 -0.0000
vn -0.2978 -0.9235 0.2418
vn -0.9688 -0.1759 -0.1746
vn -0.7827 0.5854 0.2113
vn -0.7835 -0.5848 0.2101
vn -0.7954 -0.6061 0.0001
vn -0.2564 -0.5929 0.7634
vn -0.2535 -0.9348 -0.2488
vn -0.2570 -0.2504 -0.9334
vn 0.2575 -0.2500 -0.9334
vn 0.2543 -0.9348 -0.2479
vn 0.9383 0.2451 -0.2440
vn 0.9383 -0.2455 -0.2436
vn 0.9383 0.2451 0.2440
vn 0.2714 -0.9625 -0.0000
vn 0.2563 0.2512 0.9334
vn 0.2535 0.9348 0.2488
vn 0.2550 0.9348 -0.2472
vn -0.9383 -0.2455 -0.2435
vn -0.9383 0.2455 -0.2435
vn -0.2567 0.2508 0.9334
vn -0.2727 -0.0000 0.9621
vn 0.2727 0.0002 0.9621
vn -0.9383 0.2444 0.2447
vn -0.2550 0.9348 0.2472
vn -0.2714 -0.9625 -0.0000
vn -0.9681 -0.1775 0.1768
vn 0.8966 0.1622 0.4121
vn 0.9978 0.0668 0.0037
vt 0.466321 0.973260
vt 0.467935 0.974074
vt 0.443899 0.983996
vt 0.443947 0.982560
vt 0.443930 0.980424
vt 0.460438 0.969785
vt 0.460712 -0.000000
vt 0.460712 0.166645
vt 0.387651 0.166720
vt 0.387651 0.000075
vt 0.314447 0.927446
vt 0.314447 0.855483
vt 0.342545 0.855612
vt 0.342545 0.927576
vt 0.035930 0.857479
vt 0.009819 0.857737
vt 0.014681 0.854002
vt 0.034395 0.855760
vt 0.957529 0.495003
vt 0.959143 0.495817
vt 0.935106 0.505738
vt 0.935154 0.504303
vt 0.079194 0.004642
vt 0.079392 0.165027
vt 0.078143 0.165019
vt 0.078260 0.004634
vt 0.935618 -0.000000
vt 0.935618 0.159246
vt 0.909429 0.165186
vt 0.909429 0.005940
vt 0.076667 0.166112
vt 0.076455 0.002147
vt 0.154053 0.168953
vt 0.154053 0.336448
vt 0.081007 0.336421
vt 0.081007 0.168926
vt 0.158783 0.981750
vt 0.158783 0.849938
vt 0.186642 0.853566
vt 0.186642 0.985377
vt 0.036864 0.859150
vt 0.008766 0.859219
vt 0.235457 0.004432
vt 0.235763 0.164816
vt 0.234515 0.164810
vt 0.234523 0.004425
vt 0.079392 0.335354
vt 0.079503 0.170269
vt 0.233039 0.165904
vt 0.232717 0.001939
vt 0.160286 -0.000000
vt 0.160400 0.167495
vt 0.158783 0.166429
vt 0.158783 0.001345
vt 0.341623 0.853935
vt 0.315511 0.854008
vt 0.320399 0.850308
vt 0.340100 0.852205
vt 0.935138 0.502167
vt 0.951646 0.491528
vt 0.073066 0.504237
vt 0.073066 0.337592
vt 0.074913 0.339984
vt 0.074459 0.503296
vt 0.034445 0.854362
vt 0.462559 0.002393
vt 0.462105 0.165705
vt 0.340160 0.850808
vt 0.474075 0.857498
vt 0.475358 0.856159
vt 0.475472 0.857719
vt 0.503570 0.857650
vt 0.503444 0.856090
vt 0.504747 0.857423
vt 0.937294 0.159372
vt 0.936095 0.160887
vt 0.155437 0.336279
vt 0.154082 0.337591
vt 0.461525 0.967708
vt 0.442238 0.817993
vt 0.442614 0.818178
vt 0.467590 0.971056
vt 0.952732 0.489451
vt 0.933446 0.339736
vt 0.933821 0.339921
vt 0.958798 0.492799
vt 0.672351 0.799250
vt 0.674017 0.800937
vt 0.668882 0.802952
vt 0.667128 0.801329
vt 0.007891 0.857445
vt 0.007368 0.858997
vt 0.469108 0.971971
vt 0.234543 0.335284
vt 0.234556 0.336854
vt 0.160771 0.336854
vt 0.160756 0.334906
vt 0.005702 0.632605
vt 0.007368 0.634292
vt 0.002234 0.636306
vt 0.000479 0.634684
vt 0.313585 0.853703
vt 0.313052 0.855251
vt 0.960316 0.493713
vt 0.073079 0.505808
vt 0.001994 0.505808
vt 0.001979 0.503860
vt 0.933446 0.503229
vt 0.933461 0.504774
vt 0.231545 0.166980
vt 0.231576 0.168418
vt 0.160429 0.168638
vt 0.341667 0.851883
vt 0.343153 0.853616
vt 0.343724 0.855393
vt 0.933816 0.501570
vt 0.341346 0.850650
vt 0.231401 0.000606
vt 0.442238 0.981486
vt 0.442253 0.983031
vt 0.075172 0.167187
vt 0.075201 0.168625
vt 0.001355 0.168796
vt 0.001326 0.167653
vt 0.035959 0.855426
vt 0.037458 0.857149
vt 0.038041 0.858922
vt 0.442608 0.979827
vt 0.035629 0.854196
vt 0.075141 0.000813
vt 0.234549 0.168638
vt 0.235917 0.168915
vt 0.235912 0.335549
vt 0.000000 0.000000
vt 0.001326 0.000158
vt 0.000000 0.167483
vt 0.937294 0.000115
vt 0.155437 0.168796
vt 0.909894 0.166829
vt 0.158210 0.169599
vt 0.158783 0.168796
vt 0.158783 0.298791
vt 0.157321 0.298425
vt 0.156111 0.172301
vt 0.000608 0.505808
vt 0.000479 0.507212
vt 0.078145 0.299594
vt 0.078718 0.298791
vt 0.078718 0.428785
vt 0.077256 0.428420
vt 0.076045 0.302296
vt 0.667256 0.672453
vt 0.667128 0.673858
vt 0.160630 0.169824
vt 0.159688 0.334016
vt 0.158783 0.172216
vt 0.230783 0.665657
vt 0.230783 0.507605
vt 0.231646 0.507615
vt 0.232623 0.507620
vt 0.001847 0.338777
vt 0.000911 0.502969
vt -0.000000 0.341169
vt 0.606117 0.669036
vt 0.604277 0.510994
vt 0.605141 0.510994
vt 0.606117 0.510988
vt 0.036930 0.929207
vt 0.009755 0.929207
vt 0.503655 0.930367
vt 0.476480 0.930367
vt 0.460725 0.168216
vt 0.387664 0.168291
vt 0.343724 0.927356
vt 0.316298 0.335034
vt 0.316700 0.332661
vt 0.318685 0.333855
vt 0.318393 0.335676
vt 0.984859 0.328739
vt 0.986450 0.329557
vt 0.962200 0.339736
vt 0.962299 0.338295
vt 0.962332 0.336125
vt 0.978994 0.325168
vt 0.228416 0.336854
vt 0.227439 0.501025
vt 0.158783 0.505769
vt 0.159761 0.341598
vt 0.508041 0.856090
vt 0.474075 0.808905
vt 0.497195 0.805838
vt 0.531161 0.853024
vt 0.842063 0.634094
vt 0.820728 0.637106
vt 0.825004 0.630519
vt 0.840621 0.632022
vt 0.957765 0.328739
vt 0.959357 0.329557
vt 0.935106 0.339736
vt 0.935205 0.338295
vt 0.532497 0.521752
vt 0.532497 0.679115
vt 0.531451 0.678888
vt 0.531756 0.521537
vt 0.903837 0.167252
vt 0.904614 0.332827
vt 0.878219 0.339233
vt 0.877442 0.173658
vt 0.529733 0.680190
vt 0.529381 0.519664
vt 0.749947 0.518956
vt 0.750075 0.682869
vt 0.683220 0.675746
vt 0.683092 0.511833
vt 0.066786 0.984080
vt 0.066786 0.848710
vt 0.094651 0.853507
vt 0.094651 0.988877
vt 0.843434 0.635405
vt 0.820331 0.638594
vt 0.459821 0.522364
vt 0.459821 0.679727
vt 0.458775 0.679500
vt 0.459081 0.522149
vt 0.681886 0.674396
vt 0.681886 0.512829
vt 0.457057 0.680802
vt 0.456705 0.520275
vt 0.390078 0.511664
vt 0.390287 0.675577
vt 0.388953 0.674228
vt 0.388872 0.512661
vt 0.495830 0.804520
vt 0.474480 0.807419
vt 0.478791 0.800855
vt 0.494399 0.802440
vt 0.935238 0.336125
vt 0.951900 0.325168
vt 0.527814 0.504407
vt 0.529065 0.340238
vt 0.530769 0.342466
vt 0.529269 0.503534
vt 0.077192 0.450505
vt 0.075851 0.463270
vt 0.075851 0.450350
vt 0.230124 0.339079
vt 0.228892 0.500149
vt 0.158362 0.449273
vt 0.157021 0.462038
vt 0.157021 0.449118
vt 0.603357 0.504407
vt 0.604929 0.504874
vt 0.603644 0.506244
vt 0.336510 0.799852
vt 0.336141 0.798012
vt 0.337838 0.798739
vt 0.906267 0.332890
vt 0.905064 0.334474
vt 0.877442 0.339885
vt 0.878657 0.340883
vt 0.979924 0.323251
vt 0.960539 0.167252
vt 0.960888 0.167416
vt 0.986138 0.326455
vt 0.952730 0.323194
vt 0.933445 0.167252
vt 0.933794 0.167416
vt 0.959044 0.326455
vt 0.075851 0.470635
vt 0.077568 0.469806
vt 0.078013 0.475201
vt 0.075851 0.476388
vt 0.529669 0.506019
vt 0.528100 0.506243
vt 0.987633 0.327377
vt 0.534416 0.510988
vt 0.534056 0.508706
vt 0.075851 0.463974
vt 0.077738 0.463270
vt 0.078043 0.468675
vt 0.075851 0.469806
vt 0.229297 0.502634
vt 0.227728 0.502861
vt 0.960539 0.327377
vt 0.461407 0.510790
vt 0.461049 0.508508
vt 0.933481 0.337169
vt 0.933445 0.338724
vt 0.878073 0.679738
vt 0.876444 0.681121
vt 0.844764 0.634294
vt 0.496059 0.801129
vt 0.497586 0.802997
vt 0.498530 0.804735
vt 0.933905 0.335498
vt 0.493896 0.801330
vt 0.495201 0.800379
vt 0.455447 0.681957
vt 0.455217 0.519131
vt 0.960575 0.337169
vt 0.960539 0.338724
vt 0.372469 0.845879
vt 0.370842 0.847264
vt 0.842274 0.630702
vt 0.843810 0.632561
vt 0.960998 0.335498
vt 0.840112 0.630914
vt 0.841412 0.629956
vt 0.528123 0.681346
vt 0.527893 0.518519
vt 0.604546 0.340238
vt 0.606117 0.340716
vt 0.313411 0.803069
vt 0.313051 0.801227
vt 0.370769 0.674277
vt 0.372469 0.674996
vt 0.905489 0.167302
vt 0.751600 0.518542
vt 0.751728 0.682443
vt 0.531656 0.681560
vt 0.532497 0.681346
vt 0.528805 0.682970
vt 0.230908 0.340102
vt 0.232646 0.497231
vt 0.460492 0.674703
vt 0.460283 0.510790
vt 0.877233 0.510945
vt 0.878073 0.510726
vt 0.874390 0.512370
vt 0.531552 0.343489
vt 0.533290 0.500604
vt 0.535066 0.346040
vt 0.533290 0.508129
vt 0.533290 0.348488
vt 0.532373 0.343450
vt 0.533290 0.343388
vt 0.462121 0.345842
vt 0.460282 0.507931
vt 0.460344 0.348290
vt 0.231729 0.340061
vt 0.232646 0.339997
vt 0.854082 0.684139
vt 0.348483 0.850309
vt 0.159073 0.507605
vt 0.532497 0.851920
vt 0.884121 0.862200
vt 0.912405 0.862288
vt 0.912405 0.931610
vt 0.884121 0.931522
vt 0.318092 0.168638
vt 0.386760 0.173200
vt 0.387352 0.338417
vt 0.826532 0.859091
vt 0.854815 0.859179
vt 0.854815 0.928501
vt 0.826532 0.928413
vt 0.969182 0.151011
vt 0.986622 0.152126
vt 0.988624 0.158208
vt 0.967454 0.152694
vt 0.314099 0.928035
vt 0.340388 0.927934
vt 0.341335 0.929562
vt 0.313052 0.929474
vt 0.990309 0.004048
vt 0.968259 0.149690
vt 0.966341 0.150723
vt 0.987721 0.001518
vt 0.913025 0.684346
vt 0.938368 0.687602
vt 0.938368 0.860248
vt 0.913025 0.856991
vt 0.084449 0.511800
vt 0.151415 0.505808
vt 0.151061 0.671979
vt 0.084095 0.677971
vt 0.750837 0.173387
vt 0.817789 0.167252
vt 0.817789 0.333423
vt 0.750836 0.339558
vt 0.986561 0.496628
vt 0.962080 0.493817
vt 0.962080 0.339736
vt 0.986561 0.342547
vt 0.157257 0.300318
vt 0.155731 0.320355
vt 0.155904 0.300254
vt 0.284936 0.845841
vt 0.262886 0.991483
vt 0.260968 0.992516
vt 0.282348 0.843310
vt 0.679101 0.349531
vt 0.679370 0.508965
vt 0.678117 0.508976
vt 0.678117 0.349499
vt 0.683174 0.345661
vt 0.747665 0.339891
vt 0.747311 0.506062
vt 0.682820 0.511833
vt 0.080376 0.515669
vt 0.080645 0.675103
vt 0.079392 0.675114
vt 0.079392 0.515638
vt 0.318092 0.340238
vt 0.384222 0.344626
vt 0.384826 0.509843
vt 0.318696 0.505455
vt 0.263808 0.992803
vt 0.281249 0.993918
vt 0.283250 1.000000
vt 0.262080 0.994486
vt 0.078718 0.430312
vt 0.077192 0.450350
vt 0.077365 0.430249
vt 0.341335 0.996322
vt 0.313052 0.996234
vt 0.885169 0.860762
vt 0.911458 0.860660
vt 0.608293 0.505455
vt 0.608001 0.507276
vt 0.606721 0.505899
vt 0.961438 0.495541
vt 0.960316 0.494211
vt 0.911300 0.856797
vt 0.912461 0.858293
vt 0.855953 0.858931
vt 0.854651 0.857640
vt 0.965086 0.154015
vt 0.964164 0.152539
vt 0.906167 0.677570
vt 0.905252 0.675912
vt 0.906525 0.675115
vt 0.907802 0.677351
vt 0.913499 0.671374
vt 0.914118 0.673583
vt 0.987733 0.150739
vt 0.990309 0.157067
vt 0.259713 0.995808
vt 0.258791 0.994332
vt 0.878989 0.677570
vt 0.878073 0.675912
vt 0.879347 0.675114
vt 0.880623 0.677351
vt 0.885817 0.671299
vt 0.886940 0.673583
vt 0.282869 0.992591
vt 0.284936 0.998859
vt 0.341862 0.927576
vt 0.342473 0.929314
vt 0.903147 0.682140
vt 0.904887 0.681094
vt 0.905252 0.682733
vt 0.903490 0.684139
vt 0.280614 0.841793
vt 0.077192 0.429095
vt 0.078381 0.428785
vt 0.912932 0.860302
vt 0.913543 0.862040
vt 0.681178 0.510780
vt 0.681603 0.346970
vt 0.930326 0.682141
vt 0.932066 0.681094
vt 0.932431 0.682733
vt 0.930668 0.684139
vt 0.985988 -0.000000
vt 0.155731 0.299101
vt 0.156921 0.298791
vt 0.082453 0.676918
vt 0.082878 0.513108
vt 0.606117 0.340694
vt 0.607689 0.340238
vt 0.985930 0.498354
vt 0.960316 0.340119
vt 0.911300 0.684139
vt 0.749186 0.339163
vt 0.749186 0.173004
vt 0.826379 0.857552
vt 0.315592 0.171917
vt 0.853422 0.930431
vt 0.828059 0.929903
vt 0.316711 0.504261
vt 0.315592 0.343516
vt 0.339942 0.998252
vt 0.314580 0.997724
vt 0.678117 0.347271
vt 0.678117 0.509295
vt 0.676960 0.510012
vt 0.676357 0.344795
vt 0.313242 0.501496
vt 0.313052 0.343348
vt 0.313853 0.343416
vt 0.314771 0.343477
vt 0.932320 0.507976
vt 0.932431 0.509194
vt 0.385982 0.347103
vt 0.385982 0.509126
vt 0.313052 0.329762
vt 0.313052 0.171748
vt 0.313853 0.171816
vt 0.314771 0.171877
vt 0.905141 0.507976
vt 0.905252 0.509194
vt 0.316310 0.506634
vt 0.318404 0.507275
vt 0.387060 0.340238
vt 0.384534 0.511664
vt 0.676669 0.511833
vt 0.913543 0.931362
vt 0.342473 0.996074
vt 0.855953 0.928253
vt 0.630564 0.794995
vt 0.629238 0.796101
vt 0.628842 0.794259
vt 0.233556 0.669550
vt 0.233984 0.526740
vt 0.307042 0.527407
vt 0.306614 0.670217
vt 0.307062 0.525504
vt 0.234005 0.524837
vt 0.234384 0.507605
vt 0.307442 0.508272
vt 0.540698 0.161947
vt 0.540221 0.019137
vt 0.613281 0.019341
vt 0.613759 0.162151
vt 0.613290 0.017438
vt 0.540230 0.017234
vt 0.540500 -0.000000
vt 0.613560 0.000204
vt 0.309730 0.996600
vt 0.285853 0.989631
vt 0.287516 0.988875
vt 0.309599 0.995312
vt 0.803282 0.971362
vt 0.803787 0.972870
vt 0.779970 0.969726
vt 0.781395 0.968485
vt 0.678691 0.685273
vt 0.678577 0.820113
vt 0.677077 0.819380
vt 0.677077 0.686436
vt 0.667128 0.847286
vt 0.667128 0.996265
vt 0.642479 0.993006
vt 0.642479 0.844028
vt 0.751728 0.684139
vt 0.751614 0.818979
vt 0.690895 0.136036
vt 0.690895 0.001196
vt 0.763931 0.000000
vt 0.763932 0.134840
vt 0.390631 0.985498
vt 0.390631 0.818170
vt 0.415555 0.820670
vt 0.415555 0.987998
vt 0.838218 0.460854
vt 0.839446 0.462316
vt 0.817507 0.465668
vt 0.818126 0.464048
vt 0.385982 0.470084
vt 0.385982 0.340238
vt 0.387246 0.340412
vt 0.386934 0.470297
vt 0.765571 0.001112
vt 0.765463 0.134059
vt 0.782969 0.823047
vt 0.781765 0.965443
vt 0.780005 0.966720
vt 0.780034 0.820992
vt 0.877159 0.339891
vt 0.841065 0.460930
vt 0.839878 0.459354
vt 0.875432 0.340216
vt 0.723563 0.990248
vt 0.700918 0.984390
vt 0.707614 0.980265
vt 0.723267 0.988361
vt 0.089549 0.800456
vt 0.066786 0.803661
vt 0.067144 0.802157
vt 0.088155 0.799124
vt 0.782873 0.966606
vt 0.800054 0.965449
vt 0.308434 0.527955
vt 0.308467 0.668209
vt 0.538843 0.159918
vt 0.538843 0.019669
vt 0.158601 0.320355
vt 0.158601 0.335718
vt 0.157257 0.320667
vt 0.641837 0.994720
vt 0.640707 0.993409
vt 0.801191 0.964299
vt 0.806763 0.825105
vt 0.806394 0.825461
vt 0.804799 0.970073
vt 0.300178 0.670218
vt 0.300605 0.670252
vt 0.307296 0.828184
vt 0.301583 0.832487
vt 0.607240 0.530899
vt 0.607243 0.528530
vt 0.679064 0.528530
vt 0.679058 0.530899
vt 0.308443 0.987209
vt 0.311346 0.994216
vt 0.307046 0.988674
vt 0.308467 0.525370
vt 0.308468 0.830195
vt 0.303133 0.834313
vt 0.706711 0.978531
vt 0.699635 0.982270
vt 0.699247 0.984620
vt 0.698327 0.983048
vt 0.805205 0.971621
vt 0.388873 0.985333
vt 0.388873 0.817993
vt 0.778598 0.968088
vt 0.086722 0.797052
vt 0.088378 0.795749
vt 0.089913 0.797614
vt 0.090886 0.799362
vt 0.086182 0.795924
vt 0.087486 0.794982
vt 0.778598 0.820113
vt 0.288487 0.985470
vt 0.289682 0.987196
vt 0.286341 0.986868
vt 0.284936 0.988163
vt 0.877159 0.508064
vt 0.875536 0.509444
vt 0.837097 0.458870
vt 0.836278 0.458200
vt 0.838000 0.456985
vt 0.838361 0.457873
vt 0.308664 0.841792
vt 0.309315 0.842351
vt 0.311346 0.844846
vt 0.615126 0.161357
vt 0.614649 0.018557
vt 0.606117 0.797667
vt 0.606504 0.799511
vt 0.665402 0.672453
vt 0.667128 0.673181
vt 0.232646 0.525940
vt 0.640707 0.844419
vt 0.666496 0.997980
vt 0.126157 0.678171
vt 0.127016 0.677971
vt 0.123257 0.679539
vt 0.723405 0.820113
vt 0.723563 0.821305
vt 0.298000 0.800314
vt 0.297685 0.670432
vt 0.298932 0.670217
vt 0.298932 0.800071
vt 0.872002 0.341394
vt 0.765571 0.135111
vt 0.765571 0.001160
vt 0.837500 -0.000000
vt 0.837437 0.133951
vt 0.607977 0.672453
vt 0.606117 0.670451
vt 0.606176 0.531213
vt 0.680054 0.672453
vt 0.157389 0.338555
vt 0.158204 0.337591
vt 0.158204 0.449117
vt 0.154305 0.442236
vt 0.156465 0.636306
vt 0.158304 0.774595
vt 0.157328 0.774598
vt 0.156465 0.774624
vt 0.680150 0.531213
vt 0.681886 0.670451
vt 0.606116 0.669036
vt 0.606116 0.807372
vt 0.605254 0.807335
vt 0.604278 0.807319
vt 0.155895 0.320355
vt 0.157257 0.320598
vt 0.155895 0.335381
vt 0.821595 0.458373
vt 0.679340 0.511833
vt 0.607397 0.511833
vt 0.667128 0.842922
vt 0.665801 0.844028
vt 0.127016 0.847615
vt 0.125680 0.848709
vt 0.301620 0.835223
vt 0.300178 0.833471
vt 0.775811 0.975380
vt 0.777425 0.976194
vt 0.753388 0.986115
vt 0.753437 0.984680
vt 0.753420 0.982544
vt 0.769928 0.971905
vt 0.385804 -0.000000
vt 0.385804 0.166645
vt 0.312743 0.166720
vt 0.312743 0.000075
vt 0.345119 0.927446
vt 0.345119 0.855483
vt 0.373218 0.855613
vt 0.373218 0.927576
vt 0.155578 0.855079
vt 0.129467 0.855336
vt 0.134329 0.851602
vt 0.154043 0.853359
vt 0.961377 0.155267
vt 0.962991 0.156081
vt 0.938955 0.166002
vt 0.939003 0.164567
vt 0.158586 0.004642
vt 0.158783 0.165027
vt 0.157535 0.165020
vt 0.157652 0.004634
vt 0.903631 0.340883
vt 0.903631 0.500129
vt 0.877442 0.506069
vt 0.877442 0.346823
vt 0.156058 0.166112
vt 0.155847 0.002147
vt 0.074662 0.168953
vt 0.074662 0.336448
vt 0.001616 0.336421
vt 0.001616 0.168926
vt 0.186642 0.981750
vt 0.186642 0.849938
vt 0.214501 0.853566
vt 0.214501 0.985378
vt 0.156512 0.856749
vt 0.128414 0.856818
vt 0.312437 0.004433
vt 0.312743 0.164816
vt 0.311495 0.164810
vt 0.311503 0.004425
vt 0.000000 0.335354
vt 0.000112 0.170270
vt 0.310019 0.165904
vt 0.309696 0.001939
vt 0.237266 0.000000
vt 0.237380 0.167495
vt 0.235763 0.166429
vt 0.235763 0.001345
vt 0.372296 0.853936
vt 0.346183 0.854008
vt 0.351071 0.850309
vt 0.370772 0.852205
vt 0.938986 0.162431
vt 0.955494 0.151792
vt 0.152458 0.504237
vt 0.152457 0.337591
vt 0.154305 0.339984
vt 0.153851 0.503296
vt 0.154093 0.851962
vt 0.387651 0.002393
vt 0.387197 0.165705
vt 0.370833 0.850808
vt 0.561039 0.857434
vt 0.562322 0.856095
vt 0.562437 0.857655
vt 0.590535 0.857586
vt 0.590409 0.856026
vt 0.591712 0.857359
vt 0.905307 0.500255
vt 0.904107 0.501770
vt 0.076045 0.336279
vt 0.074690 0.337591
vt 0.771014 0.969828
vt 0.751728 0.820113
vt 0.752104 0.820298
vt 0.777080 0.973176
vt 0.956581 0.149715
vt 0.937294 -0.000000
vt 0.937669 0.000185
vt 0.962646 0.153063
vt 0.156638 0.632604
vt 0.158304 0.634291
vt 0.153170 0.636306
vt 0.151415 0.634684
vt 0.127539 0.855044
vt 0.127016 0.856597
vt 0.778598 0.974091
vt 0.311678 0.335284
vt 0.311691 0.336854
vt 0.237905 0.336854
vt 0.237890 0.334906
vt 0.005702 0.763103
vt 0.007368 0.764790
vt 0.002234 0.766805
vt 0.000479 0.765182
vt 0.344258 0.853703
vt 0.343724 0.855252
vt 0.964164 0.153977
vt 0.152471 0.505808
vt 0.081385 0.505808
vt 0.081371 0.503860
vt 0.937294 0.163493
vt 0.937309 0.165038
vt 0.308525 0.166980
vt 0.308555 0.168418
vt 0.237409 0.168638
vt 0.372339 0.851883
vt 0.373826 0.853616
vt 0.374396 0.855393
vt 0.937664 0.161834
vt 0.372018 0.850650
vt 0.308381 0.000606
vt 0.751728 0.983606
vt 0.751743 0.985151
vt 0.154563 0.167187
vt 0.154593 0.168625
vt 0.080746 0.168796
vt 0.080718 0.167653
vt 0.155607 0.853026
vt 0.157106 0.854748
vt 0.157689 0.856522
vt 0.752098 0.981947
vt 0.155277 0.851795
vt 0.154532 0.000813
vt 0.311684 0.168638
vt 0.313052 0.168915
vt 0.313046 0.335549
vt 0.079392 0.000000
vt 0.080718 0.000158
vt 0.079392 0.167483
vt 0.905307 0.340998
vt 0.076045 0.168796
vt 0.877907 0.507712
vt 0.078145 0.169599
vt 0.078718 0.168796
vt 0.078718 0.298791
vt 0.077256 0.298425
vt 0.076045 0.172301
vt 0.000608 0.636306
vt 0.000479 0.637711
vt 0.311251 0.449183
vt 0.311825 0.448380
vt 0.311825 0.578375
vt 0.310363 0.578009
vt 0.309152 0.451885
vt 0.151543 0.505808
vt 0.151415 0.507212
vt 0.237764 0.169824
vt 0.236822 0.334016
vt 0.235918 0.172216
vt 0.309152 0.494902
vt 0.307312 0.336861
vt 0.308176 0.336861
vt 0.309152 0.336854
vt 0.081239 0.338777
vt 0.080303 0.502969
vt 0.079392 0.341169
vt 0.311825 0.736423
vt 0.309985 0.578381
vt 0.310849 0.578381
vt 0.311825 0.578375
vt 0.156578 0.926806
vt 0.129403 0.926806
vt 0.590620 0.930303
vt 0.563444 0.930303
vt 0.385817 0.168216
vt 0.312756 0.168291
vt 0.374396 0.927356
vt 0.390598 0.335035
vt 0.391000 0.332662
vt 0.392985 0.333855
vt 0.392693 0.335676
vt 0.983819 0.669464
vt 0.985410 0.670281
vt 0.961160 0.680461
vt 0.961258 0.679019
vt 0.961291 0.676850
vt 0.977954 0.665892
vt 0.302279 0.336854
vt 0.301302 0.501025
vt 0.232646 0.505769
vt 0.233624 0.341598
vt 0.567257 0.856026
vt 0.533290 0.808841
vt 0.556410 0.805774
vt 0.590377 0.852960
vt 0.848111 0.807507
vt 0.826777 0.810519
vt 0.831053 0.803932
vt 0.846669 0.805435
vt 0.962688 0.845627
vt 0.964279 0.846444
vt 0.940029 0.856623
vt 0.940128 0.855182
vt 0.679638 0.179600
vt 0.679638 0.336963
vt 0.678593 0.336736
vt 0.678898 0.179386
vt 0.153412 0.677971
vt 0.154189 0.843546
vt 0.127794 0.849952
vt 0.127017 0.684377
vt 0.676875 0.338038
vt 0.676522 0.177512
vt 0.815726 0.347014
vt 0.815853 0.510927
vt 0.748998 0.503804
vt 0.748871 0.339891
vt 0.094651 0.984080
vt 0.094651 0.848710
vt 0.122517 0.853507
vt 0.122517 0.988877
vt 0.849483 0.808818
vt 0.826379 0.812007
vt 0.604239 0.521688
vt 0.604239 0.679051
vt 0.603193 0.678824
vt 0.603498 0.521473
vt 0.747665 0.502454
vt 0.747665 0.340887
vt 0.601475 0.680126
vt 0.601123 0.519599
vt 0.534496 0.510988
vt 0.534705 0.674901
vt 0.533371 0.673552
vt 0.533290 0.511984
vt 0.555045 0.804456
vt 0.533696 0.807355
vt 0.538006 0.800791
vt 0.553615 0.802376
vt 0.940161 0.853013
vt 0.956823 0.842055
vt 0.529182 0.332808
vt 0.530371 0.168638
vt 0.532076 0.170865
vt 0.530637 0.331934
vt 0.158362 0.462193
vt 0.157021 0.474958
vt 0.157021 0.462038
vt 0.303987 0.339079
vt 0.302755 0.500149
vt 0.078534 0.450505
vt 0.077192 0.463270
vt 0.077192 0.450350
vt 0.604664 0.332808
vt 0.606235 0.333274
vt 0.604951 0.334644
vt 0.030827 0.803546
vt 0.030458 0.801706
vt 0.032155 0.802433
vt 0.155842 0.843609
vt 0.154638 0.845193
vt 0.127017 0.850604
vt 0.128232 0.851602
vt 0.979069 0.663759
vt 0.959499 0.507976
vt 0.959848 0.508140
vt 0.985098 0.667180
vt 0.957653 0.840081
vt 0.938368 0.684139
vt 0.938717 0.684303
vt 0.963967 0.843342
vt 0.462559 0.163042
vt 0.464815 0.162152
vt 0.464815 0.167565
vt 0.462563 0.168571
vt 0.531038 0.334419
vt 0.529469 0.334644
vt 0.986593 0.668101
vt 0.535723 0.339388
vt 0.535363 0.337106
vt 0.154829 0.464858
vt 0.156716 0.464154
vt 0.157021 0.469558
vt 0.154829 0.470689
vt 0.303160 0.502634
vt 0.301591 0.502861
vt 0.965462 0.844264
vt 0.462778 0.339216
vt 0.462419 0.336934
vt 0.938404 0.854057
vt 0.938368 0.855612
vt 0.884121 0.853151
vt 0.882493 0.854534
vt 0.850812 0.807707
vt 0.555275 0.801065
vt 0.556801 0.802933
vt 0.557745 0.804671
vt 0.938828 0.852385
vt 0.553112 0.801266
vt 0.554417 0.800315
vt 0.599865 0.681281
vt 0.599635 0.518455
vt 0.959535 0.677894
vt 0.959499 0.679449
vt 0.066786 0.849573
vt 0.065159 0.850958
vt 0.848322 0.804115
vt 0.849858 0.805974
vt 0.959958 0.676223
vt 0.846160 0.804327
vt 0.847460 0.803369
vt 0.675264 0.339194
vt 0.675035 0.176368
vt 0.605853 0.168638
vt 0.607424 0.169116
vt 0.007728 0.806763
vt 0.007369 0.804921
vt 0.065086 0.677971
vt 0.066786 0.678690
vt 0.155064 0.678021
vt 0.817379 0.346600
vt 0.817507 0.510501
vt 0.590871 0.681496
vt 0.591712 0.681282
vt 0.588020 0.682906
vt 0.304771 0.340101
vt 0.306509 0.497231
vt 0.607634 0.332551
vt 0.607424 0.168638
vt 0.883282 0.684357
vt 0.884121 0.684139
vt 0.880438 0.685783
vt 0.532858 0.171889
vt 0.534017 0.328915
vt 0.536373 0.174440
vt 0.534597 0.336530
vt 0.534597 0.176889
vt 0.533680 0.171849
vt 0.534597 0.171787
vt 0.463429 0.174268
vt 0.461652 0.336358
vt 0.461652 0.176717
vt 0.305592 0.340061
vt 0.306509 0.339997
vt 0.860130 0.857552
vt 0.042800 0.854003
vt 0.232936 0.507605
vt 0.591712 0.851856
vt 0.913543 0.862200
vt 0.941827 0.862288
vt 0.941827 0.931610
vt 0.913543 0.931522
vt 0.392393 0.168638
vt 0.461060 0.173200
vt 0.461652 0.338417
vt 0.504899 0.857629
vt 0.533183 0.857717
vt 0.533183 0.927039
vt 0.504899 0.926951
vt 0.237664 0.992803
vt 0.255105 0.993918
vt 0.257106 1.000000
vt 0.235936 0.994486
vt 0.129315 0.927266
vt 0.155604 0.927164
vt 0.156551 0.928792
vt 0.128267 0.928704
vt 0.258791 0.845841
vt 0.236741 0.991483
vt 0.234823 0.992516
vt 0.256203 0.843310
vt 0.934156 0.508183
vt 0.959499 0.511439
vt 0.959499 0.684085
vt 0.934156 0.680828
vt 0.012426 0.511800
vt 0.079391 0.505807
vt 0.079037 0.671979
vt 0.012072 0.677971
vt 0.753378 0.517968
vt 0.820331 0.511833
vt 0.820331 0.678004
vt 0.753378 0.684139
vt 0.931553 0.505986
vt 0.907071 0.503175
vt 0.907071 0.349094
vt 0.931553 0.351905
vt 0.158783 0.300318
vt 0.157257 0.320355
vt 0.157430 0.300254
vt 0.991607 0.688187
vt 0.969557 0.833829
vt 0.967639 0.834862
vt 0.989019 0.685656
vt 0.680623 0.176892
vt 0.680892 0.336326
vt 0.679639 0.336337
vt 0.679639 0.176860
vt 0.684696 0.173023
vt 0.749186 0.167252
vt 0.748832 0.333423
vt 0.684342 0.339194
vt 0.008352 0.515669
vt 0.008622 0.675103
vt 0.007368 0.675114
vt 0.007368 0.515638
vt 0.392393 0.340238
vt 0.458522 0.344626
vt 0.459126 0.509843
vt 0.392996 0.505455
vt 0.970479 0.835150
vt 0.987920 0.836265
vt 0.989921 0.842346
vt 0.968751 0.836832
vt 0.077192 0.430312
vt 0.075666 0.450349
vt 0.075839 0.430248
vt 0.156551 0.995552
vt 0.128267 0.995464
vt 0.914591 0.860762
vt 0.940880 0.860660
vt 0.160959 0.672822
vt 0.160667 0.674643
vt 0.159387 0.673266
vt 0.906429 0.504899
vt 0.905307 0.503569
vt 0.932431 0.680634
vt 0.933592 0.682130
vt 0.534321 0.857469
vt 0.533019 0.856178
vt 0.233568 0.995807
vt 0.232646 0.994331
vt 0.885037 0.853732
vt 0.884121 0.852075
vt 0.885395 0.851277
vt 0.886671 0.853514
vt 0.891865 0.847462
vt 0.892988 0.849746
vt 0.256725 0.992591
vt 0.258791 0.998859
vt 0.966384 0.838154
vt 0.965462 0.836678
vt 0.907182 0.336845
vt 0.906267 0.335188
vt 0.907540 0.334390
vt 0.908817 0.336627
vt 0.914011 0.330574
vt 0.915133 0.332859
vt 0.989540 0.834937
vt 0.991607 0.841206
vt 0.157078 0.926806
vt 0.157689 0.928545
vt 0.931341 0.341416
vt 0.933081 0.340370
vt 0.933446 0.342009
vt 0.931683 0.343415
vt 0.987285 0.684139
vt 0.075666 0.429095
vt 0.076856 0.428785
vt 0.942353 0.860302
vt 0.942964 0.862040
vt 0.682700 0.338141
vt 0.683125 0.174331
vt 0.909196 0.858303
vt 0.910935 0.857257
vt 0.911300 0.858896
vt 0.909538 0.860302
vt 0.254470 0.841792
vt 0.157257 0.299101
vt 0.158447 0.298791
vt 0.010429 0.676918
vt 0.010854 0.513108
vt 0.158783 0.508061
vt 0.160355 0.507605
vt 0.930921 0.507712
vt 0.905307 0.349477
vt 0.932431 0.507976
vt 0.751728 0.683744
vt 0.751728 0.517584
vt 0.504747 0.856090
vt 0.389892 0.171917
vt 0.531789 0.928969
vt 0.506427 0.928441
vt 0.391012 0.504261
vt 0.389892 0.343516
vt 0.155157 0.997482
vt 0.129795 0.996955
vt 0.230783 0.514638
vt 0.230783 0.676662
vt 0.229626 0.677379
vt 0.229023 0.512162
vt 0.387363 0.501362
vt 0.387352 0.343348
vt 0.388154 0.343416
vt 0.389071 0.343477
vt 0.911189 0.684139
vt 0.911300 0.685357
vt 0.460283 0.347103
vt 0.460283 0.509126
vt 0.387352 0.329762
vt 0.387352 0.171748
vt 0.388153 0.171816
vt 0.389071 0.171877
vt 0.933335 0.167252
vt 0.933446 0.168470
vt 0.390610 0.506634
vt 0.392705 0.507276
vt 0.461360 0.340238
vt 0.458835 0.511664
vt 0.229335 0.679200
vt 0.942965 0.931362
vt 0.157689 0.995304
vt 0.534321 0.926791
vt 0.257094 0.792760
vt 0.255767 0.793866
vt 0.255371 0.792023
vt 0.313962 0.673610
vt 0.314389 0.530800
vt 0.387447 0.531467
vt 0.387019 0.674277
vt 0.387467 0.529564
vt 0.314410 0.528897
vt 0.314789 0.511664
vt 0.387847 0.512331
vt 0.464415 0.161947
vt 0.463937 0.019137
vt 0.536998 0.019341
vt 0.537475 0.162152
vt 0.537006 0.017438
vt 0.463946 0.017234
vt 0.464216 -0.000000
vt 0.537277 0.000204
vt 0.990256 0.997153
vt 0.966379 0.990184
vt 0.968042 0.989429
vt 0.990125 0.995866
vt 0.748248 0.971361
vt 0.748752 0.972870
vt 0.724935 0.969726
vt 0.726360 0.968485
vt 0.753342 0.685273
vt 0.753228 0.820113
vt 0.751728 0.819380
vt 0.751728 0.686437
vt 0.632538 0.847286
vt 0.632538 0.996265
vt 0.607889 0.993007
vt 0.607889 0.844028
vt 0.826379 0.684139
vt 0.826265 0.818979
vt 0.388873 0.817993
vt 0.388873 0.683153
vt 0.461909 0.681957
vt 0.461909 0.816797
vt 0.417314 0.985498
vt 0.417314 0.818170
vt 0.442238 0.820670
vt 0.442238 0.987998
vt 0.838500 0.288215
vt 0.839729 0.289677
vt 0.817789 0.293029
vt 0.818408 0.291409
vt 0.308721 0.708221
vt 0.308721 0.578375
vt 0.309985 0.578549
vt 0.309673 0.708433
vt 0.463548 0.683069
vt 0.463441 0.816017
vt 0.727934 0.823047
vt 0.726730 0.965443
vt 0.724970 0.966720
vt 0.725000 0.820992
vt 0.877442 0.167252
vt 0.841347 0.288291
vt 0.840161 0.286715
vt 0.875715 0.167577
vt 0.698327 0.990248
vt 0.675682 0.984390
vt 0.681974 0.980609
vt 0.698031 0.988361
vt 0.181547 0.801685
vt 0.158783 0.804890
vt 0.159142 0.803385
vt 0.180153 0.800353
vt 0.727838 0.966606
vt 0.745377 0.965635
vt 0.388839 0.532015
vt 0.388873 0.672269
vt 0.462559 0.159918
vt 0.462559 0.019669
vt 0.157021 0.449118
vt 0.157021 0.464154
vt 0.155667 0.449384
vt 0.607247 0.994720
vt 0.606117 0.993409
vt 0.746156 0.964299
vt 0.751728 0.825105
vt 0.751360 0.825461
vt 0.749765 0.970072
vt 0.372469 0.674277
vt 0.372896 0.674311
vt 0.379587 0.832243
vt 0.373874 0.836546
vt 0.616249 0.019066
vt 0.616252 0.016697
vt 0.688073 0.016697
vt 0.688067 0.019066
vt 0.988969 0.987762
vt 0.991872 0.994769
vt 0.987572 0.989228
vt 0.388873 0.529430
vt 0.380758 0.834254
vt 0.375424 0.838372
vt 0.681474 0.978531
vt 0.674399 0.982270
vt 0.674011 0.984620
vt 0.673091 0.983048
vt 0.750170 0.971621
vt 0.415555 0.985333
vt 0.415555 0.817993
vt 0.723564 0.968088
vt 0.178720 0.798280
vt 0.180375 0.796978
vt 0.181910 0.798843
vt 0.182883 0.800590
vt 0.178179 0.797153
vt 0.179484 0.796210
vt 0.723564 0.820113
vt 0.969013 0.986023
vt 0.970208 0.987750
vt 0.966867 0.987422
vt 0.965462 0.988717
vt 0.877442 0.335426
vt 0.875818 0.336805
vt 0.837380 0.286231
vt 0.836561 0.285561
vt 0.838283 0.284346
vt 0.838643 0.285234
vt 0.989190 0.842346
vt 0.989841 0.842905
vt 0.991872 0.845400
vt 0.538843 0.161357
vt 0.538365 0.018557
vt 0.232647 0.795431
vt 0.233033 0.797275
vt 0.291931 0.670218
vt 0.293657 0.670945
vt 0.313051 0.529999
vt 0.606117 0.844420
vt 0.631906 0.997980
vt 0.218155 0.679400
vt 0.219014 0.679200
vt 0.215255 0.680768
vt 0.698169 0.820113
vt 0.698327 0.821305
vt 0.299247 0.800314
vt 0.298932 0.670432
vt 0.300178 0.670218
vt 0.300178 0.800071
vt 0.872285 0.168755
vt 0.837500 0.135111
vt 0.837500 0.001160
vt 0.909429 -0.000000
vt 0.909366 0.133952
vt 0.616986 0.160621
vt 0.615126 0.158618
vt 0.615185 0.019380
vt 0.689063 0.160621
vt 0.312236 0.337818
vt 0.313052 0.336854
vt 0.313051 0.448380
vt 0.309152 0.441499
vt 0.230783 0.665658
vt 0.232622 0.803946
vt 0.231646 0.803949
vt 0.230783 0.803975
vt 0.689159 0.019380
vt 0.690895 0.158618
vt 0.295495 0.670218
vt 0.295495 0.808553
vt 0.294633 0.808516
vt 0.293657 0.808500
vt 0.154305 0.449117
vt 0.155667 0.449360
vt 0.154305 0.464143
vt 0.821877 0.285735
vt 0.688349 0.000000
vt 0.616406 -0.000000
vt 0.293657 0.840686
vt 0.292330 0.841792
vt 0.219014 0.848844
vt 0.217678 0.849938
vt 0.373911 0.839283
vt 0.372469 0.837530
vt 0.725411 0.356135
vt 0.730422 0.608185
vt 0.697690 0.610427
vt 0.696215 0.358108
vt 0.657620 0.945275
vt 0.652733 0.945293
vt 0.652881 0.694128
vt 0.657768 0.694110
vt 0.904207 0.614600
vt 0.860390 0.609439
vt 0.858115 0.356605
vt 0.897197 0.361181
vt 0.765544 0.152448
vt 0.768200 0.230723
vt 0.739079 0.232984
vt 0.737750 0.154578
vt 0.318064 0.694547
vt 0.321510 0.941925
vt 0.299037 0.940909
vt 0.299379 0.693701
vt 0.657488 0.355370
vt 0.652755 0.355388
vt 0.652732 0.338713
vt 0.657445 0.338695
vt 0.298305 0.488250
vt 0.298418 0.565574
vt 0.277705 0.566315
vt 0.274175 0.489116
vt 0.325478 0.360174
vt 0.299194 0.358987
vt 0.299037 0.342440
vt 0.325205 0.343623
vt 0.323617 0.489177
vt 0.320102 0.566244
vt 0.299574 0.565318
vt 0.299702 0.488094
vt 0.972857 0.016546
vt 0.948300 0.017962
vt 0.948495 0.001410
vt 0.972944 0.000000
vt 0.335001 0.948215
vt 0.330595 0.948381
vt 0.335356 0.696513
vt 0.339761 0.696347
vt 0.200083 0.490753
vt 0.199634 0.568608
vt 0.173837 0.567203
vt 0.170030 0.489119
vt 0.690363 0.148946
vt 0.695201 0.148945
vt 0.695546 0.227402
vt 0.690682 0.227402
vt 0.940981 0.149794
vt 0.939658 0.228241
vt 0.910305 0.225726
vt 0.912966 0.147422
vt 0.991324 0.609702
vt 0.986479 0.610330
vt 0.994130 0.356949
vt 0.998972 0.356346
vt 0.972929 0.351224
vt 0.972598 0.598395
vt 0.951602 0.599605
vt 0.955472 0.352231
vt 0.336572 0.487876
vt 0.340932 0.487711
vt 0.340965 0.565997
vt 0.336580 0.566161
vt 0.298869 0.359002
vt 0.272348 0.359951
vt 0.272634 0.343386
vt 0.299037 0.342441
vt 0.200087 0.698254
vt 0.203279 0.947947
vt 0.175038 0.946410
vt 0.176605 0.696977
vt 0.145686 0.703257
vt 0.138020 0.955999
vt 0.133175 0.956625
vt 0.140843 0.703859
vt 0.721201 0.147178
vt 0.722789 0.225522
vt 0.974810 0.147012
vt 0.979605 0.147607
vt 0.978091 0.226003
vt 0.973270 0.225382
vt 0.419603 0.485939
vt 0.416686 0.564741
vt 0.391068 0.568086
vt 0.389758 0.489832
vt 0.390364 0.698706
vt 0.413681 0.695663
vt 0.411470 0.947657
vt 0.383425 0.951317
vt 0.164236 0.699820
vt 0.160329 0.951863
vt 0.815661 0.152042
vt 0.813072 0.230303
vt 0.792953 0.226120
vt 0.792222 0.147173
vt 0.774218 0.360787
vt 0.791324 0.357154
vt 0.790818 0.609224
vt 0.770246 0.613594
vt 0.793687 0.357277
vt 0.811999 0.361081
vt 0.816197 0.614268
vt 0.794171 0.609691
vt 0.477859 0.948760
vt 0.472972 0.948719
vt 0.476794 0.696187
vt 0.481681 0.696228
vt 0.947033 0.019513
vt 0.920592 0.017257
vt 0.921975 0.000660
vt 0.948300 0.002903
vt 0.385422 0.490288
vt 0.386708 0.568567
vt 0.479687 0.487158
vt 0.484524 0.487198
vt 0.483512 0.565614
vt 0.478648 0.565574
vt 0.762604 0.021673
vt 0.757922 0.022336
vt 0.756539 0.005747
vt 0.761201 0.005089
vt 0.992317 0.016629
vt 0.987626 0.017228
vt 0.986479 0.000594
vt 0.991150 0.000000
vt 0.657703 0.485709
vt 0.657759 0.563925
vt 0.652895 0.563944
vt 0.652866 0.485727
vt 0.870209 0.017212
vt 0.865985 0.016621
vt 0.867295 -0.000000
vt 0.871500 0.000585
vt 0.202705 0.360846
vt 0.169674 0.359048
vt 0.170394 0.342440
vt 0.203279 0.344230
vt 0.786666 0.016561
vt 0.785156 -0.000000
vt 0.339302 0.357326
vt 0.335036 0.357486
vt 0.334645 0.340813
vt 0.338892 0.340654
vt 0.915910 0.016592
vt 0.917313 0.000000
vt 0.165110 0.359028
vt 0.139017 0.363866
vt 0.137846 0.347256
vt 0.163824 0.342441
vt 0.940558 0.359165
vt 0.948300 0.612728
vt 0.913033 0.609723
vt 0.909103 0.356511
vt 0.134326 0.364463
vt 0.133175 0.347849
vt 0.823273 0.021915
vt 0.797512 0.016561
vt 0.799020 -0.000000
vt 0.824667 0.005330
vt 0.692802 0.610427
vt 0.691329 0.358109
vt 0.657781 0.608185
vt 0.660091 0.356135
vt 0.486012 0.356651
vt 0.481279 0.356612
vt 0.481465 0.339927
vt 0.486178 0.339966
vt 0.985336 0.017222
vt 0.980645 0.016628
vt 0.981809 -0.000000
vt 0.986480 0.000589
vt 0.379043 0.951799
vt 0.385984 0.699165
vt 0.816833 0.361750
vt 0.846018 0.363845
vt 0.853754 0.617340
vt 0.821032 0.614962
vt 0.513213 0.694736
vt 0.513213 0.947057
vt 0.827955 0.022579
vt 0.829329 0.005988
vt 0.738177 0.363839
vt 0.769385 0.361458
vt 0.765411 0.614288
vt 0.730422 0.616987
vt 0.166777 0.568659
vt 0.146399 0.572438
vt 0.144871 0.494126
vt 0.168611 0.489727
vt 0.417168 0.355296
vt 0.384367 0.359578
vt 0.383268 0.342957
vt 0.415924 0.338695
vt 0.326709 0.525809
vt 0.329718 0.526805
vt 0.329293 0.528085
vt 0.326746 0.527380
vt 0.000011 0.772212
vt 0.000583 0.712636
vt 0.057597 0.712636
vt 0.057025 0.772212
vt 0.065778 0.797577
vt 0.065791 0.799335
vt 0.064186 0.799273
vt 0.064103 0.797590
vt 0.577487 0.695302
vt 0.574023 0.695222
vt 0.574034 0.693487
vt 0.577035 0.693556
vt 0.647602 0.785639
vt 0.647448 0.782347
vt 0.650508 0.784295
vt 0.126588 0.797509
vt 0.130052 0.797588
vt 0.129602 0.799335
vt 0.126601 0.799266
vt 0.000000 0.709720
vt 0.057014 0.709720
vt 0.325478 0.345341
vt 0.326725 0.342440
vt 0.328782 0.345364
vt 0.328782 0.404941
vt 0.325478 0.404918
vt 0.330342 0.345340
vt 0.330342 0.411472
vt 0.588160 0.787369
vt 0.588005 0.784077
vt 0.581479 0.782697
vt 0.647461 0.780777
vt 0.203279 0.610150
vt 0.206354 0.608268
vt 0.206155 0.611548
vt 0.000451 0.342514
vt 0.003304 0.342440
vt 0.003293 0.344176
vt -0.000000 0.344261
vt 0.003304 0.709647
vt 0.000451 0.709720
vt -0.000000 0.707974
vt 0.003293 0.707889
vt 0.329866 0.414382
vt 0.326511 0.414366
vt 0.329255 0.411472
vt 0.329866 0.473961
vt 0.326511 0.473945
vt 0.325478 0.414328
vt 0.325478 0.480461
vt 0.265791 0.610893
vt 0.265592 0.614173
vt 0.206372 0.606689
vt 0.272348 0.609603
vt 0.647843 0.340459
vt 0.644429 0.340371
vt 0.644418 0.338695
vt 0.647376 0.338771
vt 0.329388 0.532339
vt 0.326709 0.534373
vt 0.326709 0.530665
vt 0.644429 0.691717
vt 0.647843 0.691805
vt 0.647376 0.693492
vt 0.644418 0.693416
vt 0.726808 0.860537
vt 0.726563 0.863883
vt 0.660654 0.860220
vt 0.660899 0.856874
vt 0.657781 0.858882
vt 0.660924 0.855364
vt 0.726833 0.859027
vt 0.579743 0.691788
vt 0.581479 0.691801
vt 0.581393 0.693428
vt 0.579732 0.693486
vt 0.326854 0.529162
vt 0.329866 0.529229
vt 0.327004 0.530665
vt 0.064103 0.674643
vt 0.067045 0.673588
vt 0.066985 0.676231
vt 0.513848 0.338766
vt 0.516950 0.338695
vt 0.516960 0.340371
vt 0.513380 0.340452
vt 0.516781 0.693416
vt 0.513679 0.693486
vt 0.513213 0.691799
vt 0.516793 0.691717
vt 0.329618 0.534373
vt 0.329618 0.537719
vt 0.326710 0.535540
vt 0.326857 0.480461
vt 0.329866 0.481457
vt 0.126623 0.673628
vt 0.126564 0.676271
vt 0.067042 0.671844
vt 0.133175 0.671888
vt 0.584525 0.695413
vt 0.650508 0.693492
vt 0.574023 0.816460
vt 0.513213 0.816499
vt 0.513213 0.695261
vt 0.577487 0.816540
vt 0.269255 0.345354
vt 0.203279 0.342440
vt 0.064103 0.344136
vt 0.064103 0.707850
vt 0.129994 0.676350
vt 0.126530 0.676271
vt 0.065720 0.676339
vt 0.581479 0.791590
vt 0.647354 0.787369
vt 0.647354 0.874707
vt 0.581479 0.878928
vt 0.657781 0.610427
vt 0.723690 0.614090
vt 0.581479 0.691677
vt 0.581479 0.340330
vt 0.130236 0.342485
vt 0.064103 0.342440
vt 0.579911 0.340441
vt 0.893539 0.920643
vt 0.884267 0.927093
vt 0.883062 0.915933
vt 0.883933 0.087265
vt 0.894693 0.085148
vt 0.893817 0.918073
vt 0.885188 0.075642
vt 0.926741 0.000000
vt 0.937923 0.006594
vt 0.894856 0.082355
vt 0.071690 0.916384
vt 0.077813 0.925918
vt 0.005790 0.968026
vt 0.000000 0.957519
vt 0.083425 0.086423
vt 0.082189 0.075256
vt 0.924279 0.999542
vt 0.043802 1.000000
vt 0.080406 0.926617
vt 0.072670 0.084284
vt 0.082554 0.915091
vt 0.041596 0.002915
vt 0.072930 0.081754
vt 0.030911 0.009346
vt 0.966239 0.955960
vt 0.967194 0.047413
vt 0.000000 0.046364
vt 0.934987 0.993197
vt 0.049586 0.437551
vt 0.049586 0.293817
vt 0.064474 0.293600
vt 0.058501 0.437421
vt 0.085076 0.294668
vt 0.070836 0.438061
vt 0.102189 0.295480
vt 0.116638 0.297162
vt 0.110840 0.439706
vt 0.102189 0.438699
vt 0.136549 0.298222
vt 0.122763 0.440341
vt 0.000000 0.074135
vt 0.014252 0.076713
vt 0.008534 0.218890
vt 0.000000 0.217347
vt 0.034792 0.078574
vt 0.020832 0.220005
vt 0.049586 0.078630
vt 0.029691 0.220039
vt 0.428574 0.293366
vt 0.414163 0.295108
vt 0.395342 0.220649
vt 0.428574 0.438090
vt 0.416706 0.439480
vt 0.394343 0.297429
vt 0.079458 0.220158
vt 0.131011 0.220448
vt 0.030289 -0.000000
vt 0.576307 0.515360
vt 0.559538 0.514989
vt 0.570845 0.436657
vt 0.581167 0.656245
vt 0.591627 0.513647
vt 0.591627 0.655075
vt 0.428574 0.512683
vt 0.446260 0.511121
vt 0.451096 0.652522
vt 0.439020 0.653589
vt 0.461504 0.512489
vt 0.461504 0.653456
vt 0.691937 0.074544
vt 0.708929 0.073189
vt 0.713613 0.216999
vt 0.702010 0.217924
vt 0.723692 0.073293
vt 0.723692 0.217070
vt 0.562274 0.078515
vt 0.579929 0.078737
vt 0.584786 0.216008
vt 0.572731 0.215857
vt 0.595240 0.075898
vt 0.595240 0.214070
vt 0.569717 0.655991
vt 0.438831 0.442141
vt 0.702006 0.000000
vt 0.572685 -0.000000
vt 0.609531 0.515400
vt 0.592504 0.515535
vt 0.602649 0.437778
vt 0.806996 0.655532
vt 0.802238 0.519384
vt 0.817236 0.516516
vt 0.817236 0.653574
vt 0.352220 0.506362
vt 0.370033 0.505416
vt 0.374753 0.648635
vt 0.362591 0.649280
vt 0.384913 0.506082
vt 0.384913 0.649090
vt 0.394343 0.723255
vt 0.411451 0.721601
vt 0.416069 0.863429
vt 0.404388 0.864558
vt 0.426008 0.722844
vt 0.426008 0.864277
vt 0.494461 0.299096
vt 0.512214 0.298626
vt 0.516967 0.439444
vt 0.504846 0.439765
vt 0.527198 0.296417
vt 0.527198 0.437936
vt 0.795796 0.440237
vt 0.795411 0.655057
vt 0.785272 0.518688
vt 0.361689 0.432846
vt 0.403923 0.652329
vt 0.504178 0.220649
vt 0.614233 0.658130
vt 0.624354 0.514213
vt 0.624354 0.657320
vt 0.657477 0.511710
vt 0.675289 0.510195
vt 0.679992 0.652279
vt 0.667830 0.653314
vt 0.690116 0.511300
vt 0.690116 0.653033
vt 0.723692 0.076259
vt 0.740895 0.075198
vt 0.745394 0.219120
vt 0.733648 0.219844
vt 0.755076 0.074617
vt 0.755076 0.218723
vt 0.592504 0.299163
vt 0.610289 0.299269
vt 0.615031 0.437778
vt 0.602888 0.437706
vt 0.625238 0.296701
vt 0.625238 0.436025
vt 0.602608 0.658222
vt 0.666849 0.440237
vt 0.732490 0.000000
vt 0.602124 0.220649
vt 0.037966 0.829359
vt 0.027018 0.826780
vt 0.019681 0.702175
vt 0.037966 0.706481
vt 0.015233 0.829221
vt 0.000000 0.706252
vt 0.215756 0.438861
vt 0.205680 0.439304
vt 0.198928 0.295714
vt 0.215756 0.294974
vt 0.194050 0.439841
vt 0.179505 0.296612
vt 0.173833 0.626664
vt 0.163614 0.631121
vt 0.156767 0.519873
vt 0.173833 0.512430
vt 0.151508 0.630613
vt 0.136549 0.519024
vt 0.430510 0.218708
vt 0.420475 0.220038
vt 0.413751 0.077768
vt 0.430510 0.075547
vt 0.012909 0.653592
vt 0.408854 0.220649
vt 0.394343 0.078787
vt 0.189985 0.220061
vt 0.146622 0.443846
vt 0.404711 0.000000
vt 0.681231 0.215743
vt 0.669995 0.215239
vt 0.659801 0.078730
vt 0.676258 0.079470
vt 0.981975 0.382857
vt 0.969881 0.381895
vt 0.964263 0.265981
vt 0.981975 0.267390
vt 0.959603 0.386413
vt 0.949209 0.272599
vt 0.785414 0.213827
vt 0.774568 0.212952
vt 0.771412 0.070347
vt 0.787296 0.071629
vt 0.763415 0.213827
vt 0.755076 0.071629
vt 0.938693 0.174954
vt 0.926640 0.175967
vt 0.931459 0.071763
vt 0.949112 0.070280
vt 0.916267 0.171286
vt 0.916267 0.064908
vt 0.672075 -0.000000
vt 0.691937 0.213727
vt 0.691937 0.076517
vt 0.966591 0.220649
vt 0.768842 -0.000000
vt 0.938915 0.000000
vt 0.916267 0.180877
vt 0.904087 0.180568
vt 0.898428 0.054047
vt 0.916267 0.054500
vt 0.894186 0.184676
vt 0.883927 0.060065
vt 0.294882 0.860388
vt 0.283822 0.859115
vt 0.282050 0.719253
vt 0.298249 0.721117
vt 0.272829 0.860388
vt 0.265951 0.721117
vt 0.870487 0.632191
vt 0.858334 0.632438
vt 0.862963 0.515610
vt 0.880763 0.515249
vt 0.848369 0.628042
vt 0.848369 0.509172
vt 0.222881 0.716521
vt 0.236161 0.639085
vt 0.239060 0.718154
vt 0.255138 0.847001
vt 0.244160 0.849215
vt 0.255138 0.714912
vt 0.902088 -0.000000
vt 0.281309 0.652679
vt 0.871802 0.440237
vt 0.287140 0.652679
vt 0.276166 0.652312
vt 0.265951 0.512464
vt 0.282023 0.513002
vt 0.032894 0.991243
vt 0.020808 0.990070
vt 0.015193 0.874437
vt 0.032894 0.876155
vt 0.010435 0.994413
vt -0.000000 0.880798
vt 0.654512 0.657724
vt 0.643411 0.657216
vt 0.641218 0.513381
vt 0.657477 0.514124
vt 0.632500 0.657724
vt 0.625238 0.514124
vt 0.938741 0.395294
vt 0.926710 0.396566
vt 0.931589 0.292444
vt 0.949209 0.290582
vt 0.916209 0.392118
vt 0.916209 0.285930
vt 0.279430 0.433740
vt 0.298153 0.651213
vt 0.298153 0.510855
vt 0.017221 0.829358
vt 0.640612 0.440237
vt 0.938638 0.220649
vt 0.817236 0.658213
vt 0.817236 0.514690
vt 0.830286 0.514224
vt 0.826146 0.657895
vt 0.848369 0.514779
vt 0.838493 0.658274
vt 0.753296 0.731620
vt 0.765994 0.732836
vt 0.761966 0.875623
vt 0.753296 0.874792
vt 0.783471 0.733408
vt 0.773899 0.876014
vt 0.049586 0.074870
vt 0.062130 0.076861
vt 0.058151 0.219307
vt 0.049586 0.217948
vt 0.080173 0.078106
vt 0.070470 0.220158
vt 0.093145 0.077876
vt 0.079327 0.220001
vt 0.721924 0.731717
vt 0.709259 0.732990
vt 0.693079 0.658068
vt 0.721924 0.876135
vt 0.710031 0.877285
vt 0.691839 0.734675
vt 0.842510 0.440237
vt 0.777653 0.655998
vt 0.075198 -0.000000
vt 0.646867 0.440237
vt 0.642007 0.299353
vt 0.657326 0.297639
vt 0.657326 0.439067
vt 0.657326 0.291191
vt 0.675013 0.289629
vt 0.679848 0.431030
vt 0.667772 0.432096
vt 0.690256 0.290996
vt 0.690256 0.431963
vt 0.722969 0.294738
vt 0.740002 0.294054
vt 0.739020 0.437936
vt 0.727390 0.438404
vt 0.754749 0.294738
vt 0.749089 0.438404
vt 0.559538 0.299164
vt 0.577193 0.299386
vt 0.582050 0.436657
vt 0.569995 0.436505
vt 0.592504 0.296547
vt 0.592504 0.434718
vt 0.636545 0.220649
vt 0.635417 0.439984
vt 0.625238 0.298981
vt 0.667583 0.220649
vt 0.735965 0.220649
vt 0.569950 0.220649
vt 0.529334 0.072765
vt 0.544635 0.072502
vt 0.539781 0.215752
vt 0.529334 0.215931
vt 0.562274 0.073893
vt 0.551825 0.216702
vt 0.308866 0.720374
vt 0.323529 0.718784
vt 0.318877 0.860575
vt 0.308866 0.861661
vt 0.340622 0.720022
vt 0.330549 0.861421
vt 0.496581 0.076158
vt 0.511558 0.078066
vt 0.506807 0.218855
vt 0.496581 0.217552
vt 0.529334 0.078184
vt 0.518944 0.218935
vt 0.459690 0.732684
vt 0.442355 0.732339
vt 0.451754 0.653589
vt 0.428574 0.866074
vt 0.428574 0.728656
vt 0.437983 0.868589
vt 0.551864 0.000000
vt 0.330836 0.649394
vt 0.519654 -0.000000
vt 0.805938 0.220649
vt 0.800931 0.291955
vt 0.787092 0.294954
vt 0.049586 0.509427
vt 0.064998 0.508151
vt 0.060565 0.650227
vt 0.050042 0.651099
vt 0.082617 0.509427
vt 0.072595 0.651099
vt 0.627954 0.075690
vt 0.642794 0.075532
vt 0.641249 0.219470
vt 0.631117 0.219579
vt 0.659801 0.075690
vt 0.652861 0.219579
vt 0.595240 0.075651
vt 0.610190 0.078527
vt 0.605448 0.217067
vt 0.595240 0.215103
vt 0.627954 0.078785
vt 0.617576 0.217243
vt 0.753296 0.518370
vt 0.736059 0.517635
vt 0.744615 0.440237
vt 0.721924 0.659289
vt 0.721924 0.515975
vt 0.731575 0.660423
vt 0.071744 0.438061
vt 0.647931 0.000000
vt 0.618308 -0.000000
vt 0.449820 0.868825
vt 0.948087 0.834526
vt 0.937195 0.831719
vt 0.932135 0.708742
vt 0.948087 0.712853
vt 0.925362 0.833913
vt 0.914804 0.711956
vt 0.494461 0.661101
vt 0.484378 0.661361
vt 0.479694 0.517695
vt 0.494461 0.517314
vt 0.472740 0.661686
vt 0.462649 0.518172
vt 0.883869 0.404067
vt 0.873546 0.408278
vt 0.868750 0.295141
vt 0.883869 0.288974
vt 0.861456 0.407479
vt 0.851043 0.293971
vt 0.136549 0.659484
vt 0.126492 0.660631
vt 0.121819 0.517998
vt 0.136549 0.516320
vt 0.926709 0.658274
vt 0.114862 0.661028
vt 0.104786 0.518581
vt 0.472674 0.441869
vt 0.861052 0.220649
vt 0.114755 0.440341
vt 0.288165 0.433740
vt 0.279260 0.432081
vt 0.265951 0.295162
vt 0.278993 0.297591
vt 0.100410 0.777008
vt 0.088261 0.778651
vt 0.082617 0.663353
vt 0.100410 0.660947
vt 0.390949 0.432846
vt 0.382814 0.431229
vt 0.382405 0.288730
vt 0.394318 0.291098
vt 0.370908 0.431229
vt 0.364967 0.288730
vt 0.362205 0.432846
vt 0.352220 0.291098
vt 0.976182 0.614047
vt 0.963894 0.614549
vt 0.944786 0.511272
vt 0.962783 0.510536
vt 0.307906 0.429810
vt 0.300031 0.432799
vt 0.296372 0.296214
vt 0.307906 0.291836
vt 0.282784 0.217959
vt 0.094573 0.615833
vt 0.371175 0.218050
vt 0.946527 0.440237
vt 0.976182 0.502012
vt 0.916209 0.401526
vt 0.904029 0.401217
vt 0.898370 0.274696
vt 0.916209 0.275149
vt 0.894128 0.405325
vt 0.883869 0.280713
vt 0.686408 0.861022
vt 0.675348 0.859749
vt 0.673577 0.719888
vt 0.689775 0.721752
vt 0.664355 0.861022
vt 0.657477 0.721752
vt 0.872399 0.850228
vt 0.860246 0.850475
vt 0.864876 0.733647
vt 0.882675 0.733286
vt 0.850281 0.846079
vt 0.850281 0.727209
vt 0.818785 0.298085
vt 0.832066 0.220649
vt 0.834964 0.299718
vt 0.851043 0.428565
vt 0.840064 0.430779
vt 0.851043 0.296476
vt 0.902030 0.220649
vt 0.672836 0.653314
vt 0.873715 0.658274
vt 0.936920 1.000000
vt 0.927051 0.995391
vt 0.932741 0.879800
vt 0.947195 0.886551
vt 0.914804 0.996222
vt 0.914804 0.881019
vt 0.389762 0.218050
vt 0.381163 0.217111
vt 0.381749 0.073337
vt 0.394343 0.074711
vt 0.369250 0.217111
vt 0.364301 0.073337
vt 0.361002 0.218050
vt 0.352220 0.074711
vt 0.980321 0.173592
vt 0.968030 0.174351
vt 0.949112 0.071183
vt 0.967114 0.070071
vt 0.329394 0.429613
vt 0.320730 0.430516
vt 0.338127 0.291655
vt 0.350817 0.290334
vt 0.308866 0.286485
vt 0.337988 0.212366
vt 0.320751 0.290061
vt 0.308866 0.429427
vt 0.928808 0.834526
vt 0.372382 0.000000
vt 0.950566 0.000000
vt 0.980321 0.061287
vt 0.829018 0.429664
vt 0.904612 0.844306
vt 0.893104 0.842343
vt 0.897949 0.713636
vt 0.914804 0.716511
vt 0.882675 0.844745
vt 0.882675 0.717153
vt 0.308866 0.216867
vt 0.296729 0.217959
vt 0.280244 0.079491
vt 0.298020 0.077891
vt 0.286969 0.216921
vt 0.265951 0.077970
vt 0.902388 0.629729
vt 0.890634 0.630537
vt 0.895220 0.515334
vt 0.912436 0.514150
vt 0.880763 0.626504
vt 0.880763 0.509426
vt 0.818785 0.434468
vt 0.806595 0.435011
vt 0.818785 0.291158
vt 0.903664 0.658274
vt 0.797146 0.437059
vt 0.278464 0.000000
vt 0.308866 0.074107
vt 0.903145 0.440237
vt 0.448827 0.220649
vt 0.444834 0.297796
vt 0.428574 0.297612
vt 0.937421 0.622678
vt 0.926330 0.620364
vt 0.928541 0.493730
vt 0.944786 0.497119
vt 0.915333 0.622678
vt 0.912436 0.497119
vt 0.169723 0.443846
vt 0.158245 0.443810
vt 0.152912 0.299153
vt 0.169723 0.299205
vt 0.147073 0.443727
vt 0.136549 0.299032
vt 0.873738 0.186645
vt 0.862260 0.188053
vt 0.867117 0.074847
vt 0.883927 0.072786
vt 0.851807 0.184342
vt 0.851807 0.069412
vt 0.451211 0.442003
vt 0.439676 0.442141
vt 0.461728 0.297594
vt 0.929987 0.440237
vt 0.428574 0.442015
vt 0.150983 0.222472
vt 0.872678 -0.000000
vt 0.260136 0.419840
vt 0.251159 0.417309
vt 0.247349 0.282222
vt 0.260496 0.285929
vt 0.239251 0.418198
vt 0.229908 0.283524
vt 0.113701 0.219955
vt 0.101425 0.219019
vt 0.105273 0.074805
vt 0.123251 0.076176
vt 0.234427 0.419840
vt 0.222843 0.285929
vt 0.119064 0.220448
vt 0.131106 0.076898
vt 0.093145 0.218598
vt 0.093145 0.074189
vt 0.752337 0.861944
vt 0.740458 0.862680
vt 0.721924 0.738387
vt 0.739323 0.737308
vt 0.201038 0.220061
vt 0.191762 0.219788
vt 0.209257 0.077434
vt 0.222843 0.077834
vt 0.179505 0.074314
vt 0.209812 -0.000000
vt 0.191306 0.075976
vt 0.179505 0.218792
vt 0.236775 0.220727
vt 0.118973 0.000000
vt 0.136549 0.077498
vt 0.723696 0.660925
vt 0.752337 0.730996
vt 0.095207 0.615833
vt 0.083247 0.615833
vt 0.082617 0.491115
vt 0.100134 0.491115
vt 0.165879 0.222472
vt 0.156482 0.222260
vt 0.165743 0.078795
vt 0.179505 0.079104
vt 0.144333 0.221062
vt 0.147950 0.077040
vt 0.136549 0.219579
vt 0.136549 0.074868
vt 0.977921 0.840718
vt 0.966016 0.841651
vt 0.948087 0.731800
vt 0.965524 0.730434
vt 0.252664 0.220727
vt 0.243190 0.220306
vt 0.252074 0.075430
vt 0.265951 0.076047
vt 0.222843 0.076047
vt 0.248841 -0.000000
vt 0.234218 0.075430
vt 0.230998 0.220306
vt 0.092910 0.438061
vt 0.162608 -0.000000
vt 0.948918 0.658274
vt 0.977921 0.722144
vt 0.158325 0.845637
vt 0.146657 0.844754
vt 0.151354 0.702115
vt 0.168442 0.703409
vt 0.136549 0.845406
vt 0.136549 0.703070
vt 0.424025 0.652329
vt 0.412175 0.651320
vt 0.409978 0.508931
vt 0.427333 0.510409
vt 0.401500 0.652329
vt 0.394343 0.510409
vt 0.775128 0.655771
vt 0.763514 0.655998
vt 0.768261 0.519015
vt 0.785272 0.518682
vt 0.753296 0.654070
vt 0.753296 0.516191
vt 0.496581 0.216548
vt 0.484907 0.218203
vt 0.479484 0.079684
vt 0.496581 0.077260
vt 0.158392 0.631121
vt 0.473997 0.217670
vt 0.463504 0.078903
vt 0.412244 0.439480
vt 0.774851 0.440237
vt 0.478843 -0.000000
vt 0.547898 0.871243
vt 0.535961 0.870734
vt 0.540032 0.728663
vt 0.557514 0.729408
vt 0.527198 0.872041
vt 0.527198 0.730577
vt 0.484243 0.856656
vt 0.472187 0.854867
vt 0.476802 0.721002
vt 0.494461 0.723622
vt 0.462251 0.857023
vt 0.462251 0.724160
vt 0.041967 0.432249
vt 0.030098 0.433560
vt 0.013205 0.299144
vt 0.030588 0.297225
vt 0.021082 0.432137
vt -0.000000 0.297060
vt 0.559538 0.730267
vt 0.582850 0.656245
vt 0.574114 0.734702
vt 0.581596 0.860793
vt 0.569490 0.861632
vt 0.591845 0.733472
vt 0.551455 0.658789
vt 0.485439 0.661686
vt 0.012596 0.220039
vt 0.041967 0.292427
vt 0.828705 0.658274
vt 0.834567 0.735475
vt 0.817236 0.734299
vt 0.334498 0.649394
vt 0.323512 0.649132
vt 0.325108 0.505164
vt 0.341199 0.505548
vt 0.312422 0.649394
vt 0.308866 0.505548
vt 0.136549 0.849825
vt 0.125359 0.847580
vt 0.120159 0.717462
vt 0.136549 0.720749
vt 0.113788 0.849588
vt 0.103213 0.720402
vt 0.244894 0.638888
vt 0.233943 0.639085
vt 0.239100 0.498270
vt 0.255138 0.497982
vt 0.222843 0.637939
vt 0.222843 0.496592
vt 0.850281 0.854077
vt 0.839552 0.857585
vt 0.850281 0.730337
vt 0.325651 0.430516
vt 0.827718 0.856782
vt 0.116298 0.661028
vt 0.241393 0.419840
vt 0.701078 0.220649
vt 0.707602 0.299907
vt 0.690256 0.299746
vt 0.813287 0.211802
vt 0.802203 0.210808
vt 0.803432 0.069150
vt 0.819666 0.070607
vt 0.791185 0.211802
vt 0.787296 0.070607
vt 0.072053 0.855790
vt 0.061308 0.853042
vt 0.066754 0.715067
vt 0.082491 0.719092
vt 0.049586 0.853390
vt 0.049586 0.715577
vt 0.787092 0.432130
vt 0.776165 0.433907
vt 0.771089 0.299690
vt 0.787092 0.297087
vt 0.765009 0.432938
vt 0.754749 0.298269
vt 0.722969 0.429244
vt 0.712477 0.432288
vt 0.722969 0.295449
vt 0.804278 -0.000000
vt 0.700633 0.432177
vt 0.066782 0.651099
vt 0.767732 0.220649
vt 0.785272 0.728028
vt 0.802688 0.726902
vt 0.806983 0.869806
vt 0.795092 0.870575
vt 0.816227 0.727906
vt 0.816227 0.870492
vt 0.321247 0.077879
vt 0.339205 0.079219
vt 0.321127 0.212366
vt 0.308866 0.211452
vt 0.352220 0.076161
vt 0.330014 0.210279
vt 0.625238 0.736545
vt 0.642718 0.736069
vt 0.646854 0.873603
vt 0.634919 0.873928
vt 0.655756 0.732799
vt 0.655756 0.871370
vt 0.210413 0.729787
vt 0.197480 0.725308
vt 0.190446 0.658938
vt 0.179505 0.863672
vt 0.179505 0.724423
vt 0.191778 0.864277
vt 0.792687 0.655532
vt 0.308866 0.072928
vt 0.338917 -0.000000
vt 0.631674 0.657724
vt 0.447969 0.075257
vt 0.463504 0.075517
vt 0.462725 0.219616
vt 0.452118 0.219439
vt 0.592504 0.868353
vt 0.592504 0.728223
vt 0.606112 0.726180
vt 0.601795 0.866958
vt 0.623527 0.727413
vt 0.613686 0.867800
vt 0.527198 0.298075
vt 0.541833 0.299347
vt 0.537190 0.442096
vt 0.527198 0.441228
vt 0.559538 0.299032
vt 0.549279 0.441881
vt 0.494461 0.730819
vt 0.508282 0.734743
vt 0.503898 0.868160
vt 0.494461 0.865480
vt 0.525655 0.734708
vt 0.515759 0.868136
vt 0.179505 0.512938
vt 0.193825 0.513004
vt 0.189282 0.657724
vt 0.179505 0.657679
vt 0.615986 0.658222
vt 0.211528 0.514782
vt 0.201369 0.658938
vt 0.550411 0.220649
vt 0.517681 0.656254
vt 0.202974 0.439842
vt 0.527198 0.515634
vt 0.544066 0.514850
vt 0.545940 0.658254
vt 0.534423 0.658789
vt 0.559350 0.515634
vt 0.556376 0.658789
vt 0.461728 0.298745
vt 0.479298 0.297671
vt 0.484108 0.441136
vt 0.472111 0.441868
vt 0.494460 0.296041
vt 0.494460 0.440023
vt 0.690116 0.518828
vt 0.707212 0.518719
vt 0.711879 0.657993
vt 0.700206 0.658068
vt 0.721924 0.516208
vt 0.721924 0.656279
vt 0.441938 -0.000000
vt 0.440197 0.219616
vt 0.430510 0.075517
vt 0.539915 0.442096
vt 0.471953 0.220649
vt 0.699990 0.440237
vt 0.819666 0.069755
vt 0.836547 0.068143
vt 0.839807 0.209067
vt 0.828281 0.210168
vt 0.851807 0.069755
vt 0.850226 0.210168
vt -0.000000 0.513527
vt 0.017673 0.512587
vt 0.022256 0.652950
vt 0.010189 0.653592
vt 0.032120 0.509262
vt 0.032120 0.650680
vt 0.352220 0.727482
vt 0.369337 0.727962
vt 0.374004 0.861262
vt 0.362317 0.860934
vt 0.384049 0.724355
vt 0.384049 0.858800
vt 0.526889 0.513858
vt 0.512033 0.510961
vt 0.509569 0.439765
vt 0.494461 0.653887
vt 0.494461 0.510390
vt 0.506458 0.654276
vt 0.831590 -0.000000
vt 0.008816 0.433560
vt 0.362074 0.649280
vt 0.200608 0.867335
vt 0.743344 0.660925
vt 0.223231 0.220727
vt 0.233114 0.848100
vt 0.516602 0.656254
vt 0.559538 0.858604
vt 0.022181 0.290656
vt 0.026342 0.244623
vt 0.268435 0.244666
vt 0.272579 0.290701
vt 0.029458 0.198541
vt 0.265336 0.198584
vt 0.320291 0.744509
vt 0.323329 0.698427
vt 0.551192 0.698608
vt 0.554158 0.744695
vt 0.558132 0.790736
vt 0.316243 0.790543
vt 0.579356 1.000000
vt 0.294685 1.000000
vt 0.294685 0.500164
vt 0.000000 0.500164
vt 0.589370 0.500154
vt 0.610500 0.290956
vt 0.852389 0.290654
vt 0.874041 0.500154
vt 0.614454 0.244914
vt 0.848321 0.244622
vt 0.316882 0.290655
vt 0.321046 0.244622
vt 0.563140 0.244683
vt 0.567280 0.290719
vt 0.294685 0.499881
vt 0.589370 0.499881
vt 0.324165 0.198540
vt 0.560044 0.198601
vt 0.617398 0.198825
vt 0.845261 0.198541
vt 0.373777 1.000000
vt 0.212838 1.000000
vt 0.212838 0.000000
vt 0.373777 0.000000
vt 0.603144 0.000000
vt 0.603144 1.000000
vt 0.580566 1.000000
vt 0.580566 0.000000
vt 0.626448 1.000000
vt 0.626448 0.000000
vt 0.800180 0.003295
vt 0.800180 0.996705
vt -0.000000 0.996705
vt 0.001019 0.000965
vt 0.173732 0.000000
vt 0.173732 1.000000
vt 0.197609 0.000000
vt 0.197609 1.000000
vt 0.426403 1.000000
vt 0.403098 1.000000
vt 0.403098 0.000000
vt 0.426403 0.000000
vt 0.387507 0.000000
vt 0.387507 1.000000
vt 0.644220 0.675648
vt 0.450652 0.675648
vt 0.450652 0.475271
vt 0.644220 0.475271
vt 0.423965 0.911398
vt 0.234315 0.911398
vt 0.234315 0.717830
vt 0.423965 0.717830
vt 0.833870 0.675648
vt 0.644220 0.475271
vt 0.833870 0.475271
vt 0.193568 0.675648
vt 0.000000 0.675648
vt 0.000000 0.475271
vt 0.193568 0.475271
vt 0.833870 0.911398
vt 0.644220 0.911398
vt 0.644220 0.717830
vt 0.833870 0.717830
vt 0.409905 0.475271
vt 0.450652 0.433090
vt 0.193568 0.433090
vt 0.234315 0.475271
vt 0.450652 0.717829
vt 0.409905 0.675648
vt 0.234315 0.675648
vt 0.193568 0.717829
vt 0.861344 0.342235
vt 0.819811 0.329824
vt 0.819811 0.218124
vt 0.861344 0.218124
vt 0.644220 0.717829
vt 0.000000 0.717829
vt 0.833870 0.717829
vt 0.644220 0.717829
vt 0.644220 0.433090
vt 0.833870 0.433091
vt 0.644220 0.433090
vt 0.000000 0.433090
vt 0.000000 0.153286
vt 0.045545 0.167342
vt 0.045545 0.256971
vt 0.000000 0.268522
vt 0.985941 0.240513
vt 0.944408 0.228102
vt 0.944408 0.153634
vt 0.985941 0.153634
vt 0.902876 0.240513
vt 0.902876 0.153634
vt 0.774266 0.167342
vt 0.819811 0.153286
vt 0.819811 0.268521
vt 0.774266 0.256970
vt 0.902876 0.329824
vt 0.902876 0.218124
vt 0.861344 0.433090
vt 0.819811 0.411595
vt 0.054916 0.054999
vt 0.088258 0.090899
vt 0.985941 0.304111
vt 0.944408 0.282615
vt 0.902876 0.304111
vt 0.731553 0.090898
vt 0.764895 0.054998
vt 0.902876 0.411595
vt 0.368372 0.550558
vt 0.409905 0.550558
vt 0.409905 0.656279
vt 0.368372 0.668025
vt 0.150035 -0.000001
vt 0.162239 0.048121
vt 0.151250 0.800057
vt 0.192783 0.800057
vt 0.192783 0.870537
vt 0.151250 0.882284
vt 0.234315 0.800057
vt 0.234315 0.882284
vt 0.657572 0.048120
vt 0.669776 -0.000002
vt 0.326840 0.550558
vt 0.326840 0.656279
vt 0.368372 0.433091
vt 0.409905 0.444838
vt 0.259868 0.003022
vt 0.247665 0.050472
vt 0.151250 0.717830
vt 0.192783 0.729577
vt 0.234315 0.717830
vt 0.572146 0.050471
vt 0.559943 0.003021
vt 0.326840 0.444838
vt 0.875402 0.772169
vt 0.916935 0.759758
vt 0.916935 0.841529
vt 0.875402 0.863025
vt 0.354988 0.063259
vt 0.321647 0.097321
vt 0.916935 0.670447
vt 0.958468 0.658036
vt 0.958468 0.712550
vt 0.916935 0.734045
vt 1.000000 0.670447
vt 1.000000 0.734045
vt 0.498165 0.097320
vt 0.464823 0.063258
vt 0.833870 0.759758
vt 0.833870 0.841529
vt 0.875402 0.648058
vt 0.916935 0.648058
vt 0.409905 0.164567
vt 0.364360 0.176117
vt 0.916935 0.583569
vt 0.958468 0.583569
vt 1.000000 0.583569
vt 0.455451 0.176117
vt 0.409906 0.164566
vt 0.833870 0.648058
vt 0.875402 0.523946
vt 0.916935 0.536357
vt 0.409905 0.279804
vt 0.364361 0.265746
vt 0.916935 0.496690
vt 0.958468 0.509100
vt 1.000000 0.496690
vt 0.455451 0.265745
vt 0.409906 0.279803
vt 0.833870 0.536357
vt 0.875402 0.433090
vt 0.916935 0.454586
vt 0.354989 0.378091
vt 0.321648 0.342191
vt 0.916935 0.433090
vt 0.958468 0.454586
vt 1.000000 0.433090
vt 0.498163 0.342191
vt 0.464822 0.378090
vt 0.833870 0.454586
vt 0.275848 0.550558
vt 0.234315 0.550558
vt 0.234315 0.444838
vt 0.275848 0.433091
vt 0.259870 0.433091
vt 0.247667 0.384969
vt 0.644220 0.800057
vt 0.602687 0.800057
vt 0.602687 0.729577
vt 0.644220 0.717830
vt 0.561155 0.800057
vt 0.561155 0.717830
vt 0.572145 0.384969
vt 0.559941 0.433090
vt 0.317380 0.550558
vt 0.317380 0.444838
vt 0.275848 0.668025
vt 0.234315 0.656279
vt 0.150037 0.430068
vt 0.162240 0.382618
vt 0.644220 0.882284
vt 0.602687 0.870537
vt 0.561155 0.882284
vt 0.657571 0.382618
vt 0.669774 0.430068
vt 0.317380 0.656279
vt 0.861344 0.094012
vt 0.819811 0.106423
vt 0.819811 0.024652
vt 0.861344 0.003156
vt 0.054918 0.369831
vt 0.088259 0.335768
vt 0.985941 0.066756
vt 0.944408 0.079166
vt 0.944408 0.024652
vt 0.985941 0.003156
vt 0.902876 0.066756
vt 0.902876 0.003156
vt 0.731552 0.335767
vt 0.764894 0.369831
vt 0.902876 0.106423
vt 0.902876 0.024652
vt 0.819429 0.987591
vt 0.775284 0.987799
vt 0.775284 0.895983
vt 0.819429 0.895775
vt 0.091413 0.448022
vt 0.091413 0.671855
vt 0.000000 0.671930
vt 0.000000 0.448097
vt 0.775284 0.987801
vt 0.731139 0.987598
vt 0.731139 0.895775
vt 0.775284 0.895978
vt 0.865069 0.000026
vt 0.865069 0.223863
vt 0.821178 0.223838
vt 0.821178 -0.000000
vt 0.865068 0.223863
vt 0.865068 0.447701
vt 0.821178 0.447727
vt 0.821178 0.223889
vt 1.000000 0.091791
vt 0.955843 0.091793
vt 0.955843 0.000003
vt 1.000000 0.000000
vt 0.091778 0.224145
vt 0.091778 0.447978
vt 0.000000 0.447961
vt 0.000000 0.224128
vt 0.955843 0.735169
vt 0.911686 0.735171
vt 0.911686 0.643372
vt 0.955843 0.643371
vt 0.408286 0.671936
vt 0.408287 0.895773
vt 0.364130 0.895774
vt 0.364130 0.671937
vt 0.496601 0.671936
vt 0.496601 0.895774
vt 0.452444 0.895773
vt 0.452444 0.671935
vt 0.182626 0.448101
vt 0.182626 0.671935
vt 0.091413 0.671857
vt 0.091413 0.448022
vt 0.907720 0.987589
vt 0.863575 0.987791
vt 0.863575 0.895976
vt 0.907720 0.895774
vt 0.458493 -0.000000
vt 0.458493 0.223833
vt 0.367053 0.223905
vt 0.367053 0.000072
vt 0.863575 0.987793
vt 0.819429 0.987596
vt 0.819429 0.895775
vt 0.863575 0.895972
vt 0.821009 0.446625
vt 0.821009 0.670463
vt 0.777103 0.670438
vt 0.777103 0.446600
vt 0.821009 0.670463
vt 0.821009 0.894301
vt 0.777103 0.894326
vt 0.777103 0.670488
vt 0.458481 0.223968
vt 0.458481 0.447803
vt 0.367053 0.447740
vt 0.367053 0.223905
vt 0.955836 0.183776
vt 0.911686 0.183937
vt 0.911686 0.092131
vt 0.955836 0.091970
vt 0.367008 0.223875
vt 0.367008 0.447708
vt 0.275406 0.447762
vt 0.275406 0.223929
vt 0.955836 0.091970
vt 0.911686 0.091813
vt 0.911686 -0.000000
vt 0.955836 0.000157
vt 0.777038 0.671582
vt 0.777038 0.895420
vt 0.733036 0.895401
vt 0.733036 0.671563
vt 0.777038 0.447706
vt 0.777038 0.671544
vt 0.733035 0.671563
vt 0.733035 0.447725
vt 0.045633 0.987729
vt 0.000000 0.988572
vt 0.000000 0.896617
vt 0.045633 0.895774
vt 0.640969 0.216439
vt 0.640969 0.432664
vt 0.550287 0.432531
vt 0.550287 0.216307
vt 0.091264 0.988558
vt 0.045633 0.987705
vt 0.045633 0.895774
vt 0.091264 0.896627
vt 0.866604 0.216234
vt 0.866604 0.000002
vt 0.911686 0.000000
vt 0.911686 0.216232
vt 0.866604 0.432465
vt 0.866604 0.216233
vt 0.911686 0.216235
vt 0.911686 0.432467
vt 0.274042 0.987574
vt 0.228333 0.987590
vt 0.228333 0.895791
vt 0.274042 0.895774
vt 0.458493 0.216235
vt 0.458493 0.000011
vt 0.550287 0.000000
vt 0.550287 0.216224
vt 0.502590 0.987575
vt 0.456880 0.987553
vt 0.456880 0.895774
vt 0.502590 0.895797
vt 0.641617 0.648798
vt 0.641617 0.432563
vt 0.687327 0.432610
vt 0.687327 0.648844
vt 0.182841 0.888217
vt 0.182841 0.671982
vt 0.228552 0.671936
vt 0.228552 0.888170
vt 0.274422 0.664255
vt 0.274422 0.448029
vt 0.366219 0.448022
vt 0.366219 0.664248
vt 0.319751 0.987574
vt 0.274042 0.987590
vt 0.274042 0.895791
vt 0.319751 0.895774
vt 0.456880 0.987575
vt 0.411170 0.987553
vt 0.411170 0.895774
vt 0.456880 0.895797
vt 0.274262 0.888170
vt 0.274262 0.671935
vt 0.319972 0.671982
vt 0.319972 0.888217
vt 0.641617 0.432563
vt 0.641617 0.216328
vt 0.687327 0.216282
vt 0.687327 0.432516
vt 0.182626 0.664255
vt 0.182626 0.448029
vt 0.274422 0.448022
vt 0.274422 0.664248
vt 0.228333 0.987574
vt 0.182623 0.987590
vt 0.182623 0.895791
vt 0.228333 0.895774
vt 0.594009 0.987576
vt 0.548299 0.987553
vt 0.548299 0.895775
vt 0.594009 0.895797
vt 0.091421 0.888170
vt 0.091421 0.671936
vt 0.137131 0.671982
vt 0.137131 0.888217
vt 0.228552 0.888217
vt 0.228552 0.671982
vt 0.274262 0.671936
vt 0.274262 0.888170
vt 0.641617 0.000081
vt 0.641617 0.216307
vt 0.550287 0.216226
vt 0.550287 0.000000
vt 0.136943 0.988166
vt 0.091264 0.987634
vt 0.091264 0.895774
vt 0.136943 0.896307
vt 0.182623 0.987615
vt 0.136943 0.988144
vt 0.136943 0.896303
vt 0.182623 0.895775
vt 0.821178 0.880256
vt 0.821177 0.664020
vt 0.866603 0.664077
vt 0.866603 0.880313
vt 0.821178 0.664020
vt 0.821178 0.447784
vt 0.866603 0.447727
vt 0.866603 0.663963
vt 0.911686 0.918758
vt 0.911686 0.826967
vt 0.955843 0.826964
vt 0.955843 0.918755
vt 0.275406 0.223836
vt 0.183607 0.223835
vt 0.183607 -0.000000
vt 0.275406 0.000002
vt 0.911686 0.643371
vt 0.911686 0.551572
vt 0.955843 0.551571
vt 0.955843 0.643370
vt 0.408287 0.671937
vt 0.452444 0.671935
vt 0.452444 0.895773
vt 0.408287 0.895774
vt 0.319972 0.671936
vt 0.364129 0.671937
vt 0.364129 0.895774
vt 0.319972 0.895773
vt 0.955843 0.367066
vt 0.955843 0.275340
vt 1.000000 0.275331
vt 1.000000 0.367058
vt 0.183606 0.223827
vt 0.091804 0.224082
vt 0.091804 0.000254
vt 0.183606 -0.000000
vt 0.955843 0.183575
vt 0.955843 0.091793
vt 1.000000 0.091799
vt 1.000000 0.183580
vt 0.629073 0.671941
vt 0.673230 0.671936
vt 0.673230 0.895673
vt 0.629073 0.895678
vt 0.584915 0.671935
vt 0.629073 0.671941
vt 0.629073 0.895678
vt 0.584915 0.895673
vt 0.911686 0.459563
vt 0.911686 0.367766
vt 0.955840 0.367872
vt 0.955840 0.459669
vt 0.367053 0.223835
vt 0.275406 0.223875
vt 0.275406 0.000040
vt 0.367053 -0.000000
vt 0.911686 0.275851
vt 0.911686 0.184046
vt 0.955840 0.183936
vt 0.955839 0.275742
vt 0.733035 0.223868
vt 0.777103 0.223853
vt 0.777103 0.447691
vt 0.733035 0.447706
vt 0.687327 0.431784
vt 0.731395 0.431799
vt 0.731395 0.655637
vt 0.687327 0.655622
vt 0.911686 0.826961
vt 0.911686 0.735171
vt 0.955843 0.735174
vt 0.955843 0.826965
vt -0.000000 -0.000000
vt 0.091804 0.000304
vt 0.091804 0.224128
vt -0.000000 0.223824
vt 0.955843 0.275331
vt 0.955843 0.183588
vt 1.000000 0.183580
vt 1.000000 0.275323
vt 0.496601 0.671936
vt 0.540758 0.671940
vt 0.540758 0.895712
vt 0.496601 0.895708
vt 0.540758 0.671940
vt 0.584915 0.671935
vt 0.584915 0.895708
vt 0.540758 0.895712
vt 0.192201 0.085536
vt 0.192209 0.041904
vt 0.255193 0.000039
vt 0.039672 0.000000
vt 0.102578 0.041888
vt 0.102570 0.085520
vt 0.102562 0.130260
vt 0.102554 0.173891
vt 0.192185 0.173907
vt 0.192193 0.130276
vt 0.773255 0.085590
vt 0.773311 0.130333
vt 0.683680 0.130444
vt 0.683734 0.174078
vt 0.626984 0.000260
vt 0.683570 0.042068
vt 0.683624 0.085702
vt 0.835180 -0.000000
vt 0.773365 0.173966
vt 0.773201 0.041957
vt 0.333321 0.499881
vt 0.541517 0.500047
vt 0.484950 0.541881
vt 0.395319 0.541810
vt 0.395285 0.585443
vt 0.395249 0.630186
vt 0.395214 0.673819
vt 0.484845 0.673891
vt 0.484880 0.630257
vt 0.484916 0.585515
vt 0.397360 0.041893
vt 0.334395 -0.000000
vt 0.549915 0.000055
vt 0.486991 0.041916
vt 0.486980 0.085547
vt 0.397349 0.085524
vt 0.397338 0.130264
vt 0.397327 0.173896
vt 0.486958 0.173919
vt 0.486969 0.130287
vt 0.856028 0.608821
vt 0.853755 0.356011
vt 0.719267 0.016675
vt 0.694726 0.018360
vt 0.694679 0.001674
vt 0.719111 -0.000000
vt 0.512607 0.485860
vt 0.512937 0.564183
vt 0.972673 0.145646
vt 0.972859 0.222861
vt 0.953680 0.223966
vt 0.950329 0.146936
vt 0.512519 0.355371
vt 0.512567 0.338695
vt 0.858456 0.146915
vt 0.862773 0.147506
vt 0.859911 0.225829
vt 0.855571 0.225211
vt 0.846440 0.154582
vt 0.845118 0.232989
vt 0.817883 0.230996
vt 0.820447 0.152707
vt 0.770330 0.151782
vt 0.773012 0.230031
vt 0.908198 0.609028
vt 0.904270 0.355839
vt 0.379043 0.694033
vt 0.379043 0.945592
vt 0.897580 0.151591
vt 0.896381 0.230138
vt 0.375917 0.485641
vt 0.377622 0.563799
vt 0.908181 0.146754
vt 0.905494 0.225032
vt 0.380124 0.360036
vt 0.379043 0.343411
vt 0.791804 0.226038
vt 0.792222 0.147133
vt 0.731689 0.024364
vt 0.730422 0.007761
vt 0.140076 0.494724
vt 0.141578 0.573064
vt 0.986480 0.609857
vt 0.981635 0.609235
vt 0.973973 0.356298
vt 0.978816 0.356897
vt 0.852489 0.024366
vt 0.853754 0.007763
vt 0.372323 0.355355
vt 0.371768 0.338695
vt 0.661533 0.225522
vt 0.662544 0.147179
vt 0.689993 0.018360
vt 0.663736 0.016675
vt 0.663825 -0.000000
vt 0.689966 0.001674
vt 0.903061 0.021085
vt 0.904207 0.004437
vt 0.993361 0.147625
vt 0.998156 0.147025
vt 0.999681 0.225406
vt 0.994860 0.226034
vt 0.298431 0.423689
vt 0.272421 0.424621
vt 0.762395 0.087318
vt 0.735517 0.089388
vt 0.899599 0.086267
vt 0.865939 0.082306
vt 0.858397 0.291171
vt 0.896206 0.295620
vt 0.972662 0.081167
vt 0.948577 0.082556
vt 0.325376 0.424774
vt 0.299598 0.423609
vt 0.943210 0.084571
vt 0.916118 0.082266
vt 0.374276 0.420501
vt 0.340444 0.422514
vt 0.340624 0.631185
vt 0.378627 0.628925
vt 0.955362 0.288139
vt 0.972944 0.287125
vt 0.939465 0.293653
vt 0.909034 0.291064
vt 0.201006 0.425816
vt 0.168611 0.424053
vt 0.168219 0.424184
vt 0.142629 0.428928
vt 0.690145 0.083630
vt 0.663242 0.081910
vt 0.720087 0.081910
vt 0.694943 0.083630
vt 0.690981 0.292754
vt 0.660761 0.290823
vt 0.419897 0.420458
vt 0.387727 0.424656
vt 0.818784 0.086900
vt 0.793520 0.081650
vt 0.512467 0.420604
vt 0.485309 0.421908
vt 0.848668 0.089392
vt 0.823531 0.087568
vt 0.816691 0.296319
vt 0.844926 0.298368
vt 0.482626 0.630924
vt 0.513132 0.629459
vt 0.854042 0.290563
vt 0.769464 0.296037
vt 0.774291 0.295353
vt 0.767141 0.086650
vt 0.861658 0.081712
vt 0.995164 0.291445
vt 1.000000 0.290828
vt 0.336225 0.631350
vt 0.904207 0.290379
vt 0.911372 0.081596
vt 0.336119 0.422676
vt 0.141881 0.638417
vt 0.146718 0.637801
vt 0.977781 0.291405
vt 0.972944 0.290793
vt 0.981806 0.082355
vt 0.977050 0.081758
vt 0.137873 0.429529
vt 0.477746 0.630884
vt 0.386940 0.633842
vt 0.391314 0.633370
vt 0.790739 0.081638
vt 0.791518 0.291693
vt 0.995919 0.081763
vt 0.991164 0.082365
vt 0.811863 0.295636
vt 0.383426 0.425116
vt 0.480512 0.421868
vt 0.652901 0.629060
vt 0.657781 0.629042
vt 0.695861 0.292754
vt 0.298620 0.694147
vt 0.279766 0.694824
vt 0.279528 0.630618
vt 0.298516 0.629938
vt 0.739273 0.298362
vt 0.299473 0.629592
vt 0.318292 0.630442
vt 0.724105 0.290823
vt 0.165399 0.634338
vt 0.175963 0.632182
vt 0.199612 0.633469
vt 0.793420 0.291804
vt 0.414798 0.630305
vt 0.657620 0.420548
vt 0.652823 0.420566
vt 0.299037 0.941493
vt 0.276362 0.942306
vt 0.217695 0.679426
vt 0.217695 0.589795
vt 0.231466 0.589795
vt 0.231466 0.679426
vt 0.042111 0.679426
vt 0.021087 0.679426
vt 0.021087 0.589795
vt 0.042111 0.589795
vt 0.244881 0.508348
vt 0.244881 0.581611
vt 0.217695 0.581611
vt 0.217695 0.508348
vt 0.289004 0.589795
vt 0.289004 0.500164
vt 0.292422 0.537715
vt 0.130635 0.679426
vt 0.130635 0.589795
vt 0.141934 0.589795
vt 0.145352 0.641874
vt 0.141934 0.679426
vt 0.165596 0.633980
vt 0.176876 0.633340
vt 0.179344 0.676815
vt 0.165596 0.677595
vt 0.209060 0.508348
vt 0.209060 0.581611
vt 0.181874 0.581611
vt 0.181874 0.508348
vt 0.116183 0.589795
vt 0.116183 0.633311
vt 0.107418 0.633490
vt 0.109890 0.589945
vt 0.694282 0.587242
vt 0.678378 0.587242
vt 0.678378 0.543698
vt 0.691723 0.543698
vt 0.078014 0.589795
vt 0.084307 0.589945
vt 0.086779 0.633490
vt 0.078014 0.633311
vt 0.633201 0.589785
vt 0.633201 0.500154
vt 0.651729 0.500154
vt 0.651729 0.589785
vt 0.102931 0.679426
vt 0.087090 0.679426
vt 0.087090 0.589795
vt 0.102931 0.589795
vt 0.250735 0.589795
vt 0.250735 0.633340
vt 0.231466 0.633340
vt 0.233938 0.589795
vt 0.670194 0.500154
vt 0.670194 0.589785
vt 0.280535 0.508348
vt 0.280535 0.581611
vt 0.253350 0.581611
vt 0.253350 0.508348
vt 0.676735 0.633329
vt 0.676735 0.589785
vt 0.695200 0.589785
vt 0.697759 0.633329
vt 0.167799 0.633340
vt 0.167799 0.589795
vt 0.184596 0.589795
vt 0.187068 0.633340
vt 0.697759 0.633329
vt 0.697759 0.676873
vt 0.676735 0.676873
vt 0.679294 0.633329
vt 0.610836 0.589785
vt 0.630105 0.589785
vt 0.630105 0.679417
vt 0.610836 0.679417
vt 0.165718 0.508348
vt 0.165718 0.581611
vt 0.138531 0.581611
vt 0.138531 0.508348
vt 0.668526 0.589785
vt 0.668526 0.679416
vt 0.651729 0.679416
vt 0.216818 0.677611
vt 0.195731 0.677611
vt 0.195731 0.634067
vt 0.214259 0.634067
vt 0.710123 0.543698
vt 0.710123 0.587242
vt 0.694282 0.587242
vt 0.696841 0.543698
vt 0.589370 0.589785
vt 0.602652 0.589785
vt 0.602652 0.679416
vt 0.589370 0.679416
vt 0.078628 0.508348
vt 0.078628 0.581611
vt 0.051441 0.581611
vt 0.051441 0.508348
vt 0.694282 0.543698
vt 0.694282 0.500154
vt 0.707564 0.500154
vt 0.710123 0.543698
vt 0.000000 0.589795
vt 0.021087 0.589795
vt 0.000000 0.679426
vt 0.579356 0.499881
vt 0.588122 0.499881
vt 0.588122 0.589512
vt 0.579356 0.589512
vt 0.122173 0.508348
vt 0.122173 0.581611
vt 0.094986 0.581611
vt 0.094986 0.508348
vt 0.124342 0.589795
vt 0.130635 0.589795
vt 0.130635 0.679426
vt 0.124342 0.679426
vt 0.261478 0.634067
vt 0.280006 0.634067
vt 0.280006 0.677611
vt 0.258919 0.677611
vt 0.062110 0.589795
vt 0.078014 0.589795
vt 0.078014 0.679426
vt 0.062110 0.679426
vt 0.217695 0.590452
vt 0.217695 0.634067
vt 0.203455 0.633271
vt 0.205923 0.589795
vt 0.035083 0.508348
vt 0.035083 0.581611
vt 0.007896 0.581611
vt 0.007896 0.508348
vt 0.638384 0.679416
vt 0.638384 0.589785
vt 0.651729 0.679416
vt 0.680937 0.500154
vt 0.694282 0.500154
vt 0.694282 0.543698
vt 0.678378 0.543698
vt 0.145352 0.679426
vt 0.145352 0.589795
vt 0.159615 0.589795
vt 0.159615 0.679426
vt 0.616556 0.508339
vt 0.616556 0.581601
vt 0.589370 0.581601
vt 0.589370 0.508339
vt 0.258919 0.590452
vt 0.270691 0.589795
vt 0.273159 0.633271
vt 0.258919 0.634067
vt 0.042111 0.589795
vt 0.053901 0.589795
vt 0.053901 0.679426
vt 0.042111 0.679426
vt 0.231466 0.668468
vt 0.233007 0.641325
vt 0.241657 0.633340
vt 0.239189 0.676815
vt 0.253350 0.500164
vt 0.253350 0.589795
vt 0.676735 0.597969
vt 0.676735 0.671232
vt 0.087090 0.500164
vt 0.130635 0.500164
vt 0.043545 0.589795
vt 0.000000 0.589795
vt 0.217695 0.589795
vt 0.174180 0.589795
vt 0.130635 0.500164
vt 0.174180 0.500164
vt 0.087090 0.500164
vt 0.087090 0.589795
vt 0.043545 0.589795
vt 0.116183 0.671242
vt 0.116183 0.597979
vt 0.610836 0.597995
vt 0.610836 0.671257
vt 0.625017 0.581626
vt 0.625017 0.508364
vt 0.579356 0.670959
vt 0.579356 0.597697
vt 0.587515 0.589512
vt 0.587515 0.679143
vt 0.185527 0.641325
vt 0.187068 0.668468
vt 0.043545 0.500164
vt 0.217695 0.500164
vt 0.174180 0.500164
vt 0.159615 0.625444
vt 0.159615 0.598257
vt 0.174180 0.589795
vt 0.130635 0.589795
vt 0.000000 0.500164
vt 0.289004 0.500164
vt 0.289004 0.589795
vt 0.258919 0.598257
vt 0.258919 0.625444
vt 0.630200 0.671257
vt 0.630200 0.597995
vt 0.678378 0.508364
vt 0.678378 0.581626
vt 0.279342 0.597788
vt 0.280883 0.624931
vt 0.625017 0.500154
vt 0.625017 0.589786
vt 0.195731 0.624931
vt 0.197272 0.597788
vt 0.062110 0.597979
vt 0.062110 0.671242
vt 0.252938 0.677595
vt 0.252938 0.633980
vt 0.955843 0.631906
vt 0.955843 0.550273
vt 0.995243 0.550194
vt 0.995243 0.631827
vt 0.550287 0.432898
vt 0.632222 0.432664
vt 0.632222 0.632397
vt 0.550287 0.632631
vt 0.955843 0.713390
vt 0.955843 0.631906
vt 0.995244 0.631999
vt 0.995244 0.713484
vt 0.866603 0.631314
vt 0.906014 0.631332
vt 0.906014 0.830161
vt 0.866603 0.830142
vt 0.866603 0.432485
vt 0.906014 0.432467
vt 0.906014 0.631295
vt 0.866604 0.631314
vt 0.911686 0.551466
vt 0.911686 0.459669
vt 0.955840 0.459774
vt 0.955840 0.551571
vt 0.275094 0.447963
vt 0.183447 0.448003
vt 0.183447 0.224168
vt 0.275094 0.224128
vt 0.911686 0.367766
vt 0.911686 0.275960
vt 0.955839 0.275851
vt 0.955839 0.367657
vt 0.733035 0.000015
vt 0.777103 0.000000
vt 0.777103 0.223838
vt 0.733035 0.223853
vt 0.687327 0.655637
vt 0.731395 0.655652
vt 0.731395 0.879489
vt 0.687327 0.879474
vt 0.955843 0.550123
vt 0.955843 0.458703
vt 0.999995 0.458774
vt 0.999995 0.550194
vt 0.183447 0.447937
vt 0.091778 0.448022
vt 0.091778 0.224212
vt 0.183447 0.224128
vt 0.955843 0.458703
vt 0.955843 0.367139
vt 0.999995 0.367066
vt 0.999995 0.458629
vt 0.777103 0.223518
vt 0.821177 0.223300
vt 0.821178 0.446382
vt 0.777103 0.446600
vt 0.777103 -0.000000
vt 0.821178 0.000218
vt 0.821178 0.223300
vt 0.777103 0.223082
vt 0.685429 0.987430
vt 0.639719 0.987439
vt 0.639719 0.895783
vt 0.685429 0.895774
vt 0.550277 0.432470
vt 0.550278 0.648706
vt 0.458493 0.648709
vt 0.458493 0.432473
vt 0.731139 0.987283
vt 0.685429 0.987282
vt 0.685429 0.895774
vt 0.731139 0.895775
vt 0.687327 0.215818
vt 0.687327 0.000000
vt 0.733035 0.000074
vt 0.733035 0.215892
vt 0.687327 0.431784
vt 0.687327 0.215966
vt 0.733035 0.215892
vt 0.733036 0.431709
vt 0.411170 0.987574
vt 0.365461 0.987590
vt 0.365461 0.895791
vt 0.411170 0.895774
vt 0.458492 0.432470
vt 0.458492 0.216246
vt 0.550287 0.216235
vt 0.550287 0.432459
vt 0.548299 0.987575
vt 0.502590 0.987553
vt 0.502590 0.895774
vt 0.548299 0.895797
vt 0.137131 0.888170
vt 0.137131 0.671935
vt 0.182841 0.671982
vt 0.182841 0.888217
vt 0.000000 0.888217
vt 0.000000 0.671982
vt 0.045710 0.671935
vt 0.045710 0.888170
vt 0.366219 0.664255
vt 0.366219 0.448029
vt 0.458015 0.448022
vt 0.458015 0.664248
vt 0.365461 0.987574
vt 0.319752 0.987590
vt 0.319752 0.895791
vt 0.365461 0.895774
vt 0.639718 0.987575
vt 0.594009 0.987553
vt 0.594009 0.895775
vt 0.639718 0.895797
vt 0.045710 0.888170
vt 0.045710 0.671936
vt 0.091421 0.671982
vt 0.091421 0.888217
vt 0.641617 0.216282
vt 0.641617 0.000047
vt 0.687327 0.000000
vt 0.687327 0.216235
vt 0.422790 0.584561
vt 0.457554 0.584559
vt 0.472972 0.809621
vt 0.438208 0.809623
vt 0.438208 0.338697
vt 0.472972 0.338695
vt 0.457554 0.579500
vt 0.422790 0.579502
vt 0.326992 0.338508
vt 0.003424 0.338717
vt 0.003424 0.003760
vt 0.326992 0.003551
vt 0.768855 0.861747
vt 0.734105 0.860332
vt 0.730422 0.616987
vt 0.765172 0.618402
vt 0.206217 0.618736
vt 0.241046 0.618736
vt 0.243957 0.922094
vt 0.209129 0.922094
vt 0.768647 0.866801
vt 0.771707 0.863076
vt 0.771603 0.865600
vt 0.733896 0.865386
vt 0.730422 0.862604
vt 0.206274 0.614173
vt 0.203279 0.618101
vt 0.203307 0.615823
vt 0.244576 0.617467
vt 0.241102 0.614173
vt 0.419897 0.583252
vt 0.419897 0.580726
vt 0.830559 0.860824
vt 0.830559 0.855766
vt 0.833508 0.857003
vt 0.833508 0.859529
vt 0.792222 0.858224
vt 0.795732 0.855756
vt 0.795732 0.860814
vt 0.768024 0.619731
vt -0.000000 0.338806
vt 0.000000 0.003849
vt 0.206190 0.921458
vt 0.327081 0.342231
vt 0.003513 0.342440
vt 0.824345 0.617340
vt 0.827293 0.618577
vt 0.435315 0.808314
vt 0.003513 0.000209
vt 0.327081 0.000000
vt 0.461157 0.581944
vt 0.330595 0.003635
vt 0.330595 0.338592
vt 0.657781 0.336879
vt 0.656026 0.338695
vt 0.332350 0.338695
vt 0.330595 0.336879
vt 0.330595 0.001817
vt 0.332350 0.000000
vt 0.656026 0.000000
vt 0.657781 0.001817
vt 0.013943 0.374489
vt 0.010531 0.375258
vt -0.000000 0.316295
vt 0.003389 0.314894
vt 0.145099 0.385302
vt 0.142422 0.385597
vt 0.131903 0.326555
vt 0.220483 0.306389
vt 0.234478 0.384708
vt 0.243761 0.487230
vt 0.234478 0.485855
vt 0.249550 0.394825
vt 0.259091 0.394805
vt 0.513117 0.560536
vt 0.503894 0.559459
vt 0.503828 0.465255
vt 0.513023 0.464904
vt 0.120479 0.648673
vt 0.120842 0.561651
vt 0.129923 0.560891
vt 0.129592 0.646611
vt 0.234478 0.307825
vt 0.243761 0.306389
vt 0.259091 0.392496
vt 0.249550 0.392632
vt 0.385721 0.436447
vt 0.263569 0.436425
vt 0.263828 0.434580
vt 0.385662 0.434595
vt 0.129923 0.648775
vt 0.120762 0.650923
vt 0.262046 0.434848
vt 0.263820 0.308461
vt 0.262032 0.308400
vt 0.263549 0.306822
vt 0.385661 0.308469
vt 0.385723 0.306830
vt 0.387246 0.434877
vt 0.387246 0.308406
vt 0.503828 0.561646
vt 0.513103 0.562808
vt 0.266006 0.153411
vt 0.263806 0.153411
vt 0.264033 0.150853
vt 0.265734 0.150853
vt 0.829126 0.582163
vt 0.768973 0.579248
vt 0.769232 0.576664
vt 0.828835 0.579558
vt 0.218154 0.876459
vt 0.218158 0.875231
vt 0.219341 0.876455
vt 0.133104 0.875222
vt 0.133222 0.876451
vt 0.131903 0.876447
vt 0.830545 0.579417
vt 0.831337 0.581968
vt 0.088144 0.984020
vt 0.000000 0.969922
vt 0.000057 0.968208
vt 0.088200 0.982701
vt 0.218154 0.964378
vt 0.133224 0.964368
vt 0.131904 0.964487
vt 0.145099 0.387547
vt 0.142422 0.387332
vt 0.133109 0.965735
vt 0.218158 0.965744
vt 0.134489 0.451506
vt 0.234478 0.386057
vt 0.220526 0.470123
vt 0.848021 0.668095
vt 0.849332 0.667990
vt 0.219341 0.964501
vt 0.131903 0.450706
vt 0.768973 0.664203
vt 0.373718 0.531758
vt 0.373676 0.437565
vt 0.385774 0.436447
vt 0.385844 0.532085
vt 0.088842 0.853647
vt 0.100775 0.853650
vt 0.113185 0.944673
vt 0.101413 0.946052
vt 0.101413 0.765313
vt 0.113185 0.766632
vt 0.100775 0.851458
vt 0.088842 0.851427
vt 0.361578 0.522708
vt 0.361551 0.436572
vt 0.373676 0.436447
vt 0.373676 0.523909
vt 0.373676 0.533949
vt 0.385799 0.534391
vt 0.361219 0.524867
vt 0.360037 0.523729
vt 0.263880 0.129749
vt 0.266066 0.129637
vt 0.266066 0.141716
vt 0.263806 0.141888
vt 0.390546 0.129617
vt 0.390626 0.127766
vt 0.512461 0.127762
vt 0.512698 0.129608
vt 0.514222 0.128031
vt 0.373241 0.526139
vt 0.390614 0.001640
vt 0.390530 -0.000000
vt 0.512704 0.000004
vt 0.512455 0.001643
vt 0.389007 0.001577
vt 0.389020 0.128047
vt 0.514222 0.001583
vt 0.102114 0.852597
vt 0.602294 0.412522
vt 0.598915 0.413662
vt 0.598858 0.411462
vt 0.606046 0.351655
vt 0.609317 0.353349
vt 0.328895 0.906379
vt 0.326694 0.906659
vt 0.327721 0.903262
vt 0.391008 0.603319
vt 0.387904 0.601422
vt 0.409320 0.540950
vt 0.412608 0.542191
vt 0.412971 0.540000
vt 0.262033 0.911553
vt 0.263739 0.908106
vt 0.904461 0.985772
vt 0.904460 0.897853
vt 0.989391 0.897861
vt 0.989391 0.985778
vt 0.888744 0.148910
vt 0.889649 0.152143
vt 0.887406 0.152098
vt 0.412976 0.479483
vt 0.501067 0.464904
vt 0.501067 0.544453
vt 0.409328 0.481068
vt 0.535686 0.064858
vt 0.539268 0.064330
vt 0.538881 0.066497
vt 0.513193 0.415153
vt 0.513117 0.413876
vt 0.955831 0.152148
vt 0.972399 0.238226
vt 0.885410 0.238226
vt 0.328895 0.993321
vt 0.327592 0.993494
vt 0.884063 0.238199
vt 0.609317 0.477368
vt 0.526757 0.498870
vt 0.500857 0.545755
vt 0.522501 0.335286
vt 0.596425 0.795919
vt 0.581324 0.886943
vt 0.572557 0.886103
vt 0.587863 0.793672
vt 0.715325 0.496470
vt 0.706743 0.496280
vt 0.706717 0.402077
vt 0.715325 0.400838
vt 0.263806 0.001570
vt 0.265331 -0.000000
vt 0.265412 0.001828
vt 0.572595 0.888371
vt 0.581300 0.889133
vt 0.596425 0.973940
vt 0.587976 0.974463
vt 0.259081 0.637348
vt 0.258774 0.723059
vt 0.249933 0.724173
vt 0.250273 0.637145
vt 0.259081 0.725230
vt 0.250256 0.726459
vt 0.511579 0.335286
vt 0.513104 0.336856
vt 0.511520 0.337114
vt 0.389686 0.337117
vt 0.389427 0.335295
vt 0.387904 0.336872
vt 0.263806 0.141888
vt 0.265986 0.142083
vt 0.266063 0.150845
vt 0.263806 0.150587
vt 0.511533 0.463240
vt 0.511594 0.464904
vt 0.389420 0.464900
vt 0.389692 0.463237
vt 0.513117 0.463328
vt 0.387904 0.463320
vt 0.582663 0.888124
vt 0.013959 0.376708
vt 0.970485 0.551328
vt 0.911663 0.551304
vt 0.911567 0.547866
vt 0.971165 0.547748
vt 0.003314 0.440662
vt -0.000000 0.438541
vt 0.990161 0.459829
vt 0.990163 0.547748
vt 0.905231 0.547741
vt 0.905231 0.459824
vt 0.972706 0.550998
vt 0.905231 0.639323
vt 0.982943 0.639323
vt 0.101472 0.386446
vt 0.087486 0.470510
vt 0.101450 0.385130
vt 0.984276 0.639125
vt 0.907115 0.812294
vt 0.906176 0.808999
vt 0.971663 0.808966
vt 0.971884 0.812180
vt 0.087520 0.306822
vt 0.513117 0.658443
vt 0.505283 0.659084
vt 0.505256 0.564903
vt 0.513117 0.562808
vt 0.796914 0.882866
vt 0.804766 0.883721
vt 0.817142 0.974741
vt 0.809505 0.975263
vt 0.484461 0.655284
vt 0.484461 0.742745
vt 0.476889 0.741425
vt 0.476862 0.655267
vt 0.804790 0.881532
vt 0.796878 0.880594
vt 0.809393 0.794470
vt 0.817142 0.796719
vt 0.266063 0.142918
vt 0.268256 0.142931
vt 0.268371 0.150845
vt 0.266063 0.150831
vt 0.387484 0.000033
vt 0.387246 0.001855
vt 0.505264 0.661272
vt 0.513042 0.660706
vt 0.389007 0.001610
vt 0.387241 0.127974
vt 0.389007 0.128058
vt 0.387490 0.129637
vt 0.265315 0.129618
vt 0.265400 0.127954
vt 0.535728 0.004974
vt 0.539222 0.003790
vt 0.609317 0.403915
vt 0.610511 0.400838
vt 0.611517 0.404185
vt 0.517142 0.127593
vt 0.514222 0.125315
vt 0.349644 0.523731
vt 0.353074 0.525212
vt 0.349677 0.525951
vt 0.957366 0.719891
vt 0.907070 0.678957
vt 0.910366 0.677371
vt 0.960132 0.717877
vt 0.884063 0.238226
vt 0.968993 0.238236
vt 0.968994 0.326153
vt 0.884063 0.326145
vt 0.959168 0.721229
vt 0.356684 0.463925
vt 0.262033 0.515059
vt 0.271293 0.436447
vt 0.360037 0.466034
vt 0.677396 0.410492
vt 0.697213 0.498870
vt 0.610619 0.490574
vt 0.609317 0.490407
vt 0.908153 0.791491
vt 0.907070 0.790687
vt 0.275763 0.600076
vt 0.262045 0.516378
vt 0.360037 0.589649
vt 0.623510 0.000000
vt 0.623510 0.079543
vt 0.000088 0.902625
vt 0.002640 0.902197
vt 0.088200 0.895727
vt 0.385844 0.536325
vt 0.385844 0.576325
vt 0.364269 0.580173
vt 0.364269 0.540173
vt 0.708117 0.275517
vt 0.692329 0.277896
vt 0.692215 0.275385
vt 0.709145 0.273590
vt 0.798056 0.451649
vt 0.813646 0.453196
vt 0.813542 0.455097
vt 0.796881 0.454194
vt 0.086053 0.542194
vt 0.087196 0.540262
vt 0.116241 0.540263
vt 0.117133 0.542194
vt 0.364488 0.537994
vt 0.384685 0.534391
vt 0.904653 0.646145
vt 0.851064 0.646139
vt 0.851064 0.601918
vt 0.904653 0.601924
vt 0.116239 0.490272
vt 0.087197 0.490272
vt 0.086052 0.488838
vt 0.117133 0.488837
vt 0.350550 0.641262
vt 0.352422 0.605165
vt 0.354742 0.604001
vt 0.352277 0.642398
vt 0.712747 0.321332
vt 0.716429 0.369654
vt 0.699605 0.383679
vt 0.696263 0.328021
vt 0.370580 0.642030
vt 0.387861 0.603347
vt 0.642291 0.925313
vt 0.642291 0.965236
vt 0.620716 0.969087
vt 0.620716 0.929161
vt 0.116240 0.583932
vt 0.087197 0.583932
vt 0.086053 0.581647
vt 0.117133 0.581646
vt 0.764963 0.838758
vt 0.759886 0.798595
vt 0.780935 0.794470
vt 0.785934 0.835048
vt 0.768973 0.541017
vt 0.768973 0.500815
vt 0.790551 0.503963
vt 0.790551 0.544165
vt 0.904653 0.504648
vt 0.851064 0.504643
vt 0.851064 0.460422
vt 0.904653 0.460427
vt 0.930186 0.414553
vt 0.950382 0.410950
vt 0.951511 0.412899
vt 0.929968 0.416741
vt 0.798050 0.495597
vt 0.813653 0.501063
vt 0.813506 0.503461
vt 0.796916 0.497650
vt 0.117133 0.471547
vt 0.086052 0.471126
vt 0.369913 0.683793
vt 0.369903 0.685105
vt 0.350462 0.684652
vt 0.349169 0.683313
vt 0.705983 0.230283
vt 0.704794 0.231765
vt 0.689062 0.234919
vt 0.688757 0.231837
vt 0.370613 0.683695
vt 0.387904 0.678516
vt 0.702814 0.188640
vt 0.682671 0.152058
vt 0.775417 0.927266
vt 0.760452 0.933293
vt 0.759038 0.931433
vt 0.775019 0.924997
vt 0.716429 0.187342
vt 0.715566 0.148910
vt 0.609317 0.392719
vt 0.609317 0.337073
vt 0.646500 0.342496
vt 0.646501 0.398142
vt 0.221904 0.637145
vt 0.221905 0.581777
vt 0.259081 0.575146
vt 0.259081 0.630513
vt 0.691576 0.277977
vt 0.658134 0.279722
vt 0.655693 0.277888
vt 0.691402 0.276023
vt 0.117133 0.492651
vt 0.117133 0.538424
vt 0.086052 0.538424
vt 0.086052 0.492649
vt 0.853678 0.506989
vt 0.903747 0.506994
vt 0.853676 0.553294
vt 0.851064 0.551394
vt 0.904653 0.551400
vt 0.903749 0.553299
vt 0.259244 0.437069
vt 0.261032 0.438218
vt 0.261470 0.474211
vt 0.259244 0.475557
vt 0.853678 0.599600
vt 0.851064 0.598106
vt 0.904653 0.598110
vt 0.903747 0.599605
vt 0.851064 0.508455
vt 0.904653 0.508461
vt 0.796300 0.318483
vt 0.799006 0.282373
vt 0.800707 0.281120
vt 0.798637 0.319709
vt 0.851064 0.555167
vt 0.904653 0.555172
vt 0.259091 0.397543
vt 0.261472 0.398607
vt 0.260718 0.434608
vt 0.259091 0.435823
vt 0.118094 0.437715
vt 0.120087 0.438988
vt 0.120087 0.475018
vt 0.118094 0.476232
vt 0.798648 0.281854
vt 0.800348 0.280539
vt 0.352062 0.604647
vt 0.354395 0.603319
vt 0.950357 0.090738
vt 0.950357 0.129625
vt 0.928795 0.133472
vt 0.928796 0.094581
vt 0.369942 0.729009
vt 0.350523 0.728557
vt 0.349197 0.726723
vt 0.369928 0.727205
vt 0.951510 0.452427
vt 0.929968 0.456270
vt 0.386664 0.777489
vt 0.370725 0.773018
vt 0.370807 0.770685
vt 0.387827 0.775460
vt 0.848726 0.499455
vt 0.814400 0.501157
vt 0.814381 0.499236
vt 0.851058 0.497418
vt 0.220496 0.875222
vt 0.255321 0.880302
vt 0.256548 0.882447
vt 0.219341 0.877021
vt 0.447977 0.911588
vt 0.449098 0.910278
vt 0.483968 0.915364
vt 0.485164 0.917008
vt 0.219341 0.920765
vt 0.256548 0.926193
vt 0.370670 0.685051
vt 0.386611 0.681671
vt 0.387768 0.683094
vt 0.370754 0.688197
vt 0.447978 0.955824
vt 0.485164 0.961249
vt 0.349169 0.963145
vt 0.349169 0.923967
vt 0.386350 0.917339
vt 0.386349 0.956512
vt 0.791374 0.878078
vt 0.790283 0.880071
vt 0.770652 0.883547
vt 0.770416 0.881789
vt 0.467359 0.655267
vt 0.467359 0.611741
vt 0.504560 0.605106
vt 0.504560 0.648631
vt 0.661787 0.327560
vt 0.659340 0.325735
vt 0.695070 0.323870
vt 0.695226 0.325815
vt 0.695964 0.325665
vt 0.711466 0.319375
vt 0.813677 0.402234
vt 0.813650 0.405326
vt 0.798041 0.407705
vt 0.796745 0.406325
vt 0.795782 0.923603
vt 0.776150 0.927079
vt 0.775939 0.925334
vt 0.796878 0.921626
vt 0.692549 0.279757
vt 0.709478 0.277964
vt 0.599169 0.967000
vt 0.599169 0.927273
vt 0.620716 0.930415
vt 0.620716 0.970143
vt 0.688287 0.235028
vt 0.654802 0.236775
vt 0.652373 0.234324
vt 0.688088 0.232456
vt 0.546058 0.959081
vt 0.546058 0.919998
vt 0.567622 0.923140
vt 0.567623 0.962227
vt 0.695895 0.323657
vt 0.712449 0.316940
vt 0.706188 0.234799
vt 0.689238 0.236320
vt 0.387796 0.727048
vt 0.386626 0.729582
vt 0.370704 0.729032
vt 0.370779 0.727210
vt 0.813542 0.406799
vt 0.814418 0.405274
vt 0.814401 0.406657
vt 0.848732 0.451518
vt 0.814403 0.453220
vt 0.814402 0.451289
vt 0.851058 0.449473
vt 0.370782 0.731596
vt 0.387799 0.731433
vt 0.832714 0.319054
vt 0.832714 0.280505
vt 0.864537 0.319102
vt 0.835103 0.319668
vt 0.835103 0.281119
vt 0.867042 0.280505
vt 0.349170 0.910609
vt 0.349169 0.835573
vt 0.386363 0.840998
vt 0.386363 0.916038
vt 0.221904 0.573369
vt 0.221904 0.493864
vt 0.259091 0.487230
vt 0.259091 0.566731
vt 0.117132 0.470964
vt 0.813683 0.327129
vt 0.813941 0.326427
vt 0.814394 0.327017
vt 0.795882 0.318983
vt 0.798216 0.320272
vt 0.764266 0.838851
vt 0.765161 0.840026
vt 0.764392 0.840172
vt 0.261871 0.398058
vt 0.259490 0.396831
vt 0.832714 0.318936
vt 0.833096 0.318436
vt 0.834714 0.320230
vt 0.833096 0.282376
vt 0.832714 0.281858
vt 0.834714 0.280538
vt 0.120479 0.438460
vt 0.118493 0.437125
vt 0.350142 0.641762
vt 0.351843 0.643062
vt 0.120479 0.475507
vt 0.118493 0.476783
vt 0.261415 0.437666
vt 0.259643 0.436453
vt 0.904628 0.646754
vt 0.851058 0.646749
vt 0.261871 0.474674
vt 0.259643 0.476082
vt 0.259490 0.436453
vt 0.261112 0.435076
vt 0.117716 0.492673
vt 0.117716 0.538404
vt 0.688381 0.236382
vt 0.769899 0.883665
vt 0.770912 0.885568
vt 0.770121 0.886250
vt 0.759038 0.797452
vt 0.759618 0.798024
vt 0.691712 0.279825
vt 0.695334 0.327649
vt 0.769571 0.881902
vt 0.776382 0.929095
vt 0.775535 0.929364
vt 0.814395 0.402724
vt 0.814381 0.455101
vt 0.813542 0.450715
vt 0.370846 0.775087
vt 0.370879 0.823549
vt 0.369998 0.815522
vt 0.369971 0.774926
vt 0.369913 0.731020
vt 0.369974 0.772925
vt 0.814405 0.503020
vt 0.813542 0.499086
vt 0.814404 0.559165
vt 0.765471 0.842667
vt 0.764696 0.843339
vt 0.770131 0.498870
vt 0.790332 0.501816
vt 0.369902 0.687738
vt 0.784814 0.836545
vt 0.369938 0.771137
vt 0.929009 0.091788
vt 0.949228 0.088181
vt 0.117133 0.585460
vt 0.117133 0.609695
vt 0.086052 0.609694
vt 0.086053 0.585458
vt 0.369887 0.643275
vt 0.905230 0.460240
vt 0.905230 0.504711
vt 0.350555 0.772472
vt 0.349225 0.770654
vt 0.610447 0.335286
vt 0.645269 0.340364
vt 0.848791 0.403569
vt 0.851058 0.400910
vt 0.600298 0.925313
vt 0.620497 0.928259
vt 0.547186 0.917426
vt 0.567409 0.920375
vt 0.223135 0.579579
vt 0.257951 0.573369
vt 0.905231 0.508519
vt 0.905231 0.551406
vt 0.905231 0.555178
vt 0.905231 0.598156
vt 0.905230 0.601981
vt 0.905230 0.646345
vt 0.851058 0.459824
vt 0.904628 0.459829
vt 0.117716 0.542174
vt 0.117716 0.581674
vt 0.117469 0.470991
vt 0.117716 0.470510
vt 0.117716 0.488861
vt 0.760254 0.797992
vt 0.681957 0.152003
vt 0.682374 0.151390
vt 0.781606 0.977402
vt 0.781469 0.969336
vt 0.387794 0.779841
vt 0.387904 0.835573
vt 0.350365 0.922257
vt 0.385229 0.916038
vt 0.468586 0.609530
vt 0.503405 0.603319
vt 0.835055 0.936512
vt 0.835055 0.821347
vt 0.904460 0.808966
vt 0.904460 0.924131
vt 0.599169 0.787637
vt 0.599169 0.684202
vt 0.605770 0.684443
vt 0.605770 0.787878
vt 0.137935 0.078921
vt 0.137936 0.069417
vt 0.253681 0.069417
vt 0.253680 0.078921
vt 0.131903 0.074337
vt 0.689633 0.922016
vt 0.689633 0.806851
vt 0.759038 0.794470
vt 0.759038 0.909635
vt 0.138505 0.868632
vt 0.131904 0.868391
vt 0.131903 0.764956
vt 0.138504 0.765197
vt 0.138221 0.220102
vt 0.135242 0.221638
vt 0.132434 0.155007
vt 0.135411 0.153411
vt 0.825550 0.821348
vt 0.825550 0.936513
vt 0.006668 0.758398
vt -0.000000 0.758467
vt -0.000000 0.654972
vt 0.006668 0.654903
vt 0.830134 0.813863
vt 0.238489 0.868632
vt 0.238491 0.875222
vt 0.138508 0.875222
vt 0.131888 0.306822
vt 0.016143 0.306822
vt 0.006032 0.232332
vt 0.121777 0.232332
vt 0.105991 0.437125
vt 0.101472 0.430588
vt 0.110975 0.430582
vt 0.006603 0.648137
vt 0.106582 0.648147
vt 0.106647 0.654913
vt 0.016158 0.153411
vt 0.131903 0.153411
vt 0.121778 0.222828
vt 0.006033 0.222828
vt 0.138549 0.762001
vt 0.238444 0.762002
vt 0.238488 0.765197
vt 0.131903 0.225621
vt 0.133515 0.223147
vt 0.138840 0.229579
vt 0.145406 0.306389
vt 0.255466 0.221864
vt 0.262033 0.298674
vt 0.245093 0.764956
vt 0.245095 0.868391
vt 0.254847 0.212387
vt 0.705754 0.684444
vt 0.712360 0.684203
vt 0.712360 0.787638
vt 0.705754 0.787879
vt 0.928796 0.115165
vt 0.859390 0.127546
vt 0.859390 0.012381
vt 0.928796 0.000000
vt 0.730158 0.006775
vt 0.730158 0.110271
vt 0.630179 0.110261
vt 0.630179 0.006766
vt 0.495482 0.917426
vt 0.485984 0.917418
vt 0.485984 0.800537
vt 0.495482 0.800544
vt 0.491075 0.793673
vt 0.016143 0.153411
vt 0.006032 0.078921
vt 0.121777 0.078921
vt 0.131888 0.153411
vt 0.121778 0.069417
vt 0.129146 0.074337
vt 0.006033 0.069417
vt 0.016158 0.000000
vt 0.131903 -0.000000
vt 0.705756 0.677372
vt 0.605773 0.677371
vt 0.630114 0.117166
vt 0.730093 0.117176
vt 0.849886 0.012383
vt 0.849886 0.127548
vt 0.124998 0.437125
vt 0.120479 0.430588
vt 0.129982 0.430582
vt 0.860563 0.453973
vt 0.855642 0.459824
vt 0.851058 0.453975
vt 0.736696 0.006831
vt 0.743297 0.007072
vt 0.743297 0.110508
vt 0.736696 0.110266
vt 0.492652 0.786758
vt 0.492652 0.683262
vt 0.592631 0.683272
vt 0.592631 0.786767
vt 0.743299 0.117098
vt 0.843280 0.110509
vt 0.843283 0.117099
vt 0.377778 0.222828
vt 0.385147 0.227748
vt 0.377777 0.232332
vt 0.272144 0.306822
vt 0.262033 0.232332
vt 0.387889 0.306822
vt 0.743299 0.000000
vt 0.843283 0.000001
vt 0.843280 0.007074
vt 0.271530 0.896601
vt 0.267123 0.903261
vt 0.262033 0.896593
vt 0.267123 0.772847
vt 0.271530 0.779719
vt 0.262033 0.779712
vt 0.929968 0.326427
vt 0.929968 0.441592
vt 0.860563 0.338808
vt 0.120479 0.430582
vt 0.110975 0.430588
vt 0.110975 0.313807
vt 0.120479 0.313800
vt 0.115495 0.437125
vt 0.492587 0.676497
vt 0.592566 0.676507
vt 0.115495 0.306822
vt 0.348606 0.778237
vt 0.348606 0.895118
vt 0.262033 0.222828
vt 0.272159 0.153411
vt 0.387904 0.153411
vt -0.000000 0.772177
vt 0.005090 0.765313
vt 0.009498 0.772185
vt 0.086573 0.770703
vt 0.086573 0.887584
vt 0.009498 0.889066
vt 0.718963 0.794469
vt 0.718961 0.787878
vt 0.818944 0.787879
vt 0.818947 0.794470
vt 0.263791 0.153411
vt 0.148046 0.153411
vt 0.818944 0.684444
vt 0.718961 0.684443
vt 0.680129 0.922017
vt 0.684713 0.927867
vt 0.238550 0.753163
vt 0.238485 0.760068
vt 0.138506 0.760059
vt 0.138571 0.753154
vt 0.680129 0.806852
vt 0.684713 0.799367
vt 0.712360 0.684202
vt 0.712360 0.787637
vt 0.238550 0.649668
vt 0.138571 0.649658
vt 0.131903 0.753223
vt 0.131903 0.649727
vt 0.261049 0.074337
vt 0.263806 -0.000000
vt 0.148061 0.000000
vt 0.825550 0.787639
vt 0.825550 0.684203
vt 0.129146 0.227748
vt -0.000000 0.227748
vt 0.101472 0.313807
vt 0.110975 0.313800
vt 0.138550 0.760068
vt 0.238444 0.760068
vt 0.113185 0.654983
vt 0.113185 0.758478
vt 0.106647 0.758408
vt 0.262033 0.217013
vt 0.105991 0.306822
vt 0.120479 0.313807
vt 0.129982 0.313801
vt 0.736696 0.110341
vt 0.736696 0.006846
vt 0.630114 -0.000000
vt 0.730093 0.000010
vt 0.623511 0.006835
vt 0.623510 0.110330
vt 0.572557 0.915944
vt 0.572557 0.799062
vt 0.124998 0.306822
vt -0.000000 0.074337
vt 0.854470 0.133397
vt 0.705756 0.794470
vt 0.605773 0.794469
vt 0.485984 0.683331
vt 0.485984 0.786827
vt 0.599169 0.683343
vt 0.599169 0.786838
vt 0.851058 0.338810
vt 0.849886 0.006833
vt 0.849886 0.110268
vt 0.718963 0.677371
vt 0.818947 0.677372
vt 0.238485 0.642903
vt 0.138506 0.642893
vt 0.005090 0.895727
vt -0.000000 0.889058
vt 0.129982 0.560885
vt 0.120479 0.560891
vt 0.120479 0.444110
vt 0.129982 0.444103
vt 0.245088 0.753234
vt 0.245088 0.649739
vt 0.387904 0.610391
vt 0.387906 0.603319
vt 0.460756 0.603320
vt 0.460753 0.610392
vt 0.397723 0.281542
vt 0.398184 0.272049
vt 0.472020 0.275631
vt 0.471559 0.285124
vt 0.723030 0.155982
vt 0.723030 0.319836
vt 0.716429 0.319595
vt 0.716429 0.155741
vt 0.000000 0.477345
vt 0.006668 0.477276
vt 0.006668 0.641225
vt -0.000000 0.641294
vt 0.900138 0.680757
vt 0.900136 0.683353
vt 0.825580 0.683353
vt 0.825582 0.680757
vt 0.079449 0.470517
vt 0.079514 0.477283
vt 0.006603 0.470510
vt 0.460756 0.780836
vt 0.387906 0.780835
vt 0.387904 0.774245
vt 0.460753 0.774246
vt 0.578537 0.267548
vt 0.578076 0.277041
vt 0.570955 0.271770
vt 0.697213 0.482407
vt 0.706717 0.482401
vt 0.701733 0.488944
vt 0.079514 0.641232
vt 0.485984 0.926448
vt 0.495488 0.926446
vt 0.495488 0.999999
vt 0.485984 1.000000
vt 0.697213 0.407823
vt 0.701733 0.400838
vt 0.706717 0.407816
vt 0.461739 0.335286
vt 0.387904 0.331704
vt 0.795879 0.155983
vt 0.795879 0.319837
vt 0.519785 0.505635
vt 0.519720 0.498870
vt 0.592566 0.498877
vt 0.592631 0.505643
vt 0.592631 0.669592
vt 0.519785 0.669584
vt 0.387904 0.153411
vt 0.461739 0.156993
vt 0.079449 0.648137
vt 0.006603 0.648130
vt 0.877191 0.158407
vt 0.802543 0.158407
vt 0.802550 0.148910
vt 0.877198 0.148910
vt 0.546058 0.917426
vt 0.546058 0.990978
vt 0.879538 0.280505
vt 0.804891 0.280505
vt 0.490568 0.918963
vt 0.652373 0.271130
vt 0.651911 0.280623
vt 0.900198 0.686868
vt 0.825550 0.686868
vt 0.902546 0.808966
vt 0.827898 0.808966
vt 0.825558 0.677371
vt 0.900206 0.677371
vt 0.795882 0.326427
vt 0.723032 0.326426
vt 0.599169 0.505713
vt 0.599169 0.669662
vt 0.513117 0.505704
vt 0.513117 0.669653
vt 0.397408 0.919299
vt 0.447977 0.910278
vt 0.447977 0.983830
vt 0.397408 0.992851
vt 0.387904 0.919301
vt 0.392487 0.911816
vt 0.129982 0.732486
vt 0.120479 0.732492
vt 0.120479 0.657908
vt 0.129982 0.657902
vt 0.568256 0.327202
vt 0.642092 0.330784
vt 0.124998 0.650923
vt 0.390602 0.276271
vt 0.477823 0.280503
vt 0.387904 0.992853
vt 0.392487 0.998702
vt 0.387988 0.772608
vt 0.387981 0.769063
vt 0.795882 0.154000
vt 0.568256 0.148910
vt 0.642092 0.152492
vt 0.652017 0.267117
vt 0.652229 0.269699
vt 0.467359 0.774005
vt 0.467359 0.610151
vt 0.592566 0.676497
vt 0.519720 0.676489
vt 0.688526 0.503673
vt 0.688526 0.663229
vt 0.683564 0.663220
vt 0.683564 0.503753
vt 0.120202 0.732738
vt 0.116525 0.736243
vt 0.113185 0.732743
vt 0.602879 0.913776
vt 0.599169 0.909854
vt 0.603823 0.906822
vt 0.791701 0.326427
vt 0.791878 0.331259
vt 0.716513 0.331260
vt 0.716429 0.326428
vt 0.116525 0.648137
vt 0.120202 0.651957
vt 0.113185 0.651962
vt 0.763926 0.498870
vt 0.763935 0.503665
vt 0.688610 0.498877
vt 0.938369 0.410951
vt 0.939464 0.407860
vt 0.936979 0.330113
vt 0.993042 0.328071
vt 0.994431 0.408908
vt 0.599169 0.794470
vt 0.675472 0.803479
vt 0.680129 0.915895
vt 0.929968 0.330228
vt 0.933657 0.326427
vt 0.716513 0.490824
vt 0.791878 0.490823
vt 0.678850 0.925313
vt 0.557782 0.264812
vt 0.562076 0.268227
vt 0.558140 0.271820
vt 0.791701 0.495653
vt 0.716429 0.495654
vt 0.491254 0.330784
vt 0.488297 0.329670
vt 0.478180 0.275909
vt 0.568256 0.325581
vt 0.477823 0.268900
vt 0.488297 0.157500
vt 0.568256 0.153411
vt 0.763935 0.663221
vt 0.768973 0.503745
vt 0.768973 0.663212
vt 0.796745 0.490777
vt 0.796745 0.331303
vt 0.929968 0.408015
vt 0.688610 0.668095
vt 0.763926 0.668087
vt 0.854470 0.004898
vt 0.006603 0.765303
vt 0.106582 0.765313
vt 0.124998 0.437125
vt 0.855642 0.331325
vt 0.592566 0.793673
vt 0.492587 0.793663
vt 0.795882 0.148911
vt 0.723032 0.148910
vt 0.907070 0.682461
vt 0.884063 0.154000
vt 0.086052 0.641303
vt 0.086052 0.477353
vt 0.269105 0.766247
vt 0.262033 0.766244
vt 0.262033 0.606681
vt 0.269105 0.606683
vt 0.395864 0.893066
vt 0.387904 0.780836
vt 0.461045 0.788597
vt 0.469006 0.900827
vt 0.928795 0.081512
vt 0.928795 0.006864
vt 0.938293 0.006872
vt 0.938293 0.081520
vt 0.994452 0.005792
vt 0.994452 0.080440
vt 0.268864 0.600077
vt 0.344228 0.600076
vt 0.344469 0.606682
vt 0.476862 0.662246
vt 0.467359 0.662252
vt 0.471878 0.655267
vt 0.214147 0.470123
vt 0.214077 0.476661
vt 0.138669 0.476668
vt 0.138738 0.470130
vt 0.474305 0.906337
vt 0.468004 0.910278
vt 0.394863 0.902517
vt 0.220982 0.636281
vt 0.214077 0.636217
vt 0.220982 0.476725
vt 0.387904 0.897169
vt 0.683563 0.498870
vt 0.672998 0.610325
vt 0.599169 0.614044
vt 0.609735 0.502589
vt 0.214147 0.642885
vt 0.138738 0.642893
vt 0.138669 0.636224
vt 0.344469 0.766246
vt 0.673475 0.619817
vt 0.683563 0.673652
vt 0.609735 0.677371
vt 0.599647 0.623536
vt 0.680605 0.614868
vt 0.933886 0.088181
vt 0.933886 -0.000000
vt 0.476862 0.736830
vt 0.467359 0.736836
vt 0.344228 0.772847
vt 0.268864 0.772847
vt 0.131903 0.476734
vt 0.131903 0.636290
vt 0.261943 0.309798
vt 0.259091 0.309435
vt 0.260504 0.306389
vt 0.261943 0.396831
vt 0.259104 0.396468
vt 0.904460 0.897853
vt 0.989914 0.897853
s 1
usemtl DrewnoXDDD
f 1719/1383/402 750/1384/403 763/1385/404 1642/1386/405
f 743/1387/406 756/1388/407 1669/1389/408 1636/1390/409
f 756/1391/407 755/1392/410 1791/1393/411 1669/1394/408
f 1663/1395/412 1666/1396/413 1635/1397/414 1776/1398/415
f 1638/1399/416 734/1400/417 745/1401/418 1762/1402/419
f 1777/1403/420 1659/1404/421 1601/1405/422 1623/1406/423
f 1657/1407/424 1789/1408/425 1632/1409/426 1768/1410/427
f 1672/1411/428 1678/1412/429 1605/1413/430 1603/1414/431
f 1671/1415/432 1639/1416/433 1761/1417/434 1677/1418/435
f 1683/1419/436 1674/1420/437 1604/1421/438 1607/1422/439
f 748/1423/440 749/1424/441 1693/1425/442 1764/1426/443
f 1819/1427/444 1717/1428/445 1653/1429/446 1816/1430/447
f 1708/1431/448 1704/1432/449 1641/1433/450 1722/1434/451
f 1750/1435/452 1692/1436/453 1687/1437/454 1752/1438/455
f 745/1439/418 754/1440/456 1759/1441/457 1762/1442/419
f 1756/1443/458 747/1444/459 744/1445/460 1690/1446/461
f 1750/1447/452 1680/1448/462 1765/1449/463 1692/1450/453
f 1656/1451/464 1767/1452/465 1620/1453/466 1600/1454/467
f 1716/1455/468 751/1456/469 735/1457/470 1654/1458/471
f 1822/1459/472 761/1460/473 750/1461/403 1719/1462/402
f 1702/1463/474 1720/1464/475 1641/1433/450 1704/1432/449
f 1819/1465/444 1710/1466/476 1714/1467/477 1717/1468/445
f 1794/1469/447 1645/1470/446 1734/1471/478 1806/1472/479
f 1735/1473/480 1644/1474/481 737/1475/482 753/1476/483
f 1650/1477/484 739/1478/485 761/1460/473 1822/1459/472
f 1798/1479/486 1810/1480/487 1647/1481/433 1726/1482/432
f 1783/1483/488 1785/1484/489 733/1485/490 742/1486/491
f 1648/1487/492 1809/1488/493 757/1489/494 736/1490/417
f 760/1491/495 759/1492/496 1744/1493/497 1740/1494/498
f 1749/1495/499 1753/1496/500 1619/1497/501 1618/1498/502
f 1804/1499/503 1806/1472/479 1734/1471/478 1737/1500/504
f 1729/1501/505 1731/1502/506 1741/1503/507 1743/1504/508
f 1779/1505/509 1662/1506/510 1602/1507/511 1624/1508/512
f 1678/1509/429 1746/1510/513 1617/1511/514 1605/1512/430
f 1776/1513/415 1635/1514/414 1668/1515/515 1660/1516/516
f 1774/1517/517 1656/1518/464 1600/1519/467 1622/1520/518
f 1818/1521/519 1815/1522/520 1630/1523/521 1631/1524/522
f 1771/1525/437 1779/1505/509 1624/1508/512 1621/1526/438
f 1681/1527/523 1749/1528/499 1618/1529/502 1606/1530/524
f 1753/1496/500 1683/1531/436 1607/1532/439 1619/1497/501
f 1696/1533/465 1699/1534/525 1609/1535/526 1608/1536/466
f 1693/1537/442 749/1538/441 746/1539/527 1686/1540/528
f 1699/1534/525 1701/1541/529 1610/1542/530 1609/1535/526
f 1797/1543/531 1725/1544/428 1614/1545/431 1626/1546/532
f 1642/1386/405 763/1385/404 764/1547/533 1723/1548/534
f 1723/1548/534 764/1547/533 762/1549/535 1713/1550/536
f 1732/1551/537 1728/1552/538 1615/1553/539 1616/1554/540
f 1711/1555/541 1818/1556/519 1631/1557/522 1613/1558/542
f 753/1476/483 758/1559/543 1738/1560/544 1735/1473/480
f 1812/1561/545 1744/1562/497 759/1563/496 752/1564/546
f 1740/1494/498 1738/1565/544 758/1566/543 760/1491/495
f 1801/1567/547 1797/1543/531 1626/1546/532 1627/1568/548
f 1636/1569/409 1665/1570/549 741/1571/550 743/1572/406
f 1651/1573/426 1821/1574/551 1698/1575/552 1695/1576/427
f 1795/1577/520 1807/1578/553 1629/1579/554 1625/1580/521
f 807/1581/555 809/1582/556 811/1583/557 812/1584/558
f 765/1585/559 766/1586/560 780/1587/561 776/1588/562
f 827/1589/563 767/1590/564 769/1591/565 768/1592/565
f 829/1593/566 828/1594/567 774/1595/568 775/1596/569
f 773/1597/570 775/1598/569 774/1599/568
f 830/1600/571 779/1601/572 782/1602/573 781/1603/574
f 780/1587/561 766/1586/560 767/1604/564 781/1605/574
f 780/1606/561 781/1607/574 782/1608/573
f 827/1589/563 830/1600/571 781/1603/574 767/1590/564
f 778/1609/575 776/1610/562 780/1606/561 782/1608/573
f 779/1611/572 777/1612/576 778/1609/575 782/1608/573
f 771/1613/577 772/1614/578 775/1598/569 773/1597/570
f 775/1598/569 772/1614/578 770/1615/579 829/1616/566
f 786/1617/580 787/1618/581 785/1619/582
f 787/1620/581 786/1621/580 834/1622/583 835/1623/584
f 794/1624/585 795/1625/586 792/1626/587 791/1627/588
f 793/1628/589 795/1629/586 794/1630/585
f 795/1629/586 793/1628/589 788/1631/590 790/1632/591
f 792/1633/587 795/1629/586 790/1632/591 789/1634/592
f 785/1619/582 787/1618/581 784/1635/593 783/1636/594
f 787/1618/581 835/1637/584 833/1638/595 784/1635/593
f 797/1639/596 847/1640/597 798/1641/598 799/1642/599
f 796/1643/600 799/1644/599 798/1645/598
f 802/1646/601 803/1647/602 806/1648/603 805/1649/604
f 801/1650/605 800/1651/606 804/1652/607 806/1653/603
f 804/1652/607 805/1654/604 806/1653/603
f 803/1655/602 848/1656/608 801/1650/605 806/1653/603
f 850/1657/609 810/1658/610 811/1659/557 809/1660/556
f 811/1583/557 813/1661/611 812/1584/558
f 813/1661/611 811/1583/557 810/1662/610 808/1663/612
f 819/1664/613 820/1665/614 818/1666/615
f 820/1667/614 819/1668/613 817/1669/616 851/1670/617
f 824/1671/618 825/1672/619 822/1673/620 821/1674/621
f 823/1675/622 825/1676/619 824/1677/618
f 809/1582/556 807/1581/555 823/1678/622 824/1679/618
f 850/1657/609 809/1660/556 824/1671/618 821/1674/621
f 818/1666/615 820/1665/614 816/1680/623 815/1681/624
f 820/1665/614 851/1682/617 814/1683/625 816/1680/623
f 839/1684/626 842/1685/627 829/1616/566 770/1615/579
f 841/1686/628 836/1687/629 826/1688/629 828/1594/567
f 828/1594/567 829/1593/566 842/1689/627 841/1686/628
f 789/1690/592 833/1638/595 835/1637/584 792/1691/587
f 791/1627/588 834/1622/583 831/1692/629 832/1693/629
f 791/1627/588 792/1626/587 835/1623/584 834/1622/583
f 843/1694/630 779/1601/572 830/1600/571 840/1695/631
f 830/1600/571 827/1589/563 837/1696/629 840/1695/631
f 777/1697/576 779/1698/572 843/1699/630 838/1700/626
f 848/1656/608 803/1655/602 797/1701/596 846/1702/632
f 802/1646/601 845/1703/629 844/1704/629 847/1640/597
f 847/1640/597 797/1639/596 803/1647/602 802/1646/601
f 852/1705/559 814/1683/625 851/1682/617 822/1706/620
f 821/1674/621 817/1669/616 849/1707/629 850/1657/609
f 821/1674/621 822/1673/620 851/1670/617 817/1669/616
f 1791/1393/411 755/1392/410 740/3077/1451 1788/3078/1452
f 1701/3079/529 1705/3080/1453 1611/3081/1454 1610/3082/530
f 1804/3083/503 1737/3084/504 1741/1503/507 1731/1502/506
f 1684/3085/1455 1755/3086/1456 1689/3087/1457 1675/3088/1458
f 1803/3089/1459 1732/1551/537 1616/1554/540 1628/3090/1460
f 1657/3091/424 1773/3092/1461 1792/3093/1462 1789/3094/425
f 1729/3095/505 1743/3096/508 1813/3097/1463 1800/3098/1464
f 1663/1395/412 1780/3099/1465 1782/3100/1466 1666/1396/413
f 746/1539/527 747/3101/459 1756/3102/458 1686/1540/528
f 1759/3103/457 754/3104/456 748/1423/440 1764/1426/443
f 1660/3105/516 1668/3106/515 1792/3093/1462 1773/3092/1461
f 1747/3107/1467 1758/3108/1468 1765/1449/463 1680/1448/462
f 1684/3109/1455 1752/1438/455 1687/1437/454 1755/3110/1456
f 1807/1578/553 1803/3111/1459 1628/3112/1460 1629/1579/554
f 1786/3113/1457 1782/3100/1466 1780/3099/1465 1770/3114/1458
f 1662/1506/510 1777/3115/420 1623/3116/423 1602/1507/511
f 742/1486/491 741/1571/550 1665/1570/549 1783/1483/488
f 1702/3117/474 1698/1575/552 1821/1574/551 1720/3118/475
f 1800/3098/1464 1813/3097/1463 1810/1480/487 1798/1479/486
f 762/3119/535 751/3120/469 1716/3121/468 1713/3122/536
f 1728/3123/538 1801/1567/547 1627/1568/548 1615/3124/539
f 1746/3125/513 1681/1527/523 1606/1530/524 1617/3126/514
f 1708/1431/448 1722/1434/451 1714/3127/477 1710/3128/476
f 1707/3129/1469 1711/3130/541 1613/3131/542 1612/3132/1470
f 1705/3080/1453 1707/3129/1469 1612/3132/1470 1611/3081/1454
f 1659/3133/421 1774/1517/517 1622/1520/518 1601/3134/422
f 1747/3135/1467 1677/3136/435 1761/3137/434 1758/3138/1468
f 1809/1488/493 1812/1561/545 752/1564/546 757/1489/494
f 1767/1452/465 1656/1451/464 1658/3139/1471 1769/3140/1472
f 1769/3140/1472 1658/3139/1471 1657/1407/424 1768/1410/427
f 1777/3115/420 1662/1506/510 1664/3141/1473 1778/3142/1474
f 1778/3142/1474 1664/3141/1473 1663/1395/412 1776/1398/415
f 1774/1517/517 1659/3133/421 1661/3143/1475 1775/3144/1476
f 1775/3144/1476 1661/3143/1475 1660/3105/516 1773/3092/1461
f 1669/1394/408 1791/1393/411 1793/3145/1477 1670/3146/1478
f 1670/3146/1478 1793/3145/1477 1792/3093/1462 1668/3106/515
f 1674/1420/437 1683/1419/436 1685/3147/1479 1676/3148/1480
f 1676/3148/1480 1685/3147/1479 1684/3085/1455 1675/3088/1458
f 1678/1412/429 1672/1411/428 1673/3149/1481 1679/3150/1482
f 1679/3150/1482 1673/3149/1481 1671/1415/432 1677/1418/435
f 1753/1496/500 1749/1495/499 1751/3151/1483 1754/3152/1484
f 1754/3152/1484 1751/3151/1483 1750/1435/452 1752/1438/455
f 1681/1527/523 1746/3125/513 1748/3153/1485 1682/3154/1486
f 1682/3154/1486 1748/3153/1485 1747/3107/1467 1680/1448/462
f 1759/3103/457 1764/1426/443 1766/3155/1487 1760/3156/1488
f 1760/3156/1488 1766/3155/1487 1765/1449/463 1758/3108/1468
f 1756/1443/458 1690/1446/461 1691/3157/1489 1757/3158/1490
f 1757/3158/1490 1691/3157/1489 1689/3087/1457 1755/3086/1456
f 1687/1437/454 1692/1436/453 1694/3159/1491 1688/3160/1492
f 1688/3160/1492 1694/3159/1491 1693/1537/442 1686/1540/528
f 1815/1522/520 1818/1521/519 1820/3161/1493 1817/3162/1494
f 1817/3162/1494 1820/3161/1493 1819/1427/444 1816/1430/447
f 1699/1534/525 1696/1533/465 1697/3163/1472 1700/3164/1495
f 1700/3164/1495 1697/3163/1472 1695/1576/427 1698/1575/552
f 1711/3130/541 1707/3129/1469 1709/3165/1496 1712/3166/1497
f 1712/3166/1497 1709/3165/1496 1708/1431/448 1710/3128/476
f 1705/3080/1453 1701/3079/529 1703/3167/1498 1706/3168/1499
f 1706/3168/1499 1703/3167/1498 1702/1463/474 1704/1432/449
f 1714/3127/477 1722/1434/451 1724/3169/1500 1715/3170/1501
f 1715/3170/1501 1724/3169/1500 1723/1548/534 1713/1550/536
f 1807/1578/553 1795/1577/520 1796/3171/1494 1808/3172/1502
f 1808/3172/1502 1796/3171/1494 1794/1469/447 1806/1472/479
f 1725/1544/428 1797/1543/531 1799/3173/1503 1727/3174/1481
f 1727/3174/1481 1799/3173/1503 1798/1479/486 1726/1482/432
f 1732/1551/537 1803/3089/1459 1805/3175/1504 1733/3176/1505
f 1733/3176/1505 1805/3175/1504 1804/3083/503 1731/1502/506
f 1801/1567/547 1728/3123/538 1730/3177/1506 1802/3178/1507
f 1802/3178/1507 1730/3177/1506 1729/3095/505 1800/3098/1464
f 1744/1562/497 1812/1561/545 1814/3179/1508 1745/3180/1509
f 1745/3180/1509 1814/3179/1508 1813/3097/1463 1743/3096/508
f 1742/3181/1510 1739/3182/1511 1738/1565/544 1740/1494/498
f 1789/3094/425 1792/3093/1462 1793/3145/1477 1790/3183/1512
f 1790/3183/1512 1793/3145/1477 1791/1393/411 1788/3078/1452
f 1783/1483/488 1665/1570/549 1667/3184/1513 1784/3185/1514
f 1784/3185/1514 1667/3184/1513 1666/1396/413 1782/3100/1466
f 1662/1506/510 1779/1505/509 1781/3186/1515 1664/3141/1473
f 1664/3141/1473 1781/3186/1515 1780/3099/1465 1663/1395/412
f 1656/1518/464 1774/1517/517 1775/3144/1476 1658/3187/1471
f 1658/3187/1471 1775/3144/1476 1773/3092/1461 1657/3091/424
f 1762/1442/419 1759/1441/457 1760/3188/1488 1763/3189/1516
f 1763/3189/1516 1760/3188/1488 1758/3138/1468 1761/3137/434
f 1764/1426/443 1693/1425/442 1694/3190/1491 1766/3155/1487
f 1766/3155/1487 1694/3190/1491 1692/1450/453 1765/1449/463
f 1686/1540/528 1756/3102/458 1757/3191/1490 1688/3160/1492
f 1688/3160/1492 1757/3191/1490 1755/3110/1456 1687/1437/454
f 1683/1531/436 1753/1496/500 1754/3152/1484 1685/3192/1479
f 1685/3192/1479 1754/3152/1484 1752/1438/455 1684/3109/1455
f 1749/1528/499 1681/1527/523 1682/3154/1486 1751/3193/1483
f 1751/3193/1483 1682/3154/1486 1680/1448/462 1750/1447/452
f 1822/1459/472 1719/1462/402 1721/3194/1517 1823/3195/1518
f 1823/3195/1518 1721/3194/1517 1720/3118/475 1821/1574/551
f 1717/1468/445 1714/1467/477 1715/3196/1501 1718/3197/1519
f 1718/3197/1519 1715/3196/1501 1713/3122/536 1716/3121/468
f 1818/1556/519 1711/1555/541 1712/3198/1497 1820/3199/1493
f 1820/3199/1493 1712/3198/1497 1710/1466/476 1819/1465/444
f 1707/3129/1469 1705/3080/1453 1706/3168/1499 1709/3165/1496
f 1709/3165/1496 1706/3168/1499 1704/1432/449 1708/1431/448
f 1701/1541/529 1699/1534/525 1700/3164/1495 1703/3200/1498
f 1703/3200/1498 1700/3164/1495 1698/1575/552 1702/3117/474
f 1740/1494/498 1744/1493/497 1745/3201/1509 1742/3181/1510
f 1742/3181/1510 1745/3201/1509 1743/1504/508 1741/1503/507
f 1735/1473/480 1738/1560/544 1739/3202/1511 1736/3203/1520
f 1736/3203/1520 1739/3202/1511 1737/1500/504 1734/1471/478
f 1797/1543/531 1801/1567/547 1802/3178/1507 1799/3173/1503
f 1799/3173/1503 1802/3178/1507 1800/3098/1464 1798/1479/486
f 1779/1505/509 1771/1525/437 1772/3204/1480 1781/3186/1515
f 1781/3186/1515 1772/3204/1480 1770/3114/1458 1780/3099/1465
f 1785/1484/489 1783/1483/488 1784/3185/1514 1787/3205/1489
f 1787/3205/1489 1784/3185/1514 1782/3100/1466 1786/3113/1457
f 1746/1510/513 1678/1509/429 1679/3206/1482 1748/3207/1485
f 1748/3207/1485 1679/3206/1482 1677/3136/435 1747/3135/1467
f 1812/1561/545 1809/1488/493 1811/3208/1521 1814/3179/1508
f 1814/3179/1508 1811/3208/1521 1810/1480/487 1813/3097/1463
f 1803/3111/1459 1807/1578/553 1808/3172/1502 1805/3209/1504
f 1805/3209/1504 1808/3172/1502 1806/1472/479 1804/1499/503
f 1728/1552/538 1732/1551/537 1733/3176/1505 1730/3210/1506
f 1730/3210/1506 1733/3176/1505 1731/1502/506 1729/1501/505
f 1636/1390/409 1669/1389/408 1670/3211/1478 1637/3212/1522
f 1637/3212/1522 1670/3211/1478 1668/1515/515 1635/1514/414
f 1642/1386/405 1723/1548/534 1724/3169/1500 1643/3213/1523
f 1643/3213/1523 1724/3169/1500 1722/1434/451 1641/1433/450
f 1788/3214/1452 1633/3215/1524 1634/3216/1525 1790/3217/1512
f 1790/3217/1512 1634/3216/1525 1632/1409/426 1789/1408/425
f 1635/1397/414 1666/1396/413 1667/3184/1513 1637/3218/1522
f 1637/3218/1522 1667/3184/1513 1665/1570/549 1636/1569/409
f 1638/1399/416 1762/1402/419 1763/3219/1516 1640/3220/1526
f 1640/3220/1526 1763/3219/1516 1761/1417/434 1639/1416/433
f 1719/1383/402 1642/1386/405 1643/3213/1523 1721/3221/1517
f 1721/3221/1517 1643/3213/1523 1641/1433/450 1720/1464/475
f 1650/1477/484 1822/1459/472 1823/3195/1518 1652/3222/1525
f 1652/3222/1525 1823/3195/1518 1821/1574/551 1651/1573/426
f 1716/1455/468 1654/1458/471 1655/3223/1527 1718/3224/1519
f 1718/3224/1519 1655/3223/1527 1653/1429/446 1717/1428/445
f 1809/1488/493 1648/1487/492 1649/3225/1526 1811/3208/1521
f 1811/3208/1521 1649/3225/1526 1647/1481/433 1810/1480/487
f 1644/1474/481 1735/1473/480 1736/3203/1520 1646/3226/1527
f 1646/3226/1527 1736/3203/1520 1734/1471/478 1645/1470/446
f 1659/1404/421 1777/1403/420 1778/3227/1474 1661/3228/1475
f 1661/3228/1475 1778/3227/1474 1776/1513/415 1660/1516/516
f 740/3229/1451 738/3230/485 1633/3215/1524 1788/3214/1452
f 1981/3563/1608 1983/3564/1609 1971/3565/1610 1969/3566/1611
f 1986/3567/1612 1990/3568/1613 1985/3569/1614 1977/3570/1615
f 1988/3571/1616 1975/3572/1617 1972/3573/1618 1984/3574/1619
f 1970/3575/1620 1993/3576/1621 1976/3577/1622 1973/3578/1623
f 1994/3579/1624 1996/3580/1625 1989/3581/1626 1979/3582/1627
f 1969/3583/1611 1970/3575/1620 1991/3584/1628 1992/3585/1629
f 1971/3586/1610 1972/3587/1618 1993/3576/1621
f 1973/3588/1623 1994/3579/1624 1974/3589/1630 1995/3590/1631
f 1975/3591/1617 1996/3580/1625 1976/3592/1622
f 1977/3570/1615 1981/3563/1608 1978/3593/1632 1982/3594/1633
f 1979/3595/1627 1986/3596/1612 1987/3597/1634 1980/3598/1635
f 1988/3599/1616 1990/3600/1613 1989/3601/1626
f 1970/3575/1620 1973/3578/1623 1995/3602/1631 1991/3584/1628
f 1971/3586/1610 1993/3576/1621 1970/3575/1620 1969/3583/1611
f 1975/3572/1617 1976/3603/1622 1993/3604/1621 1972/3573/1618
f 1973/3588/1623 1976/3592/1622 1996/3580/1625 1994/3579/1624
f 1994/3579/1624 1979/3582/1627 1980/3605/1635 1974/3589/1630
f 1988/3571/1616 1989/3606/1626 1996/3607/1625 1975/3572/1617
f 1979/3595/1627 1989/3601/1626 1990/3600/1613 1986/3596/1612
f 1986/3596/1612 1977/3608/1615 1982/3609/1633 1987/3597/1634
f 1977/3570/1615 1985/3569/1614 1983/3564/1609 1981/3563/1608
f 1981/3563/1608 1969/3566/1611 1992/3610/1629 1978/3593/1632
f 1971/3611/1610 1983/3612/1609 1984/3574/1619 1972/3573/1618
f 1983/3564/1609 1985/3569/1614 1984/3613/1619
f 1984/3574/1619 1985/3614/1614 1990/3615/1613 1988/3571/1616
f 1995/3616/1631 1974/3617/1630 1980/3618/1635 1987/3619/1634 1982/3620/1633 1978/3621/1632 1992/3622/1629 1991/3623/1628
f 1741/1503/507 1737/3084/504 1739/3182/1511 1742/3181/1510
usemtl Sciany
f 1360/2534/1286 1358/2535/1287 1367/2536/1287 1354/2537/1286
f 1358/2535/1287 1369/2538/1288 1366/2539/1288 1367/2536/1287
f 1356/2540/1289 1365/2541/1290 1352/2542/1290 1353/2543/1289
f 1353/2543/1289 1351/2544/1291 1355/2545/1291 1356/2540/1289
f 1351/2544/1291 738/2546/1292 734/2547/1292 1355/2545/1291
f 744/2548/1293 737/2549/1293 1360/2534/1286 1354/2537/1286
f 739/2550/1294 1373/2551/1295 1368/2552/1295 736/2553/1294
f 1373/2551/1295 1363/2554/1296 1361/2555/1296 1368/2552/1295
f 1370/2556/1297 1371/2557/1298 1364/2558/1298 1357/2559/1297
f 733/2560/1299 1370/2556/1297 1357/2559/1297 735/2561/1299
f 1364/2558/1298 1371/2557/1298 1359/2562/1300 1374/2563/1300
f 1361/2555/1296 1363/2554/1296 1362/2564/1301 1372/2565/1302
f 1839/3037/1447 1840/3038/1447 1595/3039/1447 1366/2539/1288 1369/2538/1288 1594/3040/1447 1837/3041/1447 1835/3042/1447 1834/3043/1447 1833/3044/1447 1836/3045/1447 1838/3046/1447
f 1594/3040/1447 1595/3039/1447 1840/3038/1447 1837/3041/1447
f 1838/3046/1447 1834/3043/1447 1835/3042/1447 1839/3037/1447
f 1846/3047/1448 1845/3048/1448 1842/3049/1448 1843/3050/1448 1362/2564/1301 1597/3051/1448 1848/3052/1448 1844/3053/1448
f 1848/3052/1448 1597/3051/1448 1593/3054/1448 1372/2565/1302 1362/2564/1301 1843/3050/1448 1841/3055/1448 1845/3048/1448 1846/3047/1448 1847/3056/1448
f 1352/2542/1290 1365/2541/1290 1596/3057/1449 1599/3058/1449 1854/3059/1449 1853/3060/1449 1851/3061/1449 1850/3062/1449 1849/3063/1449 1852/3064/1449
f 1854/3059/1449 1599/3058/1449 1352/2542/1290 1852/3064/1449 1855/3065/1449 1850/3062/1449 1851/3061/1449 1856/3066/1449
f 1832/3067/1450 1598/3068/1450 1592/3069/1450 1831/3070/1450
f 1830/3071/1450 1831/3070/1450 1592/3069/1450 1374/2563/1300 1359/2562/1300 1598/3068/1450 1832/3067/1450 1828/3072/1450 1827/3073/1450 1826/3074/1450 1825/3075/1450 1829/3076/1450
f 1830/3071/1450 1829/3076/1450 1827/3073/1450 1828/3072/1450
f 1861/3231/1528 1857/3232/1529 1825/3233/1530 1826/3234/1531
f 1843/3235/1532 1863/3236/1533 1872/3237/1534 1841/3238/1535
f 1858/3239/1536 1862/3240/1537 1879/3241/1538 1859/3242/1539
f 1860/3243/1540 1880/3244/1541 1824/3245/1542
f 1827/3246/1543 1829/3247/1544 1860/3248/1540 1824/3249/1542 1880/3250/1541
f 1827/3251/1543 1880/3252/1541 1861/3253/1528 1826/3254/1531
f 1903/3255/1545 1897/3256/1546 1891/3257/1547 1901/3258/1548
f 1892/3259/1549 1898/3260/1550 1828/3261/1551 1832/3262/1552
f 1856/3263/1532 1905/3264/1553 1908/3265/1554 1854/3266/1555
f 1902/3267/1556 1831/3268/1557 1830/3269/1558 1904/3270/1559
f 1894/3271/1554 1900/3272/1560 1850/3273/1561 1855/3274/1555
f 1844/3275/1532 1881/3276/1533 1886/3277/1534 1846/3278/1535
f 1870/3279/1562 1865/3280/1563 1833/3281/1530 1834/3282/1544
f 1874/3283/1564 1867/3284/1565 1842/3274/1555 1845/3273/1561
f 1875/3285/1566 1866/3286/1567 1869/3287/1568 1878/3288/1569
f 1872/3289/1534 1874/3290/1564 1845/3291/1561 1841/3292/1535
f 1876/3293/1570 1877/3294/1571 1838/3295/1543 1836/3296/1531
f 1867/3297/1565 1863/3298/1533 1843/3299/1532 1842/3300/1555
f 1833/3301/1530 1865/3302/1563 1876/3303/1570 1836/3304/1531
f 1871/3305/1572 1864/3306/1573 1868/3307/1574 1873/3308/1575
f 1838/3274/1543 1877/3309/1571 1870/3310/1562 1834/3311/1544
f 1852/3312/1532 1889/3313/1553 1894/3314/1554 1855/3315/1555
f 1883/3316/1565 1881/3317/1533 1844/3318/1532 1848/3319/1555
f 1847/3320/1561 1887/3321/1564 1883/3322/1565 1848/3323/1555
f 1885/3324/1572 1882/3325/1573 1884/3326/1574 1888/3327/1575
f 1886/3328/1534 1887/3329/1564 1847/3330/1561 1846/3331/1535
f 1849/3332/1535 1895/3333/1576 1889/3236/1553 1852/3334/1532
f 1904/3335/1559 1830/3336/1558 1828/3337/1551 1898/3338/1550
f 1890/3339/1577 1896/3340/1578 1899/3341/1579 1893/3342/1580
f 1892/3343/1549 1832/3344/1552 1831/3345/1557 1902/3346/1556
f 1850/3347/1561 1900/3348/1560 1895/3349/1576 1849/3350/1535
f 1851/3351/1535 1910/3352/1576 1905/3353/1553 1856/3354/1532
f 1840/3355/1581 1839/3356/1582 1916/3357/1583 1914/3358/1584
f 1906/3359/1577 1909/3360/1578 1911/3361/1579 1907/3362/1580
f 1908/3363/1554 1912/3364/1560 1853/3274/1561 1854/3365/1555
f 1853/3366/1561 1912/3367/1560 1910/3368/1576 1851/3369/1535
f 1839/3370/1582 1835/3371/1585 1920/3372/1586 1916/3373/1583
f 1915/3374/1587 1919/3375/1588 1917/3376/1589 1913/3377/1590
f 1837/3378/1591 1918/3379/1592 1920/3380/1586 1835/3381/1585
f 1840/3382/1581 1914/3383/1584 1918/3384/1592 1837/3385/1591
f 1858/3386/1536 1859/3387/1539 1860/3388/1540 1857/3389/1529
f 1857/3390/1529 1861/3391/1528 1862/3240/1537 1858/3239/1536
f 1870/3310/1562 1877/3309/1571 1878/3392/1569 1869/3393/1568
f 1890/3339/1577 1893/3342/1580 1894/3394/1554 1889/3395/1553
f 1889/3395/1553 1895/3344/1576 1896/3340/1578 1890/3339/1577
f 1910/3396/1576 1912/3397/1560 1911/3361/1579 1909/3360/1578
f 1898/3398/1550 1892/3399/1549 1891/3257/1547 1897/3256/1546
f 1871/3305/1572 1873/3308/1575 1874/3400/1564 1872/3401/1534
f 1882/3325/1573 1885/3324/1572 1886/3402/1534 1881/3403/1533
f 1881/3403/1533 1883/3404/1565 1884/3326/1574 1882/3325/1573
f 1901/3405/1548 1891/3406/1547 1892/3343/1549 1902/3346/1556
f 1883/3322/1565 1887/3321/1564 1888/3407/1575 1884/3408/1574
f 1893/3409/1580 1899/3410/1579 1900/3272/1560 1894/3271/1554
f 1859/3411/1539 1879/3412/1538 1880/3413/1541 1860/3414/1540
f 1861/3253/1528 1880/3252/1541 1879/3415/1538 1862/3416/1537
f 1885/3324/1572 1888/3327/1575 1887/3417/1564 1886/3402/1534
f 1895/3344/1576 1900/3403/1560 1899/3341/1579 1896/3340/1578
f 1904/3418/1559 1898/3398/1550 1897/3256/1546 1903/3255/1545
f 1903/3255/1545 1901/3258/1548 1902/3419/1556 1904/3418/1559
f 1875/3420/1566 1878/3421/1569 1877/3294/1571 1876/3293/1570
f 1864/3306/1573 1871/3305/1572 1872/3401/1534 1863/3422/1533
f 1863/3422/1533 1867/3423/1565 1868/3307/1574 1864/3306/1573
f 1906/3359/1577 1907/3362/1580 1908/3424/1554 1905/3417/1553
f 1905/3417/1553 1910/3396/1576 1909/3360/1578 1906/3359/1577
f 1866/3286/1567 1875/3285/1566 1876/3425/1570 1865/3426/1563
f 1865/3280/1563 1870/3279/1562 1869/3427/1568 1866/3428/1567
f 1907/3429/1580 1911/3430/1579 1912/3364/1560 1908/3363/1554
f 1867/3284/1565 1874/3283/1564 1873/3431/1575 1868/3432/1574
f 1920/3380/1586 1918/3379/1592 1917/3433/1589 1919/3434/1588
f 1919/3375/1588 1915/3374/1587 1916/3435/1583 1920/3436/1586
f 1915/3437/1587 1913/3438/1590 1914/3358/1584 1916/3357/1583
f 1918/3384/1592 1914/3383/1584 1913/3439/1590 1917/3440/1589
f 1825/3441/1530 1857/3389/1529 1860/3388/1540 1829/3442/1544
usemtl Kamien
f 2105/3624/1636 2110/3625/1637 2103/3626/1638 2107/3627/1639
f 2032/3628/1640 2033/3629/1641 2028/3630/1642 2022/3631/1643 2040/3632/1644
f 2013/3633/1645 2004/3634/1646 2002/3635/1647 2010/3636/1648
f 1998/3637/1649 2008/3638/1650 2006/3639/1651 1999/3640/1652
f 2003/3641/1653 2007/3642/1654 2015/3643/1655 2014/3644/1656
f 2009/3645/1657 1997/3646/1658 2001/3647/1659 2011/3648/1660
f 2002/3635/1647 2011/3648/1660 2001/3647/1659 2010/3636/1648
f 2009/3649/1657 2011/3650/1660 2012/3651/1661 2000/3652/1662
f 2014/3644/1656 2004/3653/1646 2013/3654/1645 2003/3641/1653
f 2012/3651/1661 2011/3650/1660 2002/3655/1647
f 2005/3656/1663 2004/3657/1646 2014/3658/1656
f 2016/3659/1664 2005/3656/1663 2014/3658/1656 2015/3660/1655
f 2008/3661/1650 2000/3652/1662 2016/3659/1664 2006/3662/1651
f 2004/3657/1646 2005/3656/1663 2012/3651/1661 2002/3655/1647
f 2000/3652/1662 2008/3661/1650 2009/3649/1657
f 2009/3663/1657 2008/3638/1650 1998/3637/1649 1997/3664/1658
f 2000/3652/1662 2012/3651/1661 2005/3656/1663 2016/3659/1664
f 2023/3665/1665 2026/3666/1666 2025/3667/1667 2024/3668/1668
f 2019/3669/1669 2023/3670/1665 2024/3671/1668 2020/3672/1670
f 2017/3673/1671 2024/3674/1668 2025/3675/1667
f 2020/3676/1670 2031/3677/1672 2030/3678/1673
f 2019/3669/1669 2020/3672/1670 2030/3679/1673 2029/3680/1674
f 2022/3681/1643 2028/3682/1642 2027/3683/1675 2038/3684/1676
f 2018/3685/1677 2034/3686/1678 2031/3677/1672 2017/3673/1671
f 2035/3687/1679 2030/3678/1673 2031/3677/1672 2034/3686/1678
f 2024/3674/1668 2017/3673/1671 2031/3677/1672 2020/3676/1670
f 2032/3628/1640 2036/3688/1680 2035/3689/1679 2033/3629/1641
f 2034/3686/1678 2033/3690/1641 2035/3687/1679
f 2028/3691/1642 2033/3690/1641 2034/3686/1678 2018/3685/1677
f 2029/3692/1674 2036/3688/1680 2039/3693/1681 2042/3694/1682
f 2041/3695/1683 2019/3669/1669 2029/3680/1674 2042/3696/1682
f 2032/3628/1640 2040/3632/1644 2039/3693/1681 2036/3688/1680
f 2025/3675/1667 2027/3697/1675 2018/3685/1677 2017/3673/1671
f 2028/3691/1642 2018/3685/1677 2027/3697/1675
f 2036/3688/1680 2029/3692/1674 2030/3698/1673 2035/3689/1679
f 2041/3695/1683 2037/3699/1684 2023/3670/1665 2019/3669/1669
f 2048/3700/1685 2050/3701/1686 2059/3702/1687 2056/3703/1688
f 2045/3704/1689 2052/3705/1690 2054/3706/1691 2044/3707/1692
f 2049/3708/1693 2060/3709/1694 2061/3710/1695 2053/3711/1696
f 2055/3712/1697 2057/3713/1698 2047/3714/1699 2043/3715/1700
f 2057/3716/1698 2048/3700/1685 2056/3703/1688 2047/3717/1699
f 2055/3712/1697 2054/3718/1691 2046/3719/1701
f 2050/3720/1686 2060/3721/1694 2049/3722/1693 2059/3723/1687
f 2055/3724/1697 2046/3725/1701 2058/3726/1702 2057/3727/1698
f 2048/3728/1685 2057/3727/1698 2058/3726/1702
f 2061/3710/1695 2052/3705/1690 2045/3704/1689 2053/3711/1696
f 2054/3718/1691 2055/3712/1697 2043/3715/1700 2044/3729/1692
f 2062/3730/1703 2061/3731/1695 2060/3732/1694 2051/3733/1704
f 2052/3734/1690 2062/3730/1703 2046/3725/1701 2054/3735/1691
f 2048/3728/1685 2058/3726/1702 2051/3733/1704 2050/3736/1686
f 2050/3736/1686 2051/3733/1704 2060/3732/1694
f 2062/3737/1703 2052/3705/1690 2061/3710/1695
f 2063/3738/1705 2071/3739/1706 2070/3740/1707
f 2046/3725/1701 2062/3730/1703 2051/3733/1704 2058/3726/1702
f 2067/3741/1708 2073/3742/1709 2063/3738/1705 2070/3740/1707
f 2067/3743/1708 2072/3744/1710 2073/3745/1709
f 2071/3746/1706 2063/3747/1705 2066/3748/1711 2064/3749/1712
f 2064/3749/1712 2066/3748/1711 2065/3750/1713
f 2076/3751/1714 2075/3752/1715 2073/3745/1709 2072/3744/1710
f 2066/3753/1711 2063/3754/1705 2073/3755/1709 2075/3756/1715
f 2075/3757/1715 2076/3758/1714 2074/3759/1716
f 2074/3760/1716 2080/3761/1717 2069/3762/1718 2065/3750/1713
f 2074/3760/1716 2065/3750/1713 2066/3748/1711 2075/3763/1715
f 2139/3764/1719 2146/3765/1720 2147/3766/1721
f 2070/3740/1707 2071/3739/1706 2068/3767/1722 2077/3768/1723
f 2072/3769/1710 2082/3770/1724 2079/3771/1725 2076/3758/1714
f 2081/3772/1726 2082/3773/1724 2072/3744/1710 2067/3743/1708
f 2074/3759/1716 2076/3758/1714 2079/3771/1725 2080/3774/1717
f 2068/3767/1722 2071/3739/1706 2064/3775/1712 2078/3776/1727
f 2069/3762/1718 2078/3777/1727 2064/3749/1712 2065/3750/1713
f 2081/3778/1726 2067/3741/1708 2070/3740/1707 2077/3768/1723
f 2088/3779/1728 2090/3780/1729 2099/3781/1730 2096/3782/1731
f 2085/3783/1732 2092/3784/1733 2094/3785/1734 2084/3786/1735
f 2130/3787/1736 2131/3788/1737 2122/3789/1738
f 2089/3790/1739 2100/3791/1740 2101/3792/1741 2093/3793/1742
f 2095/3794/1743 2097/3795/1744 2087/3796/1745 2083/3797/1746
f 2097/3795/1744 2088/3798/1728 2096/3799/1731 2087/3796/1745
f 2095/3800/1743 2094/3801/1734 2086/3802/1747
f 2090/3780/1729 2100/3791/1740 2089/3790/1739 2099/3781/1730
f 2095/3800/1743 2086/3802/1747 2098/3803/1748 2097/3804/1744
f 2088/3805/1728 2097/3804/1744 2098/3803/1748
f 2094/3806/1734 2095/3807/1743 2083/3808/1746 2084/3809/1735
f 2102/3810/1749 2101/3811/1741 2100/3812/1740 2091/3813/1750
f 2092/3814/1733 2102/3810/1749 2086/3802/1747 2094/3801/1734
f 2088/3805/1728 2098/3803/1748 2091/3813/1750 2090/3815/1729
f 2090/3780/1729 2091/3816/1750 2100/3791/1740
f 2086/3802/1747 2102/3810/1749 2091/3813/1750 2098/3803/1748
f 2105/3624/1636 2109/3817/1751 2110/3625/1637
f 2111/3818/1752 2554/3819/1753 2104/3820/1754 2112/3821/1755
f 2113/3822/1756 2112/3823/1755 2110/3625/1637 2109/3817/1751
f 2104/3824/1754 2103/3825/1638 2110/3826/1637 2112/3827/1755
f 2112/3821/1755 2113/3828/1756 2111/3818/1752
f 2557/3829/1757 2554/3819/1753 2111/3818/1752 2116/3830/1758
f 2109/3817/1751 2118/3831/1759 2115/3832/1760 2113/3822/1756
f 2117/3833/1761 2118/3831/1759 2109/3817/1751 2105/3624/1636
f 2111/3818/1752 2113/3828/1756 2115/3834/1760 2116/3830/1758
f 2108/3835/1762 2103/3836/1638 2104/3837/1754 2555/3838/1763
f 2117/3833/1761 2105/3624/1636 2107/3627/1639 2114/3839/1764
f 2135/3840/1765 2126/3841/1766 2124/3842/1767 2132/3843/1768
f 2120/3844/1769 2130/3845/1736 2128/3846/1770 2121/3847/1770
f 2125/3848/1771 2129/3849/1772 2137/3850/1773 2136/3851/1774
f 2131/3852/1737 2119/3853/1775 2123/3854/1776 2133/3855/1777
f 2124/3856/1767 2133/3857/1777 2123/3858/1776 2132/3859/1768
f 2131/3788/1737 2133/3860/1777 2134/3861/1778 2122/3789/1738
f 2136/3862/1774 2126/3841/1766 2135/3840/1765 2125/3863/1771
f 2134/3861/1778 2133/3860/1777 2124/3864/1767
f 2127/3865/1779 2126/3866/1766 2136/3867/1774
f 2126/3866/1766 2127/3865/1779 2134/3861/1778 2124/3864/1767
f 2137/3868/1773 2138/3869/1780 2127/3865/1779 2136/3867/1774
f 2131/3852/1737 2130/3845/1736 2120/3844/1769 2119/3853/1775
f 2122/3789/1738 2134/3861/1778 2127/3865/1779 2138/3869/1780
f 2146/3765/1720 2139/3764/1719 2149/3870/1781 2143/3871/1782
f 2143/3872/1782 2149/3873/1781 2148/3874/1783
f 2140/3875/1784 2142/3876/1785 2139/3764/1719 2147/3766/1721
f 2141/3877/1786 2142/3878/1785 2140/3879/1784
f 2152/3880/1787 2148/3881/1783 2149/3882/1781 2151/3883/1788
f 2142/3884/1785 2151/3885/1788 2149/3886/1781 2139/3887/1719
f 2151/3883/1788 2150/3888/1789 2152/3880/1787
f 2150/3889/1789 2141/3877/1786 2145/3890/1790 2156/3891/1791
f 2150/3889/1789 2151/3892/1788 2142/3878/1785 2141/3877/1786
f 2148/3874/1783 2152/3893/1787 2155/3894/1792 2158/3895/1793
f 2157/3896/1794 2143/3872/1782 2148/3874/1783 2158/3895/1793
f 2150/3888/1789 2156/3897/1791 2155/3898/1792 2152/3880/1787
f 2144/3899/1795 2154/3900/1796 2140/3879/1784 2147/3901/1721
f 2145/3890/1790 2141/3877/1786 2140/3879/1784 2154/3900/1796
f 2157/3902/1794 2153/3903/1764 2146/3765/1720 2143/3871/1782
f 2038/3684/1676 2027/3683/1675 2025/3904/1667 2026/3905/1666 2021/3906/1797
f 2306/3907/1798 2171/3908/559 2190/3909/559 2319/3910/1799
f 2283/3911/1800 2248/3912/1801 2246/3913/1802 2279/3914/1803
f 2302/3915/1804 2266/3916/1805 2264/3917/1806 2299/3918/1807
f 2232/3919/1808 2233/3920/1809 2220/3921/1810 2219/3922/1811
f 2319/3910/1799 2320/3923/1812 2307/3924/1813 2306/3907/1798
f 2182/3925/1814 2322/3926/1815 2329/3927/1816 2193/3928/1817
f 2214/3929/1818 2230/3930/1819 2228/3931/1820 2210/3932/1821
f 2227/3933/1822 2209/3934/1823 2207/3935/1824 2224/3936/1825
f 2288/3937/1826 2176/3938/1827 2184/3939/1828 2249/3940/1829
f 2174/3941/1830 2224/3936/1825 2207/3935/1824 2188/3942/1831
f 2173/3943/1832 2291/3944/1833 2315/3945/1834 2191/3946/559
f 2226/3947/1835 2236/3948/1836 2234/3949/1837 2222/3950/1838
f 2274/3951/1839 2177/3952/1840 1375/3953/632 2309/3954/1841
f 2175/3955/632 2287/3956/1842 2313/3957/1843 2189/3958/632
f 2206/3959/1844 2333/3960/1845 2326/3961/1846 2186/3962/1847
f 2318/3963/1848 2301/3964/1848 2300/3965/1849 2163/3966/1850
f 2308/3967/1851 2272/3968/1852 2270/3969/1853 2305/3970/1854
f 2179/3971/1855 2210/3932/1821 2228/3931/1820 1375/3972/1856
f 2291/3973/1833 2295/3974/1857 2316/3975/1858 2315/3976/1834
f 2273/3977/1859 2277/3978/1860 2242/3979/1861 2240/3980/1862
f 2292/3981/1863 2174/3941/1830 2188/3942/1831 2255/3982/1864
f 2178/3983/1865 2273/3977/1859 2240/3980/1862 2183/3984/1866
f 2289/3985/1867 2254/3986/1868 2252/3987/1869 2285/3988/1870
f 2211/3989/1871 2178/3983/1865 2183/3984/1866 2192/3990/1872
f 2185/3991/1873 2269/3992/1874 2165/3993/1875 2324/3994/632
f 2321/3995/559 2168/3996/1876 2250/3997/1877 2184/3998/1828
f 2247/3999/1878 2344/4000/1879 2169/4001/1880 2245/4002/1881
f 2213/4003/1882 2216/4004/1883 2231/4005/1884 2229/4006/1885
f 2220/3921/1886 2233/3920/1887 2231/4005/1884 2216/4004/1883
f 2219/3922/1811 2222/3950/1838 2234/3949/1837 2232/3919/1808
f 2229/4006/1885 2230/3930/1888 2214/3929/1889 2213/4003/1882
f 2334/4007/1890 2333/3960/1845 2206/3959/1844 2208/4008/1891
f 2331/4009/1892 2330/4010/1893 2200/4011/1894 2202/4012/1895
f 2204/4013/1896 2209/4014/1897 2227/4015/1898 2223/4016/1899
f 2328/4017/1900 2327/4018/1901 2194/4019/1902 2196/4020/1903
f 2200/4011/1894 2330/4010/1893 2335/4021/1904 2205/4022/1905
f 2215/4023/1906 2197/4024/1907 2195/4025/1908 2212/4026/1909
f 2194/4019/1902 2327/4018/1901 2332/4027/1910 2199/4028/1911
f 2192/4029/1872 2197/4030/1912 2215/4031/1913 2211/4032/1871
f 2328/4017/1914 2196/4020/1915 2193/3928/1817 2329/3927/1816
f 2198/4033/1916 2203/4034/1917 2221/4035/1918 2217/4036/1919
f 2331/4009/1920 2202/4012/1921 2199/4028/1911 2332/4027/1910
f 2195/4025/1908 2197/4024/1907 2196/4037/1903 2194/4038/1902
f 2334/4007/1922 2208/4008/1923 2205/4022/1905 2335/4021/1904
f 2207/3935/1824 2209/3934/1823 2208/4039/1891 2206/4040/1844
f 2294/4041/1924 2297/4042/1925 2317/4043/1926 2162/4044/1927
f 2301/4045/1928 2318/4046/1929 2317/4047/1926 2297/4048/1925
f 2300/3965/1849 2303/4049/1930 2164/4050/1931 2163/3966/1850
f 2272/4051/1932 2308/4052/1933 2304/4053/1934 2267/4054/1935
f 2337/4055/1936 2271/4056/1937 2268/4057/1938 2336/4058/1939
f 2265/4059/1940 2338/4060/1941 2339/4061/1942 2263/4062/1943
f 2257/4063/1944 2259/4064/1945 2340/4065/1946 2341/4066/1947
f 2268/4067/1938 2263/4062/1943 2339/4061/1942 2336/4068/1939
f 2296/4069/1948 2260/4070/1949 2258/4071/1950 2293/4072/1951
f 2262/4073/1952 2257/4063/1944 2341/4066/1947 2166/4074/1953
f 2169/4075/1880 2347/4076/1954 2238/4077/1955 2245/4078/1881
f 2311/4079/1956 2312/4080/1957 2284/4081/1958 2280/4082/1959
f 2342/4083/1960 2345/4084/1961 2244/4085/1962 2251/4086/1963
f 2343/4087/1964 2342/4088/1960 2251/4089/1963 2253/4090/1965
f 2249/3940/1829 2254/4091/1966 2289/4092/1967 2288/3937/1826
f 2255/4093/1864 2260/4094/1968 2296/4095/1969 2292/4096/1863
f 2314/4097/1970 2290/4098/1971 2286/4099/1972 2161/4100/1973
f 2243/4101/1974 2248/3912/1975 2283/3911/1976 2282/4102/1977
f 2286/4103/1972 2281/4104/1978 2160/4105/1979 2161/4106/1973
f 2241/4107/1980 2346/4108/1981 2170/4109/471 2239/4110/1982
f 2280/4111/1959 2275/4112/1983 2159/4113/1984 2311/4114/1956
f 2252/4115/1869 2254/4091/1868 2253/4090/1965 2251/4089/1963
f 2246/3913/1802 2248/3912/1801 2247/3999/1878 2245/4002/1881
f 2282/4102/1977 2285/4116/1870 2252/4115/1869 2243/4101/1974
f 2240/3980/1862 2242/3979/1861 2241/4107/1980 2239/4110/1982
f 2276/4117/1985 2279/3914/1803 2246/3913/1802 2237/4118/1986
f 2261/4119/1987 2266/4120/1988 2302/4121/1989 2298/4122/1990
f 2258/4123/1950 2260/4094/1949 2259/4124/1945 2257/4125/1944
f 2338/4126/1991 2265/4127/1992 2262/4128/1952 2166/4129/1953
f 2298/4122/1990 2293/4072/1951 2258/4071/1950 2261/4119/1987
f 2304/4053/1934 2299/4130/1807 2264/4131/1806 2267/4054/1935
f 2217/4132/1919 2212/4026/1909 2195/4025/1908 2198/4133/1916
f 2223/4134/1899 2218/4135/1993 2201/4136/1994 2204/4137/1896
f 2256/4138/1995 2187/4139/1996 2325/4140/1997 2167/4141/489
f 2170/4142/471 2323/4143/1998 2181/4144/1999 2239/4145/1982
f 1375/3972/1856 2177/4146/2000 2179/3971/1855
f 2188/4147/1831 2186/4148/1847 2187/4149/1996
f 2214/4150/1889 2215/4023/1906 2212/4026/1909 2213/4151/1882
f 2273/4152/1859 2274/3951/1839 2278/4153/2001 2277/4154/1860
f 2196/4155/1915 2197/4030/1912 2192/4029/1872 2193/4156/1817
f 2220/4157/1810 2221/4158/2002 2218/4135/1993 2219/4159/1811
f 2201/4136/1994 2203/4160/2003 2202/4161/1895 2200/4162/1894
f 2202/4163/1921 2203/4034/1917 2198/4033/1916 2199/4164/1911
f 2226/4165/2004 2227/3933/1822 2224/3936/1825 2225/4166/2005
f 2221/4035/1918 2220/4167/1886 2216/4168/1883 2217/4036/1919
f 2208/4169/1923 2209/4014/1897 2204/4013/1896 2205/4170/1905
f 2181/4171/1999 2323/4172/1998 2322/3926/1815 2182/3925/1814
f 2227/4015/1898 2226/4173/1835 2222/4174/1838 2223/4016/1899
f 2210/4175/1821 2211/4032/1871 2215/4031/1913 2214/4176/1818
f 2212/4177/1909 2217/4178/1919 2216/4004/1883 2213/4003/1882
f 2238/4179/1955 2241/4107/2006 2242/3979/2007 2237/4118/1986
f 2283/4180/1976 2284/4081/2008 2281/4181/1978 2282/4182/1977
f 2178/4183/2009 2180/4184/2010 2177/3952/1840 2274/3951/1839 2273/4152/1859
f 2247/3999/2011 2248/3912/1975 2243/4101/1974 2244/4185/1962
f 2253/4090/2012 2254/4091/1966 2249/3940/1829 2250/4186/1877
f 2284/4081/1958 2283/4180/1800 2279/4187/1803 2280/4082/1959
f 2289/3985/1967 2290/4098/2013 2287/4188/1842 2288/4189/1826
f 2259/4124/2014 2260/4094/1968 2255/4093/1864 2256/4190/1995
f 2286/4099/1972 2290/4098/1971 2289/3985/1867 2285/3988/1870
f 2264/3917/1806 2266/3916/1805 2265/4127/1940 2263/4191/1943
f 2265/4127/1992 2266/3916/1988 2261/4192/1987 2262/4128/1952
f 2305/4193/1854 2172/4194/2015 2171/4195/2016 2306/4196/1798
f 2300/4197/1849 2301/4045/2017 2302/4121/1804 2299/4130/1807
f 2307/4198/1813 2308/4052/1851 2305/4193/1854 2306/4196/1798
f 2270/3969/1853 2272/3968/1852 2271/4056/2018 2269/4199/1874
f 2271/4056/1937 2272/3968/1932 2267/4200/1935 2268/4057/1938
f 2270/3969/1853 2269/4199/1874 2185/4201/1873
f 2291/3973/1833 2292/3981/2019 2296/4069/2020 2295/3974/1857
f 2242/3979/2007 2277/3978/2021 2276/4117/1985 2237/4118/1986
f 2275/4202/1983 2276/4203/1985 2277/4154/2021 2278/4153/2022
f 2290/4204/2013 2314/4205/2023 2313/3957/1843 2287/3956/1842
f 2293/4072/1951 2294/4206/1924 2295/3974/2024 2296/4069/1948
f 2310/4207/2025 2278/4153/2001 2274/3951/1839 2309/3954/1841
f 2279/4187/1803 2276/4203/1985 2275/4202/1983 2280/4082/1959
f 2302/4121/1989 2301/4045/1928 2297/4048/1925 2298/4122/1990
f 2304/4053/1934 2308/4052/1933 2307/4198/2026 2303/4208/1930
f 2316/4209/2027 2295/4210/2024 2294/4041/1924 2162/4044/1927
f 2225/4211/2028 2173/4212/2029 2191/4213/2030 2235/4214/2031
f 2173/4215/1832 2174/3941/2032 2292/3981/2019 2291/3973/1833
f 2206/3959/1844 2186/3962/1847 2188/4216/1831 2207/4217/1824
f 2307/4198/2026 2320/4218/2033 2164/4219/1931 2303/4208/1930
f 2271/4220/2018 2337/4221/2034 2165/3993/1875 2269/3992/1874
f 2340/4222/2035 2259/4124/2014 2256/4190/1995 2167/4223/489
f 2284/4224/2036 2312/4225/2036 2160/4105/1979 2281/4104/1978
f 2278/4226/2037 2310/4227/2037 2159/4113/1984 2275/4112/1983
f 2343/4228/2038 2253/4229/2012 2250/3997/1877 2168/3996/1876
f 2200/4011/1894 2205/4022/1905 2204/4230/1896 2201/4231/1994
f 2194/4019/1902 2199/4028/1911 2198/4232/1916 2195/4233/1908
f 2182/3925/1814 2193/3928/1817 2192/4234/1872 2183/4235/1866
f 2326/3961/1846 2325/4236/1997 2187/4237/1996 2186/3962/1847
f 2218/4238/1993 2223/4239/1899 2222/3950/1838 2219/3922/1811
f 2179/3971/2039 2180/4240/2010 2178/4241/1865 2211/4242/1871 2210/3932/1821
f 2179/4243/2039 2177/3952/1840 2180/4184/2010
f 2263/4191/1943 2268/4057/1938 2267/4200/1935 2264/3917/1806
f 2257/4125/1944 2262/4128/1952 2261/4192/1987 2258/4123/1950
f 2187/4149/1996 2256/4190/1995 2255/4093/1864 2188/4147/1831
f 2240/3980/1862 2239/4110/1982 2181/4244/1999 2183/3984/1866
f 2246/3913/1802 2245/4002/1881 2238/4179/1955 2237/4118/1986
f 2251/4089/1963 2244/4185/1962 2243/4101/1974 2252/4115/1869
f 2184/3939/1828 2250/4186/1877 2249/3940/1829
f 2183/3984/1866 2181/4244/1999 2182/4245/1814
f 2176/4246/1827 2288/4189/1826 2287/4188/1842 2175/4247/2040
f 2285/3988/1870 2282/4182/1977 2281/4181/1978 2286/4099/1972
f 2293/4072/1951 2298/4122/1990 2297/4048/1925 2294/4206/1924
f 2299/4130/1807 2304/4053/1934 2303/4208/1930 2300/4197/1849
f 2173/4215/2041 2225/4166/2005 2224/3936/1825 2174/3941/1830
f 2172/4194/2015 2305/4193/1854 2270/4248/1853 2185/4249/1873
f 2235/4214/2031 2236/3948/2042 2226/3947/2043 2225/4211/2028
f 2221/4158/2002 2203/4160/2003 2201/4136/1994 2218/4135/1993
f 2347/4076/1954 2346/4250/2044 2241/4251/2006 2238/4077/1955
f 2345/4084/1961 2344/4252/2045 2247/4253/2011 2244/4085/1962
f 2461/4254/2046 2353/4255/2047 2358/4256/2048 2469/4257/2049
f 2364/4258/2050 2368/4259/2051 2367/4260/2052 2363/4261/2053
f 2484/4262/2054 2483/4263/2055 2393/4264/2056 2392/4265/2057
f 2484/4262/2054 2391/4266/2058 2483/4263/2055
f 2389/4267/2059 2482/4268/2060 2383/4269/2061 2474/4270/2062
f 2348/4271/2063 2456/4272/2064 2352/4273/2065 2459/4274/2066
f 2469/4275/2049 2357/4276/2067 2460/4277/2068 2461/4278/2046
f 2463/4279/2069 2353/4255/2047 2461/4254/2046 2352/4280/2065
f 2462/4281/2070 2463/4282/2069 2350/4283/2071 2458/4284/2072
f 2463/4279/2069 2462/4285/2070 2353/4255/2047
f 2464/4286/2073 2354/4287/2074 2349/4288/2075 2348/4271/2063
f 2463/4289/2069 2352/4290/2065 2456/4291/2064 2350/4292/2071
f 2464/4293/2073 2465/4294/2076 2354/4295/2074
f 2458/4284/2072 2457/4296/2077 2356/4297/2078 2355/4298/2079
f 2354/4299/2074 2356/4300/2078 2457/4301/2077 2349/4302/2075
f 2456/4291/2064 2349/4302/2075 2457/4301/2077 2350/4292/2071
f 2351/4303/2080 2467/4304/2081 2468/4305/2082 2459/4274/2066
f 2468/4306/2082 2467/4307/2081 2357/4276/2067 2469/4275/2049 2470/4308/2083
f 2465/4309/2076 2470/4308/2083 2472/4310/2084 2466/4311/2085
f 2468/4305/2082 2470/4312/2083 2465/4313/2076 2464/4286/2073
f 2470/4308/2083 2469/4275/2049 2358/4314/2048 2472/4310/2084
f 2447/4315/2086 2448/4316/2087 2445/4317/2088 2443/4318/2089
f 2363/4261/2053 2367/4260/2052 2447/4315/2086 2443/4318/2089
f 2449/4319/2090 2453/4320/2091 2455/4321/2092 2361/4322/2093
f 2446/4323/2094 2450/4324/2095 2454/4325/2096 2365/4326/2097
f 2448/4327/2087 2449/4328/2090 2361/4329/2093 2362/4330/2098
f 2362/4330/2098 2361/4329/2093 2450/4331/2095
f 2368/4332/2051 2364/4333/2050 2452/4334/2099 2369/4335/2100
f 2452/4334/2099 2366/4336/2101 2365/4337/2097
f 2451/4338/2102 2444/4339/2103 2359/4340/2104 2366/4336/2101
f 2449/4341/2090 2447/4315/2086 2367/4260/2052 2453/4342/2091
f 2455/4343/2092 2454/4325/2096 2450/4324/2095 2361/4344/2093
f 2369/4345/2100 2455/4321/2092 2453/4320/2091 2368/4346/2051
f 2443/4347/2089 2445/4348/2088 2444/4349/2103
f 2487/4350/2105 2486/4351/2106 2488/4352/2107
f 2488/4353/2107 2486/4354/2106 2371/4355/2108 2491/4356/2109
f 2370/4357/2110 2373/4358/2111 2496/4359/2112 2377/4360/2113
f 2372/4361/2114 2371/4355/2108 2494/4362/2115 2380/4363/2116
f 2492/4364/2117 2373/4365/2111 2374/4366/2118
f 2488/4367/2107 2491/4368/2109 2374/4366/2118 2490/4369/2119
f 2487/4370/2105 2493/4371/2120 2375/4372/2121 2486/4354/2106
f 2376/4373/2122 2375/4374/2121 2493/4375/2120
f 2377/4376/2113 2379/4377/2123 2378/4378/2124
f 2378/4379/2124 2493/4380/2120 2487/4350/2105 2489/4381/2125
f 2494/4362/2115 2371/4355/2108 2486/4354/2106 2375/4372/2121
f 2380/4382/2116 2495/4383/2126 2381/4384/2127 2382/4385/2128
f 2495/4383/2126 2380/4382/2116 2494/4386/2115
f 2373/4358/2111 2492/4387/2117 2382/4388/2128 2496/4359/2112
f 2382/4385/2128 2381/4384/2127 2496/4389/2112
f 2376/4373/2122 2379/4377/2123 2381/4390/2127 2495/4391/2126
f 2372/4392/2114 2380/4393/2116 2382/4394/2128 2492/4364/2117
f 2383/4395/2061 2384/4396/2129 2385/4397/2130
f 2385/4397/2130 2478/4398/2131 2477/4399/2132 2475/4400/2133
f 2483/4401/2055 2391/4402/2058 2476/4403/2134 2386/4404/2135
f 2484/4262/2054 2392/4265/2057 2390/4405/2100 2480/4406/2136
f 2473/4407/2137 2476/4403/2134 2391/4402/2058 2479/4408/2138
f 2480/4409/2136 2389/4267/2059 2479/4410/2138
f 2384/4411/2129 2383/4412/2061 2482/4413/2060 2481/4414/2139
f 2390/4415/2100 2481/4416/2139 2482/4268/2060
f 2389/4267/2059 2480/4409/2136 2390/4415/2100 2482/4268/2060
f 2480/4417/2136 2479/4408/2138 2391/4402/2058 2484/4418/2054
f 2387/4419/2140 2384/4411/2129 2481/4414/2139 2485/4420/2141
f 2481/4414/2139 2390/4421/2100 2392/4422/2057 2485/4420/2141
f 2392/4265/2057 2393/4264/2056 2485/4423/2141
f 2388/4424/2142 2393/4264/2056 2483/4263/2055 2386/4425/2135
f 2477/4426/2132 2476/4403/2134 2473/4407/2137 2475/4427/2133
f 2457/4301/2077 2458/4428/2072 2350/4292/2071
f 2348/4429/2063 2349/4302/2075 2456/4291/2064
f 2465/4294/2076 2466/4430/2085 2356/4431/2078 2354/4295/2074
f 2351/4303/2080 2460/4432/2068 2357/4433/2067 2467/4304/2081
f 2466/4434/2085 2472/4435/2084 2471/4436/2143 2355/4298/2079
f 2358/4314/2048 2471/4437/2143 2472/4310/2084
f 2466/4430/2085 2355/4438/2079 2356/4431/2078
f 2468/4305/2082 2464/4286/2073 2348/4271/2063 2459/4274/2066
f 2360/4439/2144 2359/4440/2104 2444/4349/2103 2445/4348/2088
f 2362/4441/2098 2450/4324/2095 2446/4323/2094 2360/4442/2144
f 2446/4323/2094 2365/4326/2097 2366/4443/2101 2359/4444/2104
f 2366/4336/2101 2452/4334/2099 2364/4333/2050 2451/4338/2102
f 2452/4445/2099 2365/4326/2097 2454/4325/2096 2369/4446/2100
f 2445/4447/2088 2448/4327/2087 2362/4330/2098 2360/4448/2144
f 2446/4449/2094 2359/4440/2104 2360/4439/2144
f 2363/4450/2053 2451/4338/2102 2364/4333/2050
f 2368/4346/2051 2453/4320/2091 2367/4451/2052
f 2443/4318/2089 2444/4452/2103 2451/4453/2102 2363/4261/2053
f 2374/4454/2118 2373/4358/2111 2370/4357/2110 2490/4455/2119
f 2372/4392/2114 2492/4364/2117 2374/4366/2118 2491/4368/2109
f 2377/4360/2113 2496/4359/2112 2381/4456/2127 2379/4457/2123
f 2489/4381/2125 2487/4350/2105 2488/4352/2107 2490/4458/2119
f 2493/4375/2120 2378/4378/2124 2379/4377/2123 2376/4373/2122
f 2375/4372/2121 2376/4459/2122 2495/4460/2126 2494/4362/2115
f 2479/4408/2138 2389/4461/2059 2474/4462/2062 2473/4407/2137
f 2388/4463/2142 2387/4419/2140 2485/4420/2141 2393/4464/2056
f 2475/4400/2133 2473/4465/2137 2474/4466/2062
f 2386/4467/2135 2477/4468/2132 2478/4469/2131 2388/4470/2142
f 2385/4471/2130 2384/4411/2129 2387/4419/2140 2478/4472/2131
f 2512/4473/2145 2410/4474/2146 2518/4475/2147 2411/4476/2148
f 2501/4477/2149 2502/4478/2057 2499/4479/2054 2500/4480/2150
f 2420/4481/2151 2408/4482/2152 2499/4483/2054 2511/4484/2153
f 2398/4485/2154 2505/4486/2155 2515/4487/2156 2516/4488/2157
f 2416/4489/2158 2419/4490/2159 2414/4491/2160 2509/4492/2161
f 2403/4493/2162 2402/4494/2163 2505/4486/2155 2397/4495/2164
f 2507/4496/2116 2504/4497/2165 2394/4498/2166 2401/4499/2167
f 2398/4500/2154 2397/4501/2164 2505/4502/2155
f 2506/4503/2168 2507/4504/2116 2401/4505/2167
f 2515/4487/2156 2505/4486/2155 2402/4494/2163 2519/4506/2169
f 2516/4507/2157 2514/4508/2170 2410/4509/2146 2513/4510/2171
f 2508/4511/2172 2402/4512/2163 2403/4513/2162
f 2405/4514/2173 2497/4515/2174 2501/4477/2149 2500/4480/2150
f 2420/4481/2151 2412/4516/2175 2404/4517/2176 2408/4482/2152
f 2409/4518/2177 2501/4519/2149 2497/4520/2174 2498/4521/2178
f 2418/4522/2179 2422/4523/2180 2409/4518/2177 2498/4521/2178
f 2502/4478/2057 2424/4524/2100 2511/4525/2153 2499/4479/2054
f 2519/4506/2169 2520/4526/2181 2514/4527/2170 2515/4487/2156
f 2521/4528/2182 2517/4529/2183 2518/4530/2147 2520/4531/2181
f 2520/4532/2181 2518/4533/2147 2410/4509/2146 2514/4508/2170
f 2521/4528/2182 2508/4534/2172 2506/4535/2168 2517/4529/2183
f 2515/4536/2156 2514/4508/2170 2516/4507/2157
f 2397/4501/2164 2398/4500/2154 2396/4537/2184 2504/4538/2165
f 2414/4491/2160 2419/4490/2159 2510/4539/2185 2415/4540/2186
f 2407/4541/2131 2406/4542/2187 2415/4540/2186 2510/4539/2185
f 2413/4543/2188 2417/4544/2189 2416/4489/2158 2509/4492/2161
f 2404/4517/2176 2405/4545/2173 2500/4546/2150 2408/4482/2152
f 2498/4521/2178 2407/4547/2131 2510/4548/2185 2418/4522/2179
f 2502/4549/2057 2409/4518/2177 2422/4523/2180 2424/4550/2100
f 2423/4551/2190 2417/4552/2189 2413/4553/2188 2421/4554/2091
f 2424/4555/2100 2422/4556/2180 2423/4551/2190
f 2405/4557/2173 2406/4558/2187 2407/4559/2131 2497/4560/2174
f 2403/4561/2162 2397/4501/2164 2504/4538/2165 2507/4562/2116
f 2498/4563/2178 2497/4560/2174 2407/4559/2131
f 2409/4564/2177 2502/4478/2057 2501/4477/2149
f 2408/4565/2152 2500/4480/2150 2499/4479/2054
f 2511/4566/2153 2421/4554/2091 2420/4567/2151
f 2403/4513/2162 2507/4504/2116 2506/4503/2168 2508/4511/2172
f 2512/4473/2145 2411/4476/2148 2401/4499/2167 2394/4498/2166 2503/4568/2191 2399/4569/2191
f 2517/4529/2183 2411/4570/2148 2518/4530/2147
f 2516/4571/2157 2513/4572/2171 2400/4573/2192 2395/4574/2192 2396/4537/2184 2398/4500/2154
f 2506/4575/2168 2401/4499/2167 2411/4476/2148 2517/4576/2183
f 2418/4522/2179 2417/4577/2189 2423/4578/2190 2422/4523/2180
f 2424/4555/2100 2423/4551/2190 2421/4554/2091 2511/4566/2153
f 2428/4579/2193 2436/4580/2194 2437/4581/2195 2429/4582/2196
f 2427/4583/2197 2425/4584/2198 2426/4585/2199
f 2441/4586/2200 2525/4587/2201 2442/4588/2202
f 2426/4589/2199 2425/4590/2198 2430/4591/2203 2528/4592/2204
f 2428/4593/2193 2429/4594/2196 2526/4595/2205
f 2432/4596/2206 2529/4597/2207 2428/4579/2193 2526/4598/2205
f 2528/4599/2204 2431/4600/2208 2432/4601/2206 2526/4602/2205 2426/4603/2199
f 2442/4588/2202 2433/4604/2209 2527/4605/2210 2524/4606/2211
f 2433/4607/2209 2529/4608/2207 2432/4601/2206
f 2523/4609/2212 2430/4591/2203 2425/4590/2198 2522/4610/2213
f 2524/4606/2211 2440/4611/2214 2441/4586/2200 2442/4588/2202
f 2437/4612/2195 2436/4613/2194 2438/4614/2215
f 2522/4610/2213 2434/4615/2216 2439/4616/2217 2523/4609/2212
f 2440/4617/2214 2439/4618/2217 2434/4619/2216 2438/4614/2215 2441/4620/2200
f 2437/4612/2195 2435/4621/2218 2427/4622/2197 2429/4623/2196
f 2525/4624/2201 2529/4597/2207 2433/4625/2209 2442/4626/2202
f 2435/4627/2218 2522/4610/2213 2425/4590/2198 2427/4628/2197
f 2431/4600/2208 2527/4629/2210 2433/4607/2209 2432/4601/2206
f 2426/4585/2199 2526/4595/2205 2429/4594/2196 2427/4583/2197
f 2529/4597/2207 2525/4624/2201 2436/4580/2194 2428/4579/2193
f 2438/4630/2215 2436/4580/2194 2525/4624/2201 2441/4631/2200
f 2437/4612/2195 2438/4614/2215 2434/4619/2216 2435/4621/2218
f 2455/4321/2092 2369/4345/2100 2454/4632/2096
f 2355/4298/2079 2471/4436/2143 2462/4281/2070 2458/4284/2072
f 2353/4633/2047 2462/4281/2070 2471/4436/2143 2358/4634/2048
f 2388/4470/2142 2478/4469/2131 2387/4635/2140
f 2385/4397/2130 2475/4400/2133 2474/4466/2062 2383/4395/2061
f 2489/4381/2125 2490/4458/2119 2370/4636/2110
f 2370/4357/2110 2377/4360/2113 2378/4637/2124 2489/4638/2125
f 2413/4639/2188 2412/4516/2175 2420/4481/2151 2421/4640/2091
f 2510/4539/2185 2419/4490/2159 2416/4489/2158 2417/4544/2189 2418/4641/2179
f 2521/4528/2182 2520/4531/2181 2519/4642/2169
f 2521/4643/2182 2519/4506/2169 2402/4494/2163 2508/4644/2172
f 2536/4645/2219 2544/4646/2220 2549/4647/2221 2530/4648/2222
f 2545/4649/2125 2532/4650/2061 2549/4651/2221 2544/4652/2220
f 2549/4653/2221 2532/4654/2061 2533/4655/2223 2548/4656/2224
f 2533/4655/2223 2552/4657/2225 2534/4658/2132 2548/4656/2224
f 2530/4648/2222 2548/4659/2224 2534/4660/2132 2550/4661/2226
f 2553/4662/2227 2552/4663/2225 2535/4664/2228
f 2533/4665/2223 2531/4666/2229 2535/4667/2228 2552/4668/2225
f 2536/4669/2219 2543/4670/2230 2544/4652/2220
f 2544/4652/2220 2543/4670/2230 2538/4671/2231 2545/4649/2125
f 2545/4672/2125 2537/4673/2139 2531/4666/2229 2532/4674/2061
f 2538/4671/2231 2537/4675/2139 2545/4649/2125
f 2553/4676/2227 2547/4677/2232 2540/4678/2233 2551/4679/2234
f 2538/4680/2231 2542/4681/2235 2541/4682/2236 2537/4673/2139
f 2550/4661/2226 2539/4683/2237 2536/4645/2219 2530/4648/2222
f 2542/4684/2235 2538/4685/2231 2543/4686/2230 2546/4687/2238
f 2542/4684/2235 2547/4677/2232 2541/4688/2236
f 2547/4677/2232 2542/4684/2235 2546/4687/2238 2540/4678/2233
f 2530/4689/2222 2549/4653/2221 2548/4656/2224
f 2532/4654/2061 2531/4690/2229 2533/4655/2223
f 2541/4682/2236 2535/4667/2228 2531/4666/2229 2537/4673/2139
f 2551/4691/2234 2534/4692/2132 2552/4663/2225 2553/4662/2227
f 2539/4683/2237 2546/4693/2238 2543/4694/2230 2536/4645/2219
f 2553/4695/2227 2535/4667/2228 2541/4682/2236 2547/4696/2232
f 2522/4610/2213 2435/4627/2218 2434/4615/2216
f 2554/4697/1753 2555/4698/1763 2104/4699/1754
f 2554/4697/1753 2557/4700/1757 2556/4701/2239 2555/4698/1763
f 2106/4702/2240 2108/3835/1762 2555/3838/1763 2556/4703/2239
usemtl Cegły
f 1490/2769/559 1494/2770/559 1495/2771/559 1491/2772/559
f 1494/2773/1408 1492/2774/1408 1493/2775/1408 1495/2776/1408
f 1492/2777/632 1488/2778/632 1489/2779/632 1493/2780/632
f 1490/2781/1409 1488/2782/1409 1492/2783/1409 1494/2784/1409
f 1495/2785/1410 1493/2786/1410 1489/2787/1410 1491/2788/1410
f 1498/2789/559 1502/2790/559 1503/2791/559 1499/2792/559
f 1502/2793/1411 1500/2794/1411 1501/2795/1411 1503/2796/1411
f 1500/2797/632 1496/2798/632 1497/2799/632 1501/2800/632
f 1498/2801/1346 1496/2802/1346 1500/2803/1346 1502/2804/1346
f 1503/2805/629 1501/2806/629 1497/2807/629 1499/2808/629
f 1504/2809/1412 1506/2810/1412 1507/2811/1412 1505/2812/1412
f 1506/2813/559 1510/2814/559 1511/2815/559 1507/2816/559
f 1510/2817/1413 1508/2818/1413 1509/2819/1413 1511/2820/1413
f 1508/2821/632 1504/2822/632 1505/2823/632 1509/2824/632
f 1506/2825/1414 1504/2826/1414 1508/2827/1414 1510/2828/1414
f 1511/2829/1415 1509/2830/1415 1505/2831/1415 1507/2832/1415
f 1512/2833/1416 1514/2834/1416 1515/2835/1416 1513/2836/1416
f 1514/2837/559 1518/2838/559 1519/2839/559 1515/2840/559
f 1518/2841/1417 1516/2842/1417 1517/2843/1417 1519/2844/1417
f 1516/2845/632 1512/2846/632 1513/2847/632 1517/2848/632
f 1514/2849/1418 1512/2850/1418 1516/2851/1418 1518/2852/1418
f 1519/2853/1419 1517/2854/1419 1513/2855/1419 1515/2856/1419
f 1522/2857/1420 1526/2858/1420 1527/2859/1420 1523/2860/1420
f 1526/2861/1421 1524/2862/1421 1525/2863/1421 1527/2864/1421
f 1524/2865/1422 1520/2866/1422 1521/2867/1422 1525/2868/1422
f 1522/2869/1423 1520/2870/1423 1524/2871/1423 1526/2872/1423
f 1527/2873/1424 1525/2874/1424 1521/2875/1424 1523/2876/1424
f 1530/2877/1425 1534/2878/1425 1535/2879/1425 1531/2880/1425
f 1534/2881/1426 1532/2882/1426 1533/2883/1426 1535/2884/1426
f 1532/2885/1427 1528/2886/1427 1529/2887/1427 1533/2888/1427
f 1530/2889/1428 1528/2890/1428 1532/2891/1428 1534/2892/1428
f 1535/2893/1429 1533/2894/1429 1529/2895/1429 1531/2896/1429
f 1536/2897/1430 1538/2898/1430 1539/2899/1430 1537/2900/1430
f 1538/2901/1425 1542/2902/1425 1543/2903/1425 1539/2904/1425
f 1540/2905/1427 1536/2906/1427 1537/2907/1427 1541/2908/1427
f 1538/2909/1428 1536/2910/1428 1540/2911/1428 1542/2912/1428
f 1543/2913/1429 1541/2914/1429 1537/2915/1429 1539/2916/1429
f 1544/2917/1430 1546/2918/1430 1547/2919/1430 1545/2920/1430
f 1546/2921/1425 1550/2922/1425 1551/2923/1425 1547/2924/1425
f 1548/2925/1427 1544/2926/1427 1545/2927/1427 1549/2928/1427
f 1546/2929/1428 1544/2930/1428 1548/2931/1428 1550/2932/1428
f 1551/2933/1429 1549/2934/1429 1545/2935/1429 1547/2936/1429
f 1552/2937/1431 1554/2938/1431 1555/2939/1431 1553/2940/1431
f 1554/2941/1432 1558/2942/1432 1559/2943/1432 1555/2944/1432
f 1556/2945/1433 1552/2946/1433 1553/2947/1433 1557/2948/1433
f 1554/2949/1434 1552/2950/1434 1556/2951/1434 1558/2952/1434
f 1559/2953/1435 1557/2954/1435 1553/2955/1435 1555/2956/1435
f 1562/2957/559 1563/2958/559 1567/2959/559 1566/2960/559
f 1566/2961/626 1567/2962/626 1565/2963/626 1564/2964/626
f 1564/2965/632 1565/2966/632 1561/2967/632 1560/2968/632
f 1562/2969/1346 1566/2970/1346 1564/2971/1346 1560/2972/1346
f 1567/2973/629 1563/2974/629 1561/2975/629 1565/2976/629
f 1570/2977/1436 1571/2978/1436 1575/2979/1436 1574/2980/1436
f 1574/2981/626 1575/2982/626 1573/2983/626 1572/2984/626
f 1572/2985/1437 1573/2986/1437 1569/2987/1437 1568/2988/1437
f 1570/2989/1438 1574/2990/1438 1572/2991/1438 1568/2992/1438
f 1575/2993/1439 1571/2994/1439 1569/2995/1439 1573/2996/1439
f 1578/2997/559 1579/2998/559 1583/2999/559 1582/3000/559
f 1582/3001/1440 1583/3002/1440 1581/3003/1440 1580/3004/1440
f 1580/3005/632 1581/3006/632 1577/3007/632 1576/3008/632
f 1578/3009/1441 1582/3010/1441 1580/3011/1441 1576/3012/1441
f 1583/3013/1442 1579/3014/1442 1577/3015/1442 1581/3016/1442
f 1586/3017/1443 1587/3018/1443 1591/3019/1443 1590/3020/1443
f 1590/3021/626 1591/3022/626 1589/3023/626 1588/3024/626
f 1588/3025/1444 1589/3026/1444 1585/3027/1444 1584/3028/1444
f 1586/3029/1445 1590/3030/1445 1588/3031/1445 1584/3032/1445
f 1591/3033/1446 1587/3034/1446 1585/3035/1446 1589/3036/1446
f 1923/3443/1593 1924/3444/1593 1928/3445/1593 1927/3446/1593
f 1927/3447/1594 1928/3448/1594 1926/3449/1594 1925/3450/1594
f 1925/3451/1595 1926/3452/1595 1922/3453/1595 1921/3454/1595
f 1923/3455/1596 1927/3456/1596 1925/3457/1596 1921/3458/1596
f 1928/3459/1597 1924/3460/1597 1922/3461/1597 1926/3462/1597
f 1931/3463/559 1932/3464/559 1936/3465/559 1935/3466/559
f 1935/3467/1440 1936/3468/1440 1934/3469/1440 1933/3470/1440
f 1933/3471/632 1934/3472/632 1930/3473/632 1929/3474/632
f 1931/3475/1441 1935/3476/1441 1933/3477/1441 1929/3478/1441
f 1936/3479/1442 1932/3480/1442 1930/3481/1442 1934/3482/1442
f 1939/3483/1598 1940/3484/1598 1944/3485/1598 1943/3486/1598
f 1943/3487/1599 1944/3488/1599 1942/3489/1599 1941/3490/1599
f 1941/3491/1600 1942/3492/1600 1938/3493/1600 1937/3494/1600
f 1939/3495/1601 1943/3496/1601 1941/3497/1601 1937/3498/1601
f 1944/3499/1602 1940/3500/1602 1938/3501/1602 1942/3502/1602
f 1947/3503/1603 1951/3504/1603 1952/3505/1603 1948/3506/1603
f 1951/3507/1604 1949/3508/1604 1950/3509/1604 1952/3510/1604
f 1949/3511/1605 1945/3512/1605 1946/3513/1605 1950/3514/1605
f 1947/3515/1606 1945/3516/1606 1949/3517/1606 1951/3518/1606
f 1952/3519/1607 1950/3520/1607 1946/3521/1607 1948/3522/1607
f 1955/3523/1425 1959/3524/1425 1960/3525/1425 1956/3526/1425
f 1959/3527/1426 1957/3528/1426 1958/3529/1426 1960/3530/1426
f 1957/3531/1427 1953/3532/1427 1954/3533/1427 1958/3534/1427
f 1955/3535/1428 1953/3536/1428 1957/3537/1428 1959/3538/1428
f 1960/3539/1429 1958/3540/1429 1954/3541/1429 1956/3542/1429
f 1961/3543/1430 1963/3544/1430 1964/3545/1430 1962/3546/1430
f 1963/3547/1425 1967/3548/1425 1968/3549/1425 1964/3550/1425
f 1965/3551/1427 1961/3552/1427 1962/3553/1427 1966/3554/1427
f 1963/3555/1428 1961/3556/1428 1965/3557/1428 1967/3558/1428
f 1968/3559/1429 1966/3560/1429 1962/3561/1429 1964/3562/1429
usemtl klamka
f 1400/2590/1323 1410/2591/1324 1404/2592/1325 1396/2593/1326
f 1406/2594/1327 1408/2595/1328 1398/2596/1329 1397/2597/1330
f 1412/2598/1331 1414/2590/1332 1409/2599/1333 1405/2600/1334
f 1413/2601/1335 1402/2602/1336 1399/2603/1337 1407/2604/1338
f 1401/2605/1339 1403/2606/1340 1415/2607/1341 1411/2608/1342
f 1404/2592/1325 1405/2609/1334 1406/2610/1327
f 1407/2604/1338 1408/2611/1328 1409/2612/1333
f 1410/2591/1324 1411/2613/1342 1412/2614/1331
f 1413/2601/1335 1414/2615/1332 1415/2616/1341
f 1422/2617/1343 1423/2618/1344 1417/2619/1345 1416/2620/1346
f 1400/2590/1323 1401/2621/1339 1411/2613/1342 1410/2591/1324
f 1413/2601/1335 1415/2616/1341 1403/2622/1340 1402/2602/1336
f 1411/2623/1342 1415/2624/1341 1414/2590/1332 1412/2598/1331
f 1410/2591/1324 1412/2614/1331 1405/2609/1334 1404/2592/1325
f 1407/2604/1338 1409/2612/1333 1414/2615/1332 1413/2601/1335
f 1405/2600/1334 1409/2599/1333 1408/2625/1328 1406/2626/1327
f 1404/2592/1325 1406/2610/1327 1397/2627/1330 1396/2593/1326
f 1399/2603/1337 1398/2628/1329 1408/2611/1328 1407/2604/1338
f 1423/2629/1344 1424/2630/1347 1418/2631/1348 1417/2632/1345
f 1424/2633/1347 1425/2634/1349 1419/2635/629 1418/2636/1348
f 1425/2634/1349 1426/2637/1350 1420/2638/1351 1419/2635/629
f 1426/2639/1350 1427/2640/1352 1421/2641/1353 1420/2642/1351
f 1427/2643/1352 1422/2617/1343 1416/2620/1346 1421/2644/1353
f 1428/2645/1354 1429/2646/1355 1423/2618/1344 1422/2617/1343
f 1429/2647/1355 1430/2648/1356 1424/2630/1347 1423/2629/1344
f 1430/2649/1356 1431/2650/1357 1425/2634/1349 1424/2633/1347
f 1431/2650/1357 1432/2651/1358 1426/2637/1350 1425/2634/1349
f 1432/2652/1358 1433/2653/1359 1427/2640/1352 1426/2639/1350
f 1433/2654/1359 1428/2645/1354 1422/2617/1343 1427/2643/1352
f 1434/2655/559 1435/2656/1360 1429/2657/1355 1428/2658/1354
f 1435/2659/1360 1436/2660/1361 1430/2648/1356 1429/2647/1355
f 1436/2661/1361 1437/2662/632 1431/2663/1357 1430/2664/1356
f 1437/2662/632 1438/2665/1362 1432/2666/1358 1431/2663/1357
f 1438/2667/1362 1439/2668/1363 1433/2653/1359 1432/2652/1358
f 1439/2669/1363 1434/2655/559 1428/2658/1354 1433/2670/1359
f 1440/2671/1364 1441/2672/1365 1435/2656/1360 1434/2655/559
f 1441/2673/1365 1442/2674/1366 1436/2660/1361 1435/2659/1360
f 1442/2675/1366 1443/2676/1367 1437/2662/632 1436/2661/1361
f 1443/2676/1367 1444/2677/1368 1438/2665/1362 1437/2662/632
f 1444/2678/1368 1445/2679/1369 1439/2668/1363 1438/2667/1362
f 1445/2680/1369 1440/2671/1364 1434/2655/559 1439/2669/1363
f 1446/2681/1370 1447/2682/1371 1441/2683/1365 1440/2684/1364
f 1447/2685/1371 1448/2686/1372 1442/2674/1366 1441/2673/1365
f 1448/2687/1372 1449/2688/1373 1443/2689/1367 1442/2690/1366
f 1449/2688/1373 1450/2691/1374 1444/2692/1368 1443/2689/1367
f 1450/2693/1374 1451/2694/1375 1445/2679/1369 1444/2678/1368
f 1451/2695/1375 1446/2681/1370 1440/2684/1364 1445/2696/1369
f 1452/2697/629 1453/2698/1376 1447/2682/1371 1446/2681/1370
f 1453/2699/1376 1454/2700/1377 1448/2686/1372 1447/2685/1371
f 1454/2701/1377 1455/2702/1346 1449/2688/1373 1448/2687/1372
f 1455/2702/1346 1456/2703/1378 1450/2691/1374 1449/2688/1373
f 1456/2704/1378 1457/2705/1379 1451/2694/1375 1450/2693/1374
f 1457/2706/1379 1452/2697/629 1446/2681/1370 1451/2695/1375
f 1458/2707/1380 1459/2708/1381 1453/2698/1376 1452/2697/629
f 1459/2709/1381 1460/2710/1382 1454/2700/1377 1453/2699/1376
f 1460/2711/1382 1461/2712/1383 1455/2702/1346 1454/2701/1377
f 1461/2712/1383 1462/2713/1384 1456/2703/1378 1455/2702/1346
f 1462/2714/1384 1463/2715/1385 1457/2705/1379 1456/2704/1378
f 1463/2716/1385 1458/2707/1380 1452/2697/629 1457/2706/1379
f 1464/2717/1386 1465/2718/1387 1459/2708/1381 1458/2707/1380
f 1465/2719/1387 1466/2720/1388 1460/2710/1382 1459/2709/1381
f 1466/2721/1388 1467/2722/1389 1461/2712/1383 1460/2711/1382
f 1467/2722/1389 1468/2723/1390 1462/2713/1384 1461/2712/1383
f 1468/2724/1390 1469/2725/1391 1463/2715/1385 1462/2714/1384
f 1469/2726/1391 1464/2717/1386 1458/2707/1380 1463/2716/1385
f 1470/2727/632 1471/2728/1392 1465/2729/1387 1464/2730/1386
f 1471/2731/1392 1472/2732/1393 1466/2720/1388 1465/2719/1387
f 1472/2733/1393 1473/2734/559 1467/2735/1389 1466/2736/1388
f 1473/2734/559 1474/2737/1394 1468/2738/1390 1467/2735/1389
f 1474/2739/1394 1475/2740/1395 1469/2725/1391 1468/2724/1390
f 1475/2741/1395 1470/2727/632 1464/2730/1386 1469/2742/1391
f 1476/2743/1396 1477/2744/1397 1471/2728/1392 1470/2727/632
f 1477/2745/1397 1478/2746/1398 1472/2732/1393 1471/2731/1392
f 1478/2747/1398 1479/2748/1399 1473/2734/559 1472/2733/1393
f 1479/2748/1399 1480/2749/1400 1474/2737/1394 1473/2734/559
f 1480/2750/1400 1481/2751/1401 1475/2740/1395 1474/2739/1394
f 1481/2752/1401 1476/2743/1396 1470/2727/632 1475/2741/1395
f 1482/2753/1402 1483/2754/1403 1477/2755/1397 1476/2756/1396
f 1483/2757/1403 1484/2758/1404 1478/2746/1398 1477/2745/1397
f 1484/2759/1404 1485/2760/1405 1479/2761/1399 1478/2762/1398
f 1485/2760/1405 1486/2763/1406 1480/2764/1400 1479/2761/1399
f 1486/2765/1406 1487/2766/1407 1481/2751/1401 1480/2750/1400
f 1487/2767/1407 1482/2753/1402 1476/2756/1396 1481/2768/1401
f 1416/2620/1346 1417/2619/1345 1483/2754/1403 1482/2753/1402
f 1417/2632/1345 1418/2631/1348 1484/2758/1404 1483/2757/1403
f 1418/2636/1348 1419/2635/629 1485/2760/1405 1484/2759/1404
f 1419/2635/629 1420/2638/1351 1486/2763/1406 1485/2760/1405
f 1420/2642/1351 1421/2641/1353 1487/2766/1407 1486/2765/1406
f 1421/2644/1353 1416/2620/1346 1482/2753/1402 1487/2767/1407
usemtl ostre_pale
f 873/1736/653 882/1737/654 883/1738/655 874/1739/656
f 883/1738/655 884/1740/657 875/1741/658 874/1739/656
f 884/1742/657 885/1743/659 876/1744/660 875/1745/658
f 885/1743/659 886/1746/661 877/1747/662 876/1744/660
f 886/1748/661 887/1749/663 878/1750/664 877/1751/662
f 887/1749/663 888/1752/665 879/1753/666 878/1750/664
f 888/1752/665 889/1754/667 880/1755/668 879/1753/666
f 883/1756/669 882/1757/670 881/1758/671
f 882/1757/654 873/1759/653 880/1760/668 889/1761/667
f 884/1740/672 883/1738/669 881/1762/671
f 885/1743/673 884/1742/672 881/1763/671
f 886/1746/674 885/1743/673 881/1763/671
f 887/1749/675 886/1748/674 881/1764/671
f 888/1752/676 887/1749/675 881/1764/671
f 889/1754/677 888/1752/676 881/1764/671
f 899/1765/678 906/1766/679 898/1767/680
f 890/1768/681 899/1765/682 900/1769/683 891/1770/684
f 900/1771/683 901/1772/685 892/1773/686 891/1774/684
f 901/1772/685 902/1775/687 893/1776/688 892/1773/686
f 902/1777/687 903/1778/689 894/1779/690 893/1780/688
f 903/1778/689 904/1781/691 895/1782/692 894/1779/690
f 904/1783/691 905/1784/693 896/1785/694 895/1786/692
f 905/1784/693 906/1787/695 897/1788/696 896/1785/694
f 900/1769/697 899/1765/678 898/1767/680
f 899/1765/682 890/1768/681 897/1789/696 906/1766/695
f 901/1772/698 900/1771/697 898/1790/680
f 902/1775/699 901/1772/698 898/1790/680
f 903/1778/700 902/1777/699 898/1791/680
f 904/1781/701 903/1778/700 898/1791/680
f 905/1784/702 904/1783/701 898/1792/680
f 906/1787/679 905/1784/702 898/1792/680
f 933/1793/703 940/1794/704 932/1795/705
f 907/1796/706 916/1797/707 917/1798/708 908/1799/709
f 917/1800/708 918/1801/710 909/1802/711 908/1803/709
f 918/1801/710 919/1804/712 910/1805/713 909/1802/711
f 919/1806/712 920/1807/714 911/1808/715 910/1809/713
f 920/1807/714 921/1810/716 912/1811/717 911/1808/715
f 921/1812/716 922/1813/718 913/1814/719 912/1815/717
f 922/1813/718 923/1816/720 914/1817/721 913/1814/719
f 917/1798/722 916/1797/723 915/1818/724
f 916/1797/707 907/1796/706 914/1819/721 923/1820/720
f 918/1801/725 917/1800/722 915/1821/724
f 919/1804/726 918/1801/725 915/1821/724
f 920/1807/727 919/1806/726 915/1822/724
f 921/1810/728 920/1807/727 915/1822/724
f 922/1813/729 921/1812/728 915/1823/724
f 923/1816/730 922/1813/729 915/1823/724
f 924/1824/731 933/1793/732 934/1825/733 925/1826/734
f 934/1827/733 935/1828/735 926/1829/736 925/1830/734
f 935/1828/735 936/1831/737 927/1832/738 926/1829/736
f 936/1833/737 937/1834/739 928/1835/740 927/1836/738
f 937/1834/739 938/1837/741 929/1838/742 928/1835/740
f 938/1839/741 939/1840/743 930/1841/744 929/1842/742
f 939/1840/743 940/1843/745 931/1844/746 930/1841/744
f 934/1825/747 933/1793/703 932/1795/705
f 933/1793/732 924/1824/731 931/1845/746 940/1794/745
f 935/1828/748 934/1827/747 932/1846/705
f 936/1831/749 935/1828/748 932/1846/705
f 937/1834/750 936/1833/749 932/1847/705
f 938/1837/751 937/1834/750 932/1847/705
f 939/1840/752 938/1839/751 932/1848/705
f 940/1843/704 939/1840/752 932/1848/705
f 916/1797/723 923/1820/730 915/1818/724
f 941/1849/753 942/1850/754 951/1851/755 950/1852/756
f 942/1850/754 943/1853/757 952/1854/758 951/1851/755
f 943/1855/757 944/1856/759 953/1857/760 952/1858/758
f 944/1856/759 945/1859/761 954/1860/762 953/1857/760
f 945/1861/761 946/1862/763 955/1863/764 954/1864/762
f 946/1862/763 947/1865/765 956/1866/766 955/1863/764
f 947/1867/765 948/1868/767 957/1869/768 956/1870/766
f 951/1851/769 949/1871/770 950/1852/771
f 941/1872/753 950/1873/756 957/1869/768 948/1868/767
f 952/1854/772 949/1871/770 951/1851/769
f 953/1857/773 949/1874/770 952/1858/772
f 954/1860/774 949/1874/770 953/1857/773
f 955/1863/775 949/1875/770 954/1864/774
f 956/1866/776 949/1875/770 955/1863/775
f 957/1869/777 949/1876/770 956/1870/776
f 958/1877/778 959/1878/779 968/1879/780 967/1880/781
f 959/1881/779 960/1882/782 969/1883/783 968/1884/780
f 960/1882/782 961/1885/784 970/1886/785 969/1883/783
f 961/1887/784 962/1888/786 971/1889/787 970/1890/785
f 962/1888/786 963/1891/788 972/1892/789 971/1889/787
f 963/1893/788 964/1894/790 973/1895/791 972/1896/789
f 964/1894/790 965/1897/792 974/1898/793 973/1895/791
f 968/1879/794 966/1899/795 967/1880/796
f 965/1900/792 958/1877/778 967/1880/781 974/1901/793
f 969/1883/797 966/1902/795 968/1884/794
f 970/1886/798 966/1902/795 969/1883/797
f 971/1889/799 966/1903/795 970/1890/798
f 972/1892/800 966/1903/795 971/1889/799
f 973/1895/801 966/1904/795 972/1896/800
f 974/1898/802 966/1904/795 973/1895/801
f 967/1880/796 966/1899/795 974/1901/802
f 976/1905/803 977/1906/804 986/1907/805 985/1908/806
f 977/1906/804 978/1909/807 987/1910/808 986/1907/805
f 978/1911/807 979/1912/809 988/1913/810 987/1914/808
f 979/1912/809 980/1915/811 989/1916/812 988/1913/810
f 980/1917/811 981/1918/813 990/1919/814 989/1920/812
f 981/1918/813 982/1921/815 991/1922/816 990/1919/814
f 985/1923/817 983/1924/818 984/1925/819
f 982/1926/815 975/1927/820 984/1925/821 991/1928/816
f 986/1907/822 983/1929/818 985/1908/817
f 987/1910/823 983/1929/818 986/1907/822
f 988/1913/824 983/1930/818 987/1914/823
f 989/1916/825 983/1930/818 988/1913/824
f 990/1919/826 983/1931/818 989/1920/825
f 991/1922/827 983/1931/818 990/1919/826
f 984/1925/819 983/1924/818 991/1928/827
f 992/1932/828 993/1933/829 1002/1934/830 1001/1935/831
f 993/1936/829 994/1937/832 1003/1938/833 1002/1939/830
f 994/1937/832 995/1940/834 1004/1941/835 1003/1938/833
f 995/1942/834 996/1943/836 1005/1944/837 1004/1945/835
f 996/1943/836 997/1946/838 1006/1947/839 1005/1944/837
f 997/1948/838 998/1949/840 1007/1950/841 1006/1951/839
f 998/1949/840 999/1952/842 1008/1953/843 1007/1950/841
f 1002/1934/844 1000/1954/845 1001/1935/846
f 999/1955/842 992/1932/828 1001/1935/831 1008/1956/843
f 1003/1938/847 1000/1957/845 1002/1939/844
f 1004/1941/848 1000/1957/845 1003/1938/847
f 1005/1944/849 1000/1958/845 1004/1945/848
f 1006/1947/850 1000/1958/845 1005/1944/849
f 1007/1950/851 1000/1959/845 1006/1951/850
f 1008/1953/852 1000/1959/845 1007/1950/851
f 1001/1935/846 1000/1954/845 1008/1956/852
f 1009/1960/853 1018/1961/854 1019/1962/855 1010/1963/856
f 1019/1962/855 1020/1964/857 1011/1965/858 1010/1963/856
f 1020/1966/857 1021/1967/859 1012/1968/860 1011/1969/858
f 1021/1967/859 1022/1970/861 1013/1971/862 1012/1968/860
f 1022/1972/861 1023/1973/863 1014/1974/864 1013/1975/862
f 1023/1973/863 1024/1976/865 1015/1977/866 1014/1974/864
f 1024/1976/865 1025/1978/867 1016/1979/868 1015/1977/866
f 1019/1980/869 1018/1981/870 1017/1982/871
f 1018/1981/854 1009/1983/853 1016/1984/868 1025/1985/867
f 1020/1964/872 1019/1962/869 1017/1986/871
f 1021/1967/873 1020/1966/872 1017/1987/871
f 1022/1970/874 1021/1967/873 1017/1987/871
f 1023/1973/875 1022/1972/874 1017/1988/871
f 1024/1976/876 1023/1973/875 1017/1988/871
f 1025/1978/877 1024/1976/876 1017/1988/871
f 1026/1989/681 1035/1990/682 1036/1991/683 1027/1992/684
f 1036/1993/683 1037/1994/685 1028/1995/686 1027/1996/684
f 1037/1994/685 1038/1997/687 1029/1998/688 1028/1995/686
f 1038/1999/687 1039/2000/689 1030/2001/690 1029/2002/688
f 1039/2000/689 1040/2003/691 1031/2004/692 1030/2001/690
f 1040/2005/691 1041/2006/693 1032/2007/694 1031/2008/692
f 1041/2006/693 1042/2009/695 1033/2010/696 1032/2007/694
f 1036/1991/697 1035/1990/678 1034/2011/680
f 1035/1990/682 1026/1989/681 1033/2012/696 1042/2013/695
f 1037/1994/698 1036/1993/697 1034/2014/680
f 1038/1997/699 1037/1994/698 1034/2014/680
f 1039/2000/700 1038/1999/699 1034/2015/680
f 1040/2003/701 1039/2000/700 1034/2015/680
f 1041/2006/702 1040/2005/701 1034/2016/680
f 1042/2009/679 1041/2006/702 1034/2016/680
f 1053/2017/878 1054/2018/879 1045/2019/880 1044/2020/881
f 1054/2018/879 1055/2021/882 1046/2022/883 1045/2019/880
f 1055/2023/882 1056/2024/884 1047/2025/885 1046/2026/883
f 1056/2024/884 1057/2027/886 1048/2028/887 1047/2025/885
f 1057/2029/886 1058/2030/888 1049/2031/889 1048/2032/887
f 1058/2030/888 1059/2033/890 1050/2034/891 1049/2031/889
f 1053/2035/892 1052/2036/893 1051/2037/724
f 1050/2038/891 1059/2039/890 1052/2036/894 1043/2040/895
f 1054/2018/896 1053/2017/892 1051/2041/724
f 1055/2021/897 1054/2018/896 1051/2041/724
f 1056/2024/898 1055/2023/897 1051/2042/724
f 1057/2027/899 1056/2024/898 1051/2042/724
f 1058/2030/900 1057/2029/899 1051/2043/724
f 1059/2033/901 1058/2030/900 1051/2043/724
f 1052/2036/893 1059/2039/901 1051/2037/724
f 1153/2044/902 1161/2045/903 1154/2046/904
f 1070/2047/905 1071/2048/906 1062/2049/907 1061/2050/908
f 1071/2048/906 1072/2051/909 1063/2052/910 1062/2049/907
f 1072/2053/909 1073/2054/911 1064/2055/912 1063/2056/910
f 1073/2054/911 1074/2057/913 1065/2058/914 1064/2055/912
f 1074/2059/913 1075/2060/915 1066/2061/916 1065/2062/914
f 1075/2060/915 1076/2063/917 1067/2064/918 1066/2061/916
f 1070/2065/919 1069/2066/920 1068/2067/921
f 1067/2068/918 1076/2069/917 1069/2066/922 1060/2070/923
f 1071/2048/924 1070/2047/919 1068/2071/921
f 1072/2051/925 1071/2048/924 1068/2071/921
f 1073/2054/926 1072/2053/925 1068/2072/921
f 1074/2057/927 1073/2054/926 1068/2072/921
f 1075/2060/928 1074/2059/927 1068/2073/921
f 1076/2063/929 1075/2060/928 1068/2073/921
f 1069/2066/920 1076/2069/929 1068/2067/921
f 1052/2036/894 1053/2035/878 1044/2074/881 1043/2040/895
f 1077/2075/930 1078/2076/931 1087/2077/932 1086/2078/933
f 1078/2076/931 1079/2079/934 1088/2080/935 1087/2077/932
f 1079/2081/934 1080/2082/936 1089/2083/937 1088/2084/935
f 1080/2082/936 1081/2085/938 1090/2086/939 1089/2083/937
f 1081/2087/938 1082/2088/940 1091/2089/941 1090/2090/939
f 1082/2088/940 1083/2091/942 1092/2092/943 1091/2089/941
f 1083/2093/942 1084/2094/944 1093/2095/945 1092/2096/943
f 1087/2077/946 1085/2097/947 1086/2078/948
f 1077/2098/930 1086/2099/933 1093/2095/945 1084/2094/944
f 1088/2080/949 1085/2097/947 1087/2077/946
f 1089/2083/950 1085/2100/947 1088/2084/949
f 1090/2086/951 1085/2100/947 1089/2083/950
f 1091/2089/952 1085/2101/947 1090/2090/951
f 1092/2092/953 1085/2101/947 1091/2089/952
f 1093/2095/954 1085/2102/947 1092/2096/953
f 949/1876/770 957/1869/777 950/1873/771
f 1094/2103/955 1095/2104/956 1104/2105/957 1103/2106/958
f 1095/2107/956 1096/2108/959 1105/2109/960 1104/2110/957
f 1096/2111/959 1097/2112/961 1106/2113/962 1105/2114/960
f 1097/2112/961 1098/2115/963 1107/2116/964 1106/2113/962
f 1098/2115/963 1099/2117/965 1108/2118/966 1107/2116/964
f 1099/2119/965 1100/2120/967 1109/2121/968 1108/2122/966
f 1100/2123/967 1101/2124/969 1110/2125/970 1109/2126/968
f 1104/2105/971 1102/2127/795 1103/2106/972
f 1094/2103/955 1103/2106/958 1110/2125/970 1101/2124/969
f 1105/2109/973 1102/2128/795 1104/2110/971
f 1106/2113/974 1102/2129/795 1105/2114/973
f 1107/2116/975 1102/2129/795 1106/2113/974
f 1108/2122/976 1102/2130/795 1107/2131/975
f 1109/2121/977 1102/2130/795 1108/2122/976
f 1110/2125/978 1102/2127/795 1109/2126/977
f 1112/2132/803 1113/2133/804 1122/2134/805 1121/2135/806
f 1113/2133/804 1114/2136/807 1123/2137/808 1122/2134/805
f 1114/2138/807 1115/2139/809 1124/2140/810 1123/2141/808
f 1115/2139/809 1116/2142/811 1125/2143/812 1124/2140/810
f 1116/2144/811 1117/2145/813 1126/2146/814 1125/2147/812
f 1117/2145/813 1118/2148/815 1127/2149/816 1126/2146/814
f 1121/2150/817 1119/2151/818 1120/2152/819
f 1118/2153/815 1111/2154/820 1120/2152/821 1127/2155/816
f 1122/2134/822 1119/2156/818 1121/2135/817
f 1123/2137/823 1119/2156/818 1122/2134/822
f 1124/2140/824 1119/2157/818 1123/2141/823
f 1125/2143/825 1119/2157/818 1124/2140/824
f 1126/2146/826 1119/2158/818 1125/2147/825
f 1127/2149/827 1119/2158/818 1126/2146/826
f 1120/2152/819 1119/2151/818 1127/2155/827
f 1102/2127/795 1110/2125/978 1103/2106/972
f 1128/2159/979 1129/2160/980 1138/2161/981 1137/2162/982
f 1129/2160/980 1130/2163/983 1139/2164/984 1138/2161/981
f 1130/2165/983 1131/2166/985 1140/2167/986 1139/2168/984
f 1131/2166/985 1132/2169/987 1141/2170/988 1140/2167/986
f 1132/2169/987 1133/2171/989 1142/2172/990 1141/2170/988
f 1133/2173/989 1134/2174/991 1143/2175/992 1142/2176/990
f 1134/2177/991 1135/2178/993 1144/2179/994 1143/2180/992
f 1138/2181/995 1136/2182/845 1137/2183/996
f 1128/2184/979 1137/2183/982 1144/2179/994 1135/2178/993
f 1139/2164/997 1136/2185/845 1138/2161/995
f 1140/2167/998 1136/2186/845 1139/2168/997
f 1141/2170/999 1136/2186/845 1140/2167/998
f 1142/2176/1000 1136/2187/845 1141/2188/999
f 1143/2175/1001 1136/2187/845 1142/2176/1000
f 1144/2179/1002 1136/2182/845 1143/2180/1001
f 1111/2154/820 1112/2189/803 1121/2150/806 1120/2152/821
f 1145/2190/1003 1146/2191/1004 1155/2192/1005 1154/2193/1006
f 1146/2191/1004 1147/2194/1007 1156/2195/1008 1155/2192/1005
f 1147/2196/1007 1148/2197/1009 1157/2198/1010 1156/2199/1008
f 1148/2197/1009 1149/2200/1011 1158/2201/1012 1157/2198/1010
f 1149/2202/1011 1150/2203/1013 1159/2204/1014 1158/2205/1012
f 1150/2203/1013 1151/2206/1015 1160/2207/1016 1159/2204/1014
f 1151/2208/1015 1152/2209/1017 1161/2045/1018 1160/2210/1016
f 1155/2192/1019 1153/2211/902 1154/2193/904
f 1145/2212/1003 1154/2046/1006 1161/2045/1018 1152/2209/1017
f 1156/2199/1020 1153/2213/902 1155/2214/1019
f 1157/2198/1021 1153/2213/902 1156/2199/1020
f 1158/2201/1022 1153/2213/902 1157/2198/1021
f 1159/2204/1023 1153/2215/902 1158/2205/1022
f 1160/2207/1024 1153/2215/902 1159/2204/1023
f 1161/2045/903 1153/2044/902 1160/2210/1024
f 1170/2216/1025 1178/2217/1026 1171/2218/1027
f 1162/2219/1028 1163/2220/1029 1172/2221/1030 1171/2222/1031
f 1163/2220/1029 1164/2223/1032 1173/2224/1033 1172/2221/1030
f 1164/2225/1032 1165/2226/1034 1174/2227/1035 1173/2228/1033
f 1165/2226/1034 1166/2229/1036 1175/2230/1037 1174/2227/1035
f 1166/2231/1036 1167/2232/1038 1176/2233/1039 1175/2234/1037
f 1167/2232/1038 1168/2235/1040 1177/2236/1041 1176/2233/1039
f 1168/2237/1040 1169/2238/1042 1178/2217/1043 1177/2239/1041
f 1172/2221/1044 1170/2240/1025 1171/2222/1027
f 1162/2241/1028 1171/2218/1031 1178/2217/1043 1169/2238/1042
f 1173/2224/1045 1170/2240/1025 1172/2221/1044
f 1174/2227/1046 1170/2242/1025 1173/2228/1045
f 1175/2230/1047 1170/2242/1025 1174/2227/1046
f 1176/2233/1048 1170/2243/1025 1175/2234/1047
f 1177/2236/1049 1170/2243/1025 1176/2233/1048
f 1178/2217/1026 1170/2216/1025 1177/2239/1049
f 1179/2244/1050 1180/2245/1051 1190/2246/1052 1189/2247/1053
f 1180/2245/1051 1181/2248/1054 1191/2249/1055 1190/2246/1052
f 1183/2250/1056 1184/2251/1057 1194/2252/1058 1193/2253/1059
f 1181/2248/1054 1182/2254/1060 1192/2255/1061 1191/2249/1055
f 1182/2256/1060 1183/2250/1056 1193/2253/1059 1192/2257/1061
f 1184/2251/1057 1185/2258/1062 1195/2259/1063 1194/2252/1058
f 1185/2260/1062 1186/2261/1064 1196/2262/1065 1195/2263/1063
f 1186/2264/1064 1187/2265/1066 1197/2266/1067 1196/2267/1065
f 1190/2268/1052 1188/2269/1068 1189/2270/1053
f 1187/2265/1066 1179/2271/1050 1189/2270/1053 1197/2266/1067
f 1191/2249/1055 1188/2272/1068 1190/2246/1052
f 1193/2253/1059 1188/2273/1068 1191/2274/1055 1192/2257/1061
f 1194/2252/1058 1188/2273/1068 1193/2253/1059
f 1195/2263/1063 1188/2275/1068 1194/2276/1058
f 1196/2262/1065 1188/2275/1068 1195/2263/1063
f 1197/2266/1067 1188/2269/1068 1196/2267/1065
f 1189/2270/1053 1188/2269/1068 1197/2266/1067
f 1199/2277/1069 1200/2278/1070 1209/2279/1071 1208/2280/1072
f 1200/2281/1070 1201/2282/1073 1210/2283/1074 1209/2284/1071
f 1201/2282/1073 1202/2285/1075 1211/2286/1076 1210/2283/1074
f 1202/2285/1075 1203/2287/1077 1212/2288/1078 1211/2286/1076
f 1203/2289/1077 1204/2290/1079 1213/2291/1080 1212/2292/1078
f 1204/2293/1079 1205/2294/1081 1214/2295/1082 1213/2296/1080
f 1208/2297/1083 1206/2298/1084 1207/2299/1085
f 1205/2294/1081 1198/2300/1086 1207/2299/1087 1214/2295/1082
f 1209/2279/1088 1206/2301/1084 1208/2280/1083
f 1210/2283/1089 1206/2302/1084 1209/2284/1088
f 1211/2286/1090 1206/2302/1084 1210/2283/1089
f 1212/2292/1091 1206/2303/1084 1211/2304/1090
f 1213/2291/1092 1206/2303/1084 1212/2292/1091
f 1214/2295/1093 1206/2298/1084 1213/2296/1092
f 1207/2299/1085 1206/2298/1084 1214/2295/1093
f 1215/2305/1094 1216/2306/1095 1225/2307/1096 1224/2308/1097
f 1216/2306/1095 1217/2309/1098 1226/2310/1099 1225/2307/1096
f 1217/2311/1098 1218/2312/1100 1227/2313/1101 1226/2314/1099
f 1218/2312/1100 1219/2315/1102 1228/2316/1103 1227/2313/1101
f 1219/2317/1102 1220/2318/1104 1229/2319/1105 1228/2320/1103
f 1220/2318/1104 1221/2321/1106 1230/2322/1107 1229/2319/1105
f 1221/2323/1106 1222/2324/1108 1231/2325/1109 1230/2326/1107
f 1225/2307/1110 1223/2327/1111 1224/2308/1112
f 1215/2328/1094 1224/2329/1097 1231/2325/1109 1222/2324/1108
f 1226/2310/1113 1223/2327/1111 1225/2307/1110
f 1227/2313/1114 1223/2330/1111 1226/2314/1113
f 1228/2316/1115 1223/2330/1111 1227/2313/1114
f 1229/2319/1116 1223/2331/1111 1228/2320/1115
f 1230/2322/1117 1223/2331/1111 1229/2319/1116
f 1231/2325/1118 1223/2332/1111 1230/2326/1117
f 1233/2333/1119 1234/2334/1120 1243/2335/1121 1242/2336/1122
f 1234/2334/1120 1235/2337/1123 1244/2338/1124 1243/2335/1121
f 1235/2339/1123 1236/2340/1125 1245/2341/1126 1244/2342/1124
f 1236/2340/1125 1237/2343/1127 1246/2344/1128 1245/2341/1126
f 1237/2345/1127 1238/2346/1129 1247/2347/1130 1246/2348/1128
f 1238/2346/1129 1239/2349/1131 1248/2350/1132 1247/2347/1130
f 1242/2351/1133 1240/2352/1134 1241/2353/1135
f 1239/2354/1131 1232/2355/1136 1241/2353/1137 1248/2356/1132
f 1243/2335/1138 1240/2357/1134 1242/2336/1133
f 1244/2338/1139 1240/2357/1134 1243/2335/1138
f 1245/2341/1140 1240/2358/1134 1244/2342/1139
f 1246/2348/1141 1240/2359/1134 1245/2360/1140
f 1247/2347/1142 1240/2359/1134 1246/2348/1141
f 1248/2350/1143 1240/2359/1134 1247/2347/1142
f 1241/2353/1135 1240/2352/1134 1248/2356/1143
f 1257/2361/1144 1265/2362/1145 1258/2363/1146
f 1249/2364/1147 1250/2365/1148 1259/2366/1149 1258/2367/1150
f 1250/2365/1148 1251/2368/1151 1260/2369/1152 1259/2366/1149
f 1251/2370/1151 1252/2371/1153 1261/2372/1154 1260/2373/1152
f 1252/2371/1153 1253/2374/1155 1262/2375/1156 1261/2372/1154
f 1253/2376/1155 1254/2377/1157 1263/2378/1158 1262/2379/1156
f 1254/2377/1157 1255/2380/1159 1264/2381/1160 1263/2378/1158
f 1255/2382/1159 1256/2383/1161 1265/2362/1162 1264/2384/1160
f 1259/2366/1163 1257/2385/1144 1258/2367/1146
f 1249/2386/1147 1258/2363/1150 1265/2362/1162 1256/2383/1161
f 1260/2369/1164 1257/2385/1144 1259/2366/1163
f 1261/2372/1165 1257/2387/1144 1260/2373/1164
f 1262/2375/1166 1257/2387/1144 1261/2372/1165
f 1263/2378/1167 1257/2388/1144 1262/2379/1166
f 1264/2381/1168 1257/2388/1144 1263/2378/1167
f 1265/2362/1145 1257/2361/1144 1264/2384/1168
f 1274/2389/1169 1282/2390/1170 1275/2391/1171
f 1266/2392/1172 1267/2393/1173 1276/2394/1174 1275/2395/1175
f 1267/2393/1173 1268/2396/1176 1277/2397/1177 1276/2394/1174
f 1268/2398/1176 1269/2399/1178 1278/2400/1179 1277/2401/1177
f 1269/2399/1178 1270/2402/1180 1279/2403/1181 1278/2400/1179
f 1270/2404/1180 1271/2405/1182 1280/2406/1183 1279/2407/1181
f 1271/2405/1182 1272/2408/1184 1281/2409/1185 1280/2406/1183
f 1272/2410/1184 1273/2411/1186 1282/2390/1187 1281/2412/1185
f 1276/2394/1188 1274/2413/1169 1275/2395/1171
f 1266/2414/1172 1275/2391/1175 1282/2390/1187 1273/2411/1186
f 1277/2397/1189 1274/2413/1169 1276/2394/1188
f 1278/2400/1190 1274/2415/1169 1277/2401/1189
f 1279/2403/1191 1274/2415/1169 1278/2400/1190
f 1280/2406/1192 1274/2416/1169 1279/2407/1191
f 1281/2409/1193 1274/2416/1169 1280/2406/1192
f 1282/2390/1170 1274/2389/1169 1281/2412/1193
f 1293/2417/1194 1294/2418/1195 1285/2419/1196 1284/2420/1197
f 1294/2418/1195 1295/2421/1198 1286/2422/1199 1285/2419/1196
f 1295/2423/1198 1296/2424/1200 1287/2425/1201 1286/2426/1199
f 1296/2424/1200 1297/2427/1202 1288/2428/1203 1287/2425/1201
f 1297/2429/1202 1298/2430/1204 1289/2431/1205 1288/2432/1203
f 1298/2430/1204 1299/2433/1206 1290/2434/1207 1289/2431/1205
f 1293/2435/1208 1292/2436/1209 1291/2437/1210
f 1290/2438/1207 1299/2439/1206 1292/2436/1211 1283/2440/1212
f 1294/2418/1213 1293/2417/1208 1291/2441/1210
f 1295/2423/1214 1294/2442/1213 1291/2443/1210
f 1296/2424/1215 1295/2423/1214 1291/2443/1210
f 1297/2427/1216 1296/2424/1215 1291/2443/1210
f 1298/2430/1217 1297/2429/1216 1291/2444/1210
f 1299/2433/1218 1298/2430/1217 1291/2444/1210
f 1292/2436/1209 1299/2439/1218 1291/2437/1210
f 1326/2445/1219 1327/2446/1220 1318/2447/1221 1317/2448/1222
f 1300/2449/1223 1309/2450/1224 1310/2451/1225 1301/2452/1226
f 1310/2451/1225 1311/2453/1227 1302/2454/1228 1301/2452/1226
f 1311/2455/1227 1312/2456/1229 1303/2457/1230 1302/2458/1228
f 1312/2456/1229 1313/2459/1231 1304/2460/1232 1303/2457/1230
f 1313/2461/1231 1314/2462/1233 1305/2463/1234 1304/2464/1232
f 1314/2462/1233 1315/2465/1235 1306/2466/1236 1305/2463/1234
f 1315/2467/1235 1316/2468/1237 1307/2469/1238 1306/2470/1236
f 1310/2451/1239 1309/2450/1240 1308/2471/1241
f 1309/2472/1224 1300/2473/1223 1307/2469/1238 1316/2468/1237
f 1311/2453/1242 1310/2451/1239 1308/2471/1241
f 1312/2456/1243 1311/2455/1242 1308/2474/1241
f 1313/2459/1244 1312/2456/1243 1308/2474/1241
f 1314/2462/1245 1313/2461/1244 1308/2475/1241
f 1315/2465/1246 1314/2462/1245 1308/2475/1241
f 1316/2468/1247 1315/2467/1246 1308/2476/1241
f 1223/2332/1111 1231/2325/1118 1224/2329/1112
f 1327/2477/1220 1328/2478/1248 1319/2479/1249 1318/2480/1221
f 1328/2478/1248 1329/2481/1250 1320/2482/1251 1319/2479/1249
f 1329/2483/1250 1330/2484/1252 1321/2485/1253 1320/2486/1251
f 1330/2484/1252 1331/2487/1254 1322/2488/1255 1321/2485/1253
f 1331/2489/1254 1332/2490/1256 1323/2491/1257 1322/2492/1255
f 1332/2490/1256 1333/2493/1258 1324/2494/1259 1323/2491/1257
f 1327/2446/1220 1326/2445/1219 1325/2495/1260
f 1324/2496/1259 1333/2497/1258 1326/2445/1219 1317/2448/1222
f 1328/2478/1248 1327/2477/1220 1325/2498/1260
f 1329/2481/1250 1328/2478/1248 1325/2498/1260
f 1330/2484/1252 1329/2483/1250 1325/2499/1260
f 1331/2487/1254 1330/2484/1252 1325/2499/1260
f 1332/2490/1256 1331/2489/1254 1325/2500/1260
f 1333/2493/1258 1332/2490/1256 1325/2500/1260
f 1326/2445/1219 1333/2497/1258 1325/2495/1260
f 1309/2472/1240 1316/2468/1247 1308/2476/1241
f 1344/2501/1261 1345/2502/1262 1336/2503/1263 1335/2504/1264
f 1345/2502/1262 1346/2505/1265 1337/2506/1266 1336/2503/1263
f 1346/2507/1265 1347/2508/1267 1338/2509/1268 1337/2510/1266
f 1347/2508/1267 1348/2511/1269 1339/2512/1270 1338/2509/1268
f 1348/2513/1269 1349/2514/1271 1340/2515/1272 1339/2516/1270
f 1349/2514/1271 1350/2517/1273 1341/2518/1274 1340/2515/1272
f 1344/2519/1275 1343/2520/1276 1342/2521/1277
f 1341/2522/1274 1350/2523/1273 1343/2520/1278 1334/2524/1279
f 1345/2502/1280 1344/2501/1275 1342/2525/1277
f 1346/2505/1281 1345/2502/1280 1342/2525/1277
f 1347/2508/1282 1346/2507/1281 1342/2526/1277
f 1348/2511/1283 1347/2508/1282 1342/2526/1277
f 1349/2514/1284 1348/2513/1283 1342/2527/1277
f 1350/2517/1285 1349/2514/1284 1342/2527/1277
f 1343/2520/1276 1350/2523/1285 1342/2521/1277
f 1292/2436/1211 1293/2435/1194 1284/2528/1197 1283/2440/1212
f 882/1757/670 889/1761/677 881/1758/671
f 1018/1981/870 1025/1985/877 1017/1982/871
f 1035/1990/678 1042/2013/679 1034/2011/680
f 1069/2066/922 1070/2065/905 1061/2529/908 1060/2070/923
f 1198/2300/1086 1199/2530/1069 1208/2297/1072 1207/2299/1087
f 1136/2182/845 1144/2179/1002 1137/2183/996
f 1085/2102/947 1093/2095/954 1086/2099/948
f 975/1927/820 976/2531/803 985/1923/806 984/1925/821
f 1343/2520/1278 1344/2519/1261 1335/2532/1264 1334/2524/1279
f 1232/2355/1136 1233/2533/1119 1242/2351/1122 1241/2353/1137
usemtl podloga
f 870/1708/633 869/1709/634 856/1710/635
f 871/1711/636 872/1712/637 870/1713/633 856/1710/635
f 857/1714/638 865/1715/639 854/1716/640 872/1717/637
f 859/1718/641 858/1719/642 861/1720/643 862/1721/644
f 857/1714/638 872/1717/637 871/1711/636
f 871/1711/636 867/1722/645 868/1723/646 857/1714/638
f 869/1709/634 853/1724/647 861/1725/643 858/1726/642
f 860/1727/648 867/1722/645 866/1728/649 859/1718/641
f 863/1729/650 868/1723/646 860/1730/648 855/1731/651
f 866/1728/649 858/1719/642 859/1718/641
f 858/1726/642 866/1728/649 856/1710/635 869/1709/634
f 864/1732/652 870/1713/633 872/1712/637 854/1733/640
f 860/1730/648 868/1723/646 867/1722/645
f 855/1734/651 860/1727/648 859/1718/641 862/1721/644
f 857/1714/638 868/1723/646 863/1729/650 865/1715/639
f 867/1722/645 871/1711/636 856/1710/635 866/1728/649
f 864/1735/652 853/1724/647 869/1709/634 870/1708/633
usemtl Daszki
f 53/1/1 56/2/2 84/3/3 82/4/4
f 91/5/5 58/6/6 53/1/1 82/4/4
f 24/7/7 59/8/8 11/9/9 17/10/10
f 12/11/11 60/12/12 74/13/13 16/14/14
f 87/15/15 52/16/16 58/17/6 90/18/17
f 63/19/1 66/20/18 72/21/19 70/22/4
f 40/23/20 89/24/21 92/25/22 41/26/23
f 18/27/24 13/28/25 15/29/26 19/30/27
f 41/26/28 92/25/29 81/31/30 38/32/31
f 20/33/32 14/34/33 73/35/34 42/36/35
f 2/37/36 8/38/37 10/39/38 5/40/39
f 86/41/40 50/42/41 52/16/16 87/15/15
f 47/43/20 77/44/21 80/45/22 48/46/23
f 42/36/35 73/35/34 76/47/42 44/48/43
f 48/46/28 80/45/44 69/49/45 45/50/31
f 35/51/46 85/52/47 88/53/42 37/54/43
f 75/55/15 62/56/16 68/57/48 78/58/17
f 74/13/13 60/12/12 62/56/16 75/55/15
f 79/59/49 68/60/48 63/19/1 70/22/4
f 49/61/50 31/62/51 32/63/52 51/64/53
f 90/18/17 58/17/6 91/65/54
f 59/8/8 24/7/7 25/66/52 61/67/55
f 78/58/17 68/57/48 79/68/54
f 1/69/56 2/70/36 3/71/57
f 4/72/58 5/73/39 6/74/59
f 11/75/9 12/76/11 13/28/25
f 14/34/33 15/77/26 16/78/14
f 57/79/60 33/80/61 28/81/62 54/82/63
f 67/83/64 26/84/65 21/85/66 64/86/67
f 57/87/60 58/88/6 52/89/16 51/90/53
f 51/91/53 52/16/16 50/42/41 49/92/50
f 56/2/2 53/1/1 54/82/63 55/93/68
f 1/94/56 3/95/57 56/96/2 55/97/68
f 53/1/1 58/6/6 57/79/60 54/82/63
f 67/98/64 68/99/48 62/100/16 61/101/55
f 61/102/55 62/56/16 60/12/12 59/103/8
f 66/20/18 63/19/1 64/86/67 65/104/69
f 49/61/50 50/105/41 66/106/18 65/107/69
f 63/19/1 68/60/48 67/83/64 64/86/67
f 69/108/45 70/22/4 72/21/19 71/109/70
f 71/110/70 72/111/19 86/112/40 85/52/47
f 75/55/15 78/58/17 77/113/21 76/114/42
f 75/55/15 76/114/42 73/115/34 74/13/13
f 79/59/49 70/22/4 69/108/45 80/116/44
f 79/68/54 80/117/22 77/113/21 78/58/17
f 71/110/70 46/118/71 45/50/31 69/49/45
f 81/119/30 82/4/4 84/3/3 83/120/72
f 83/121/72 84/122/3 4/123/58 6/124/59
f 87/15/15 90/18/17 89/125/21 88/126/42
f 87/15/15 88/126/42 85/127/47 86/41/40
f 91/5/5 82/4/4 81/119/30 92/128/29
f 91/65/54 92/129/22 89/125/21 90/18/17
f 83/121/72 39/130/73 38/32/31 81/31/30
f 1/94/56 7/131/74 8/132/37 2/133/36
f 4/72/58 3/71/57 2/70/36 5/73/39
f 10/134/38 9/135/75 6/124/59 5/136/39
f 18/27/24 17/137/10 11/75/9 13/28/25
f 14/34/33 20/33/32 19/138/27 15/77/26
f 12/76/11 16/139/14 15/29/26 13/28/25
f 46/118/71 71/110/70 85/52/47 35/51/46
f 43/140/76 44/141/43 76/142/42 77/143/21 47/144/20
f 61/101/55 25/145/77 23/146/78 67/98/64
f 39/130/73 83/121/72 6/124/59 9/135/75
f 36/147/76 37/148/43 88/149/42 89/150/21 40/151/20
f 51/90/53 32/152/77 30/153/79 57/87/60
f 29/154/80 55/97/68 54/155/63 28/156/62
f 57/157/60 30/158/79 34/159/81
f 57/157/60 34/159/81 33/160/82
f 55/97/68 29/154/80 7/131/74 1/94/56
f 22/161/80 65/107/69 64/162/67 21/163/66
f 67/164/64 23/165/78 27/166/83
f 67/164/64 27/166/83 26/167/84
f 65/107/69 22/161/80 31/62/51 49/61/50
f 72/168/19 66/169/18 50/42/41 86/41/40
f 84/170/3 56/171/2 3/71/57 4/72/58
f 59/8/8 60/172/12 12/173/11 11/9/9
f 14/174/33 16/14/14 74/13/13 73/115/34
f 243/175/85 244/176/86 241/177/87 242/178/88
f 145/179/89 148/180/90 176/181/91 174/182/92
f 183/183/93 150/184/94 145/179/89 174/182/92
f 116/185/95 151/186/96 103/187/97 109/188/98
f 104/189/99 152/190/100 166/191/101 108/192/102
f 179/193/103 144/194/104 150/195/94 182/196/105
f 155/197/89 158/198/106 164/199/107 162/200/92
f 132/201/108 181/202/109 184/203/110 133/204/111
f 110/205/112 105/206/113 107/207/114 111/208/115
f 133/204/116 184/203/117 173/209/118 130/210/119
f 112/211/120 106/212/121 165/213/122 134/214/123
f 94/215/124 100/216/125 102/217/126 97/218/127
f 178/219/128 142/220/129 144/194/104 179/193/103
f 139/221/108 169/222/130 172/223/110 140/224/111
f 134/214/123 165/213/122 168/225/131 136/226/132
f 140/224/116 172/223/133 161/227/118 137/228/134
f 127/229/135 177/230/136 180/231/137 129/232/132
f 167/233/103 154/234/104 160/235/138 170/236/139
f 166/191/101 152/190/100 154/234/104 167/233/103
f 171/237/140 160/238/138 155/197/89 162/200/92
f 141/239/141 123/240/142 124/241/143 143/242/144
f 182/243/105 150/244/94 183/245/145
f 151/186/96 116/185/95 117/246/143 153/247/146
f 170/248/139 160/249/138 171/250/147
f 93/251/148 94/252/124 95/253/149
f 96/254/150 97/255/127 98/256/151
f 103/257/97 104/258/99 105/206/113
f 106/259/121 107/207/114 108/260/102
f 149/261/152 125/262/153 120/263/154 146/264/155
f 159/265/156 118/266/157 113/267/158 156/268/159
f 149/269/152 150/270/94 144/271/104 143/272/144
f 143/242/144 144/273/104 142/274/129 141/239/141
f 148/180/90 145/179/89 146/264/155 147/275/160
f 93/251/148 95/253/149 148/276/90 147/277/160
f 145/179/89 150/184/94 149/261/152 146/264/155
f 159/278/156 160/279/138 154/280/104 153/281/146
f 153/247/146 154/282/104 152/283/100 151/186/96
f 158/198/106 155/197/89 156/268/159 157/284/161
f 141/239/141 142/274/129 158/285/106 157/286/161
f 155/197/89 160/238/138 159/265/156 156/268/159
f 161/287/118 162/200/92 164/199/107 163/288/162
f 163/289/162 164/290/107 178/219/128 177/291/136
f 167/233/103 170/236/139 169/292/130 168/293/131
f 167/233/103 168/293/131 165/294/122 166/191/101
f 171/237/140 162/200/92 161/287/118 172/295/133
f 171/296/147 172/297/110 169/292/130 170/236/139
f 163/298/162 138/299/163 137/228/134 161/227/118
f 173/300/118 174/182/92 176/181/91 175/301/164
f 175/302/164 176/303/91 96/254/150 98/256/151
f 179/193/103 182/196/105 181/304/109 180/305/137
f 179/193/103 180/305/137 177/291/136 178/219/128
f 183/183/93 174/182/92 173/300/118 184/306/117
f 183/307/145 184/308/110 181/304/109 182/196/105
f 175/309/164 131/310/165 130/210/119 173/209/118
f 93/251/148 99/311/166 100/312/125 94/252/124
f 96/254/150 95/313/149 94/314/124 97/255/127
f 102/315/126 101/316/167 98/256/151 97/255/127
f 110/205/112 109/317/98 103/257/97 105/206/113
f 106/212/121 112/211/120 111/318/115 107/319/114
f 104/258/99 108/260/102 107/207/114 105/206/113
f 138/299/163 163/298/162 177/230/136 127/229/135
f 135/320/168 136/321/132 168/293/131 169/292/130 139/322/108
f 153/247/146 117/246/169 115/323/170 159/324/156
f 131/310/165 175/309/164 98/325/151 101/326/167
f 128/327/168 129/328/132 180/305/137 181/304/109 132/329/108
f 143/242/144 124/241/169 122/330/171 149/331/152
f 121/332/172 147/277/160 146/333/155 120/334/154
f 149/331/152 122/330/171 126/335/173
f 149/331/152 126/335/173 125/336/174
f 147/277/160 121/332/172 99/311/166 93/251/148
f 114/337/172 157/286/161 156/338/159 113/339/158
f 159/324/156 115/323/170 119/340/175
f 159/324/156 119/340/175 118/341/174
f 157/286/161 114/337/172 123/240/142 141/239/141
f 164/290/107 158/342/106 142/220/129 178/219/128
f 176/303/91 148/343/90 95/313/149 96/254/150
f 151/186/96 152/283/100 104/344/99 103/187/97
f 106/345/121 108/192/102 166/191/101 165/294/122
f 235/346/176 264/347/177 188/348/178 186/349/179
f 208/350/180 202/351/181 195/352/182 241/177/87
f 197/353/183 199/354/184 256/355/185 242/356/88
f 273/357/186 239/358/187 233/359/188 267/360/189
f 247/361/190 253/362/191 252/363/192 245/364/193
f 224/365/194 274/366/195 270/367/196 219/368/197
f 201/369/198 204/370/199 200/371/200 196/372/201
f 221/373/202 193/374/203 189/375/204 263/376/205
f 203/377/206 226/378/207 257/379/208 198/380/209
f 187/381/210 190/382/211 194/383/212 192/384/213
f 271/385/214 239/386/187 273/387/215
f 230/388/216 262/389/195 258/390/217 225/391/197
f 229/392/218 260/393/219 262/394/220 230/395/221
f 227/396/202 220/397/222 269/398/223 251/399/224
f 223/400/225 272/401/219 274/402/220 224/403/221
f 215/404/180 206/405/226 246/406/227 231/407/228
f 261/408/229 249/409/230 243/410/85 255/411/231
f 259/412/232 249/413/230 261/414/233
f 245/364/193 252/363/192 268/415/234 232/416/235
f 237/417/190 265/418/236 264/347/177 235/346/176
f 185/419/237 186/420/179 187/421/210
f 188/422/178 189/423/204 190/382/211
f 195/424/182 196/372/201 197/425/183
f 198/426/209 199/354/184 200/427/200
f 268/428/234 269/429/223 270/367/196 267/360/189
f 235/430/176 236/431/238 238/432/239 237/433/190
f 237/433/190 238/432/239 240/434/240 239/435/187
f 239/358/187 240/436/240 234/437/241 233/359/188
f 256/438/185 257/439/208 258/390/217 255/411/231
f 245/440/193 246/441/227 248/442/239 247/443/190
f 247/443/190 248/442/239 250/444/242 249/445/230
f 249/409/230 250/446/242 244/447/86 243/410/85
f 254/448/243 251/449/224 252/363/192 253/362/191
f 259/450/232 260/451/219 254/452/243 253/453/191
f 257/439/208 226/454/207 225/391/197 258/390/217
f 255/411/231 258/390/217 262/389/195 261/408/229
f 261/414/233 262/455/220 260/456/219 259/412/232
f 266/457/243 263/458/205 264/347/177 265/418/236
f 251/399/224 254/459/243 228/460/244 227/396/202
f 271/461/214 272/462/219 266/463/243 265/464/236
f 269/429/223 220/465/222 219/368/197 270/367/196
f 267/360/189 270/367/196 274/366/195 273/357/186
f 273/387/215 274/466/220 272/467/219 271/385/214
f 263/376/205 266/468/243 222/469/244 221/373/202
f 185/419/237 187/421/210 192/470/213 191/471/245
f 188/422/178 190/382/211 187/381/210 186/472/179
f 193/473/203 194/383/212 190/382/211 189/423/204
f 202/474/181 201/369/198 196/372/201 195/424/182
f 198/380/209 200/475/200 204/476/199 203/377/206
f 196/477/201 200/427/200 199/354/184 197/353/183
f 228/460/244 254/459/243 260/393/219 229/392/218
f 208/350/180 241/177/87 244/176/86 209/478/246
f 242/356/88 256/355/185 255/479/231 243/480/85
f 222/469/244 266/468/243 272/401/219 223/400/225
f 215/404/180 231/407/228 234/481/241 216/482/247
f 232/416/235 268/415/234 267/483/189 233/484/188
f 214/485/248 238/486/239 236/487/238 213/488/226
f 240/489/240 212/490/249 218/491/250
f 240/489/240 218/491/250 217/492/251
f 238/432/239 214/493/252 212/494/249 240/434/240
f 207/495/248 248/496/239 246/406/227 206/405/226
f 250/497/242 205/498/253 211/499/254
f 250/497/242 211/499/254 210/500/251
f 248/442/239 207/501/255 205/502/253 250/444/242
f 253/453/191 247/443/190 249/445/230 259/450/232
f 233/503/188 234/481/241 231/407/228 232/504/235
f 250/497/242 210/500/256 209/478/246 244/176/86
f 265/464/236 237/433/190 239/435/187 271/461/214
f 240/489/240 217/492/257 216/482/247 234/481/241
f 241/177/87 195/352/182 197/505/183 242/178/88
f 231/407/228 246/406/227 245/506/193 232/504/235
f 185/419/237 236/487/238 235/507/176 186/420/179
f 263/458/205 189/508/204 188/348/178 264/347/177
f 251/449/224 269/509/223 268/415/234 252/363/192
f 198/426/209 257/510/208 256/355/185 199/354/184
f 191/471/245 213/488/226 236/487/238 185/419/237
f 280/511/258 278/512/259 279/513/260
f 281/514/261 275/515/262 327/516/263 302/517/264
f 328/518/265 277/519/266 278/520/259 356/521/267
f 298/522/268 333/523/269 285/524/270 291/525/271
f 286/526/272 334/527/273 348/528/274 290/529/275
f 328/530/265 356/531/267 358/532/276 329/533/277
f 337/534/278 340/535/279 346/536/280 344/537/281
f 355/538/282 312/539/283 313/540/284 357/541/285
f 292/542/286 287/543/287 289/544/288 293/545/289
f 312/539/283 355/538/282 280/546/258 283/547/290
f 294/548/291 288/549/292 347/550/293 316/551/294
f 276/552/295 282/553/296 284/554/297 279/555/260
f 359/556/298 362/557/299 326/558/300 324/559/301
f 321/560/302 351/561/303 354/562/304 322/563/305
f 316/551/294 347/550/293 350/564/306 318/565/307
f 322/566/308 354/567/309 343/568/310 319/569/311
f 310/570/312 361/571/313 360/572/314 309/573/315
f 349/574/316 336/575/317 342/576/318 352/577/319
f 348/578/274 334/579/273 336/580/317 349/581/316
f 353/582/320 342/583/318 337/534/278 344/537/281
f 302/517/264 327/516/263 330/584/321 304/585/322
f 333/523/269 298/522/268 299/586/323 335/587/324
f 352/588/319 342/589/318 353/590/325
f 290/591/275 288/592/292 289/544/288
f 341/593/326 300/594/327 295/595/328 338/596/329
f 305/597/330 308/598/331 332/599/332 323/600/333
f 325/601/334 326/602/300 340/603/279 339/604/335
f 332/605/332 330/606/321 329/533/277 331/607/336
f 329/608/277 330/584/321 327/516/263 328/518/265
f 323/600/333 332/599/332 331/609/336 324/610/301
f 341/611/326 342/576/318 336/575/317 335/612/324
f 335/612/324 336/575/317 334/613/273 333/614/269
f 338/596/329 339/615/335 340/535/279 337/534/278
f 342/583/318 341/593/326 338/596/329 337/534/278
f 275/616/262 281/617/261 282/553/296 276/552/295
f 343/568/310 344/537/281 346/536/280 345/618/337
f 349/581/316 352/619/319 351/620/303 350/621/306
f 349/581/316 350/621/306 347/622/293 348/578/274
f 353/582/320 344/537/281 343/568/310 354/567/309
f 353/623/325 354/624/304 351/620/303 352/619/319
f 345/618/337 320/625/338 319/569/311 343/568/310
f 364/626/339 363/627/340 358/532/276 357/628/285
f 357/628/285 358/532/276 356/531/267 355/629/282
f 362/557/299 359/556/298 360/572/314 361/571/313
f 345/630/337 346/631/280 362/557/299 361/571/313
f 366/632/341 363/633/340 364/634/339 365/635/342
f 359/556/298 366/632/343 365/635/344 360/572/314
f 357/628/285 313/636/284 311/637/345 314/638/346 364/626/339
f 292/639/286 291/525/271 285/524/270 287/640/287
f 276/641/295 279/513/260 278/512/259 277/642/266
f 284/643/297 283/644/290 280/511/258 279/513/260
f 277/519/266 275/515/262 276/645/295
f 333/523/269 334/527/273 286/526/272 285/524/270
f 293/545/289 289/544/288 288/592/292 294/646/291
f 289/544/288 287/543/287 286/647/272 290/591/275
f 287/640/287 285/524/270 286/526/272
f 317/648/347 318/649/307 350/621/306 351/620/303 321/650/302
f 335/612/324 299/651/348 297/652/349 341/611/326
f 315/653/350 365/654/342 364/655/339 314/656/346
f 365/635/344 315/657/351 309/573/315 360/572/314
f 320/658/338 345/659/337 361/660/313 310/661/312
f 325/601/334 306/662/352 305/663/330 323/664/333
f 339/604/335 296/665/353 306/662/352 325/601/334
f 303/666/354 304/667/355 330/668/321 332/669/332
f 332/670/332 308/671/356 307/672/357
f 332/670/332 307/672/357 303/673/354
f 329/533/277 358/532/276 363/627/340 331/607/336
f 296/665/353 339/604/335 338/674/329 295/675/328
f 341/676/326 297/677/349 301/678/358
f 341/676/326 301/678/358 300/679/359
f 363/680/340 366/681/341 331/682/336
f 331/683/336 366/632/343 359/556/298 324/559/301
f 346/684/280 340/603/279 326/602/300 362/685/299
f 275/515/262 277/519/266 328/518/265 327/516/263
f 355/686/282 356/687/267 278/512/259 280/511/258
f 288/688/292 290/689/275 348/578/274 347/622/293
f 323/600/333 324/610/301 326/690/300 325/691/334
f 419/692/1 422/693/2 450/694/3 448/695/360
f 457/696/5 424/697/6 419/692/1 448/695/360
f 390/698/7 425/699/8 377/700/9 383/701/10
f 378/702/11 426/703/12 440/704/13 382/705/14
f 453/706/15 418/707/16 424/708/6 456/709/17
f 429/710/1 432/711/18 438/712/19 436/713/4
f 406/714/20 455/715/21 458/716/22 407/717/23
f 384/718/24 379/719/25 381/720/26 385/721/27
f 407/717/28 458/716/29 447/722/30 404/723/31
f 386/724/32 380/725/33 439/726/34 408/727/35
f 368/728/36 374/729/37 376/730/38 371/731/39
f 452/732/40 416/733/361 418/707/16 453/706/15
f 413/734/20 443/735/21 446/736/362 414/737/23
f 408/727/35 439/726/34 442/738/42 410/739/43
f 414/737/28 446/736/44 435/740/45 411/741/31
f 401/742/46 451/743/47 454/744/42 403/745/43
f 441/746/15 428/747/16 434/748/48 444/749/17
f 440/704/13 426/703/12 428/747/16 441/746/15
f 445/750/49 434/751/48 429/710/1 436/713/4
f 415/752/50 397/753/51 398/754/52 417/755/53
f 456/709/17 424/708/6 457/756/54
f 425/699/8 390/698/7 391/757/52 427/758/363
f 444/749/17 434/748/48 445/759/54
f 367/760/56 368/761/36 369/762/364
f 370/763/58 371/764/39 372/765/59
f 377/766/9 378/767/11 379/719/25
f 380/725/33 381/768/26 382/769/14
f 423/770/60 399/771/61 394/772/62 420/773/63
f 433/774/64 392/775/65 387/776/66 430/777/67
f 423/778/60 424/779/6 418/780/16 417/781/53
f 417/782/53 418/707/16 416/733/361 415/783/50
f 422/693/2 419/692/1 420/773/63 421/784/68
f 367/785/56 369/786/364 422/787/2 421/788/68
f 419/692/1 424/697/6 423/770/60 420/773/63
f 433/789/64 434/790/48 428/791/16 427/792/363
f 427/793/363 428/747/16 426/703/12 425/794/8
f 432/711/18 429/710/1 430/777/67 431/795/69
f 415/752/50 416/796/361 432/797/18 431/798/69
f 429/710/1 434/751/48 433/774/64 430/777/67
f 435/799/45 436/713/4 438/712/19 437/800/70
f 437/801/70 438/802/19 452/803/40 451/743/47
f 441/746/15 444/749/17 443/804/21 442/805/42
f 441/746/15 442/805/42 439/806/34 440/704/13
f 445/750/49 436/713/4 435/799/45 446/807/44
f 445/759/54 446/808/362 443/804/21 444/749/17
f 437/801/70 412/809/71 411/741/31 435/740/45
f 447/810/30 448/695/360 450/694/3 449/811/72
f 449/812/72 450/813/3 370/814/58 372/815/59
f 453/706/15 456/709/17 455/816/21 454/817/42
f 453/706/15 454/817/42 451/818/47 452/732/40
f 457/696/5 448/695/360 447/810/30 458/819/29
f 457/756/54 458/820/22 455/816/21 456/709/17
f 449/812/72 405/821/73 404/723/31 447/722/30
f 367/785/56 373/822/74 374/823/37 368/824/36
f 370/763/58 369/762/364 368/761/36 371/764/39
f 376/825/38 375/826/75 372/815/59 371/827/39
f 384/718/24 383/828/10 377/766/9 379/719/25
f 380/725/33 386/724/32 385/829/27 381/768/26
f 378/767/11 382/830/14 381/720/26 379/719/25
f 412/809/71 437/801/70 451/743/47 401/742/46
f 409/831/76 410/832/43 442/833/42 443/834/21 413/835/20
f 427/792/363 391/836/77 389/837/78 433/789/64
f 405/821/73 449/812/72 372/815/59 375/826/75
f 402/838/76 403/839/43 454/840/42 455/841/21 406/842/20
f 417/781/53 398/843/77 396/844/79 423/778/60
f 395/845/80 421/788/68 420/846/63 394/847/62
f 423/848/60 396/849/79 400/850/81
f 423/848/60 400/850/81 399/851/82
f 421/788/68 395/845/80 373/822/74 367/785/56
f 388/852/80 431/798/69 430/853/67 387/854/66
f 433/855/64 389/856/78 393/857/83
f 433/855/64 393/857/83 392/858/84
f 431/798/69 388/852/80 397/753/51 415/752/50
f 438/859/19 432/860/18 416/733/361 452/732/40
f 450/861/3 422/862/2 369/762/364 370/763/58
f 425/699/8 426/863/12 378/864/11 377/700/9
f 380/865/33 382/705/14 440/704/13 439/806/34
f 609/866/85 610/867/86 607/868/365 608/869/88
f 511/870/89 514/871/90 542/872/91 540/873/92
f 549/874/93 516/875/366 511/870/89 540/873/92
f 482/876/95 517/877/96 469/878/97 475/879/98
f 470/880/99 518/881/100 532/882/101 474/883/102
f 545/884/103 510/885/367 516/886/366 548/887/105
f 521/888/89 524/889/106 530/890/107 528/891/92
f 498/892/108 547/893/130 550/894/110 499/895/111
f 476/896/112 471/897/113 473/898/114 477/899/115
f 499/895/116 550/894/117 539/900/118 496/901/134
f 478/902/120 472/903/121 531/904/122 500/905/368
f 460/906/124 466/907/125 468/908/126 463/909/127
f 544/910/128 508/911/129 510/885/367 545/884/103
f 505/912/108 535/913/130 538/914/110 506/915/111
f 500/905/368 531/904/122 534/916/137 502/917/132
f 506/915/116 538/914/133 527/918/118 503/919/134
f 493/920/135 543/921/136 546/922/137 495/923/132
f 533/924/369 520/925/104 526/926/138 536/927/139
f 532/882/101 518/881/100 520/925/104 533/924/369
f 537/928/140 526/929/138 521/888/89 528/891/92
f 507/930/141 489/931/370 490/932/371 509/933/372
f 548/934/105 516/935/366 549/936/145
f 517/877/96 482/876/95 483/937/143 519/938/146
f 536/939/139 526/940/138 537/941/373
f 459/942/148 460/943/124 461/944/149
f 462/945/150 463/946/127 464/947/151
f 469/948/97 470/949/99 471/897/113
f 472/950/121 473/898/114 474/951/102
f 515/952/374 491/953/153 486/954/154 512/955/375
f 525/956/156 484/957/157 479/958/158 522/959/159
f 515/960/374 516/961/366 510/962/367 509/963/372
f 509/933/372 510/964/367 508/965/129 507/930/141
f 514/871/90 511/870/89 512/955/375 513/966/160
f 459/942/148 461/944/149 514/967/90 513/968/160
f 511/870/89 516/875/366 515/952/374 512/955/375
f 525/969/156 526/970/138 520/971/104 519/972/146
f 519/938/146 520/973/104 518/974/100 517/877/96
f 524/889/106 521/888/89 522/959/159 523/975/161
f 507/930/141 508/965/129 524/976/106 523/977/161
f 521/888/89 526/929/138 525/956/156 522/959/159
f 527/978/118 528/891/92 530/890/107 529/979/162
f 529/980/162 530/981/107 544/910/128 543/982/136
f 533/924/369 536/927/139 535/983/130 534/984/137
f 533/924/369 534/984/137 531/985/122 532/882/101
f 537/928/140 528/891/92 527/978/118 538/986/133
f 537/987/373 538/988/110 535/983/130 536/927/139
f 529/989/162 504/990/163 503/919/134 527/918/118
f 539/991/118 540/873/92 542/872/91 541/992/164
f 541/993/164 542/994/91 462/945/150 464/947/151
f 545/884/103 548/887/105 547/995/130 546/996/137
f 545/884/103 546/996/137 543/982/136 544/910/128
f 549/874/93 540/873/92 539/991/118 550/997/117
f 549/998/145 550/999/110 547/995/130 548/887/105
f 541/1000/164 497/1001/163 496/901/134 539/900/118
f 459/942/148 465/1002/166 466/1003/125 460/943/124
f 462/945/150 461/1004/149 460/1005/124 463/946/127
f 468/1006/126 467/1007/167 464/947/151 463/946/127
f 476/896/112 475/1008/98 469/948/97 471/897/113
f 472/903/121 478/902/120 477/1009/115 473/1010/114
f 470/949/99 474/951/102 473/898/114 471/897/113
f 504/990/163 529/989/162 543/921/136 493/920/135
f 501/1011/168 502/1012/132 534/984/137 535/983/130 505/1013/108
f 519/938/146 483/937/169 481/1014/170 525/1015/156
f 497/1001/163 541/1000/164 464/1016/151 467/1017/167
f 494/1018/168 495/1019/132 546/996/137 547/995/130 498/1020/108
f 509/933/372 490/932/376 488/1021/377 515/1022/374
f 487/1023/172 513/968/160 512/1024/375 486/1025/154
f 515/1022/374 488/1021/377 492/1026/378
f 515/1022/374 492/1026/378 491/1027/174
f 513/968/160 487/1023/172 465/1002/166 459/942/148
f 480/1028/172 523/977/161 522/1029/159 479/1030/158
f 525/1015/156 481/1014/170 485/1031/175
f 525/1015/156 485/1031/175 484/1032/174
f 523/977/161 480/1028/172 489/931/370 507/930/141
f 530/981/107 524/1033/106 508/911/129 544/910/128
f 542/994/91 514/1034/90 461/1004/149 462/945/150
f 517/877/96 518/974/100 470/1035/99 469/878/97
f 472/1036/121 474/883/102 532/882/101 531/985/122
f 601/1037/176 630/1038/177 554/1039/178 552/1040/379
f 574/1041/180 568/1042/181 561/1043/182 607/868/365
f 563/1044/183 565/1045/184 622/1046/185 608/1047/88
f 639/1048/186 605/1049/380 599/1050/381 633/1051/189
f 613/1052/190 619/1053/191 618/1054/192 611/1055/382
f 590/1056/194 640/1057/195 636/1058/196 585/1059/197
f 567/1060/198 570/1061/199 566/1062/200 562/1063/201
f 587/1064/202 559/1065/203 555/1066/204 629/1067/205
f 569/1068/206 592/1069/207 623/1070/208 564/1071/209
f 553/1072/210 556/1073/211 560/1074/212 558/1075/213
f 637/1076/232 605/1077/380 639/1078/233
f 596/1079/216 628/1080/195 624/1081/217 591/1082/197
f 595/1083/218 626/1084/219 628/1085/383 596/1086/221
f 593/1087/202 586/1088/222 635/1089/223 617/1090/224
f 589/1091/225 638/1092/219 640/1093/383 590/1094/221
f 581/1095/180 572/1096/226 612/1097/227 597/1098/228
f 627/1099/229 615/1100/230 609/1101/85 621/1102/231
f 625/1103/232 615/1104/230 627/1105/233
f 611/1055/382 618/1054/192 634/1106/234 598/1107/235
f 603/1108/190 631/1109/236 630/1038/177 601/1037/176
f 551/1110/237 552/1111/379 553/1112/210
f 554/1113/178 555/1114/204 556/1073/211
f 561/1115/182 562/1063/201 563/1116/183
f 564/1117/209 565/1045/184 566/1118/200
f 634/1119/234 635/1120/223 636/1058/196 633/1051/189
f 601/1121/176 602/1122/238 604/1123/239 603/1124/190
f 603/1124/190 604/1123/239 606/1125/384 605/1126/380
f 605/1049/380 606/1127/384 600/1128/385 599/1050/381
f 622/1129/185 623/1130/208 624/1081/217 621/1102/231
f 611/1131/382 612/1132/227 614/1133/239 613/1134/190
f 613/1134/190 614/1133/239 616/1135/242 615/1136/230
f 615/1100/230 616/1137/242 610/1138/86 609/1101/85
f 620/1139/386 617/1140/224 618/1054/192 619/1053/191
f 625/1141/232 626/1142/219 620/1143/386 619/1144/191
f 623/1130/208 592/1145/207 591/1082/197 624/1081/217
f 621/1102/231 624/1081/217 628/1080/195 627/1099/229
f 627/1105/233 628/1146/383 626/1147/219 625/1103/232
f 632/1148/387 629/1149/205 630/1038/177 631/1109/236
f 617/1090/224 620/1150/386 594/1151/244 593/1087/202
f 637/1152/232 638/1153/219 632/1154/387 631/1155/236
f 635/1120/223 586/1156/222 585/1059/197 636/1058/196
f 633/1051/189 636/1058/196 640/1057/195 639/1048/186
f 639/1078/233 640/1157/383 638/1158/219 637/1076/232
f 629/1067/205 632/1159/387 588/1160/244 587/1064/202
f 551/1110/237 553/1112/210 558/1161/213 557/1162/245
f 554/1113/178 556/1073/211 553/1072/210 552/1163/379
f 559/1164/203 560/1074/212 556/1073/211 555/1114/204
f 568/1165/181 567/1060/198 562/1063/201 561/1115/182
f 564/1071/209 566/1166/200 570/1167/199 569/1068/206
f 562/1168/201 566/1118/200 565/1045/184 563/1044/183
f 594/1151/244 620/1150/386 626/1084/219 595/1083/218
f 574/1041/180 607/868/365 610/867/86 575/1169/246
f 608/1047/88 622/1046/185 621/1170/231 609/1171/85
f 588/1160/244 632/1159/387 638/1092/219 589/1091/225
f 581/1095/180 597/1098/228 600/1172/385 582/1173/247
f 598/1107/235 634/1106/234 633/1174/189 599/1175/381
f 580/1176/248 604/1177/239 602/1178/238 579/1179/226
f 606/1180/384 578/1181/388 584/1182/389
f 606/1180/384 584/1182/389 583/1183/251
f 604/1123/239 580/1184/255 578/1185/388 606/1125/384
f 573/1186/248 614/1187/239 612/1097/227 572/1096/226
f 616/1188/242 571/1189/253 577/1190/254
f 616/1188/242 577/1190/254 576/1191/251
f 614/1133/239 573/1192/255 571/1193/253 616/1135/242
f 619/1144/191 613/1134/190 615/1136/230 625/1141/232
f 599/1194/381 600/1172/385 597/1098/228 598/1195/235
f 616/1188/242 576/1191/256 575/1169/246 610/867/86
f 631/1155/236 603/1124/190 605/1126/380 637/1152/232
f 606/1180/384 583/1183/257 582/1173/247 600/1172/385
f 607/868/365 561/1043/182 563/1196/183 608/869/88
f 597/1098/228 612/1097/227 611/1197/382 598/1195/235
f 551/1110/237 602/1178/238 601/1198/176 552/1111/379
f 629/1149/205 555/1199/204 554/1039/178 630/1038/177
f 617/1140/224 635/1200/223 634/1106/234 618/1054/192
f 564/1117/209 623/1201/208 622/1046/185 565/1045/184
f 557/1162/245 579/1179/226 602/1178/238 551/1110/237
f 646/1202/258 644/1203/259 645/1204/260
f 647/1205/261 641/1206/262 693/1207/263 668/1208/264
f 694/1209/265 643/1210/266 644/1211/259 722/1212/390
f 664/1213/268 699/1214/391 651/1215/270 657/1216/271
f 652/1217/392 700/1218/273 714/1219/274 656/1220/393
f 694/1221/265 722/1222/390 724/1223/276 695/1224/277
f 703/1225/278 706/1226/279 712/1227/280 710/1228/394
f 721/1229/282 678/1230/283 679/1231/284 723/1232/285
f 658/1233/286 653/1234/287 655/1235/288 659/1236/289
f 678/1230/283 721/1229/282 646/1237/258 649/1238/290
f 660/1239/291 654/1240/395 713/1241/293 682/1242/294
f 642/1243/295 648/1244/296 650/1245/297 645/1246/260
f 725/1247/298 728/1248/299 692/1249/300 690/1250/301
f 687/1251/302 717/1252/303 720/1253/304 688/1254/305
f 682/1242/294 713/1241/293 716/1255/306 684/1256/307
f 688/1257/308 720/1258/309 709/1259/310 685/1260/311
f 676/1261/312 727/1262/313 726/1263/314 675/1264/315
f 715/1265/316 702/1266/317 707/1267/396 718/1268/397
f 714/1269/274 700/1270/273 702/1271/317 715/1272/316
f 719/1273/398 707/1274/396 703/1225/278 710/1228/394
f 668/1208/264 693/1207/263 696/1275/321 670/1276/322
f 699/1214/391 664/1213/268 665/1277/323 701/1278/399
f 718/1279/397 707/1280/396 719/1281/400
f 656/1282/393 654/1283/395 655/1235/288
f 708/1284/401 666/1285/327 661/1286/328 704/1287/329
f 671/1288/330 674/1289/331 698/1290/332 689/1291/333
f 691/1292/334 692/1293/300 706/1294/279 705/1295/335
f 698/1296/332 696/1297/321 695/1224/277 697/1298/336
f 695/1299/277 696/1275/321 693/1207/263 694/1209/265
f 689/1291/333 698/1290/332 697/1300/336 690/1301/301
f 708/1302/401 707/1267/396 702/1266/317 701/1303/399
f 701/1303/399 702/1266/317 700/1304/273 699/1305/391
f 704/1287/329 705/1306/335 706/1226/279 703/1225/278
f 707/1274/396 708/1284/401 704/1287/329 703/1225/278
f 641/1307/262 647/1308/261 648/1244/296 642/1243/295
f 709/1259/310 710/1228/394 712/1227/280 711/1309/337
f 715/1272/316 718/1310/397 717/1311/303 716/1312/306
f 715/1272/316 716/1312/306 713/1313/293 714/1269/274
f 719/1273/398 710/1228/394 709/1259/310 720/1258/309
f 719/1314/400 720/1315/304 717/1311/303 718/1310/397
f 711/1309/337 686/1316/338 685/1260/311 709/1259/310
f 730/1317/339 729/1318/340 724/1223/276 723/1319/285
f 723/1319/285 724/1223/276 722/1222/390 721/1320/282
f 728/1248/299 725/1247/298 726/1263/314 727/1262/313
f 711/1321/337 712/1322/280 728/1248/299 727/1262/313
f 732/1323/341 729/1324/340 730/1325/339 731/1326/342
f 725/1247/298 732/1323/343 731/1326/344 726/1263/314
f 723/1319/285 679/1327/284 677/1328/345 680/1329/346 730/1317/339
f 658/1330/286 657/1216/271 651/1215/270 653/1331/287
f 642/1332/295 645/1204/260 644/1203/259 643/1333/266
f 650/1334/297 649/1335/290 646/1202/258 645/1204/260
f 643/1210/266 641/1206/262 642/1336/295
f 699/1214/391 700/1218/273 652/1217/392 651/1215/270
f 659/1236/289 655/1235/288 654/1283/395 660/1337/291
f 655/1235/288 653/1234/287 652/1338/392 656/1282/393
f 653/1331/287 651/1215/270 652/1217/392
f 683/1339/347 684/1340/307 716/1312/306 717/1311/303 687/1341/302
f 701/1303/399 665/1342/348 663/1343/349 708/1302/401
f 681/1344/350 731/1345/342 730/1346/339 680/1347/346
f 731/1326/344 681/1348/351 675/1264/315 726/1263/314
f 686/1349/338 711/1350/337 727/1351/313 676/1352/312
f 691/1292/334 672/1353/352 671/1354/330 689/1355/333
f 705/1295/335 662/1356/353 672/1353/352 691/1292/334
f 669/1357/354 670/1358/355 696/1359/321 698/1360/332
f 698/1361/332 674/1362/356 673/1363/357
f 698/1361/332 673/1363/357 669/1364/354
f 695/1224/277 724/1223/276 729/1318/340 697/1298/336
f 662/1356/353 705/1295/335 704/1365/329 661/1366/328
f 708/1367/401 663/1368/349 667/1369/358
f 708/1367/401 667/1369/358 666/1370/359
f 729/1371/340 732/1372/341 697/1373/336
f 697/1374/336 732/1323/343 725/1247/298 690/1250/301
f 712/1375/280 706/1294/279 692/1293/300 728/1376/299
f 641/1206/262 643/1210/266 694/1209/265 693/1207/263
f 721/1377/282 722/1378/390 644/1203/259 646/1202/258
f 654/1379/395 656/1380/393 714/1269/274 713/1313/293
f 689/1291/333 690/1301/301 692/1381/300 691/1382/334
usemtl drzwiXD
f 1379/2566/1303 1384/2567/1304 1386/2568/1305 1390/2569/1303
f 1395/2570/1306 1378/2571/1306 1376/2572/1307 1394/2573/1307
f 1377/2574/1308 1393/2575/1309 2191/2576/626 2190/2577/626
f 2189/2578/626 1375/2579/626 1387/2580/1310 1383/2581/1303
f 1387/2580/1310 1388/2582/1311 1385/2583/1312 1383/2581/1303
f 1385/2583/1313 1388/2582/1313 1386/2568/1305 1384/2567/1304
f 1381/2584/1314 1382/2585/1315 1392/2586/1316 1389/2587/1317
f 1390/2569/1303 1391/2588/1318 1380/2589/1319 1379/2566/1303
f 1394/2573/1307 1376/2572/1307 1381/2584/1314 1389/2587/1317
f 1391/2588/1318 1392/2586/1320 1382/2585/1321 1380/2589/1319
f 1377/2574/1308 1378/2571/1322 1395/2570/1322 1393/2575/1309
